# Blender 4.0.1
# www.blender.org
mtllib robot_pose_temp_legs.mtl
o Cube.001
v 0.026089 1.125473 -0.685366
v 0.044165 1.142746 -0.682532
v 0.039514 1.109042 -0.708084
v 0.063615 1.132073 -0.704305
v 0.020579 1.129130 -0.730593
v 0.048054 1.155385 -0.726285
v 0.006034 1.142675 -0.699533
v 0.030135 1.165706 -0.695754
v 0.178252 1.010916 -0.994868
v 0.194541 0.996595 -0.974245
v 0.212617 1.013868 -0.971411
v 0.202353 1.033947 -0.991089
v 0.159855 1.022574 -0.969437
v 0.187330 1.048829 -0.965129
v 0.180623 1.001084 -0.950071
v 0.204724 1.024115 -0.946292
v 0.133585 1.043006 -0.986991
v 0.170862 1.078628 -0.981145
v 0.193064 1.061643 -1.019218
v 0.155787 1.026021 -1.025063
v 0.186846 1.072555 -1.029783
v 0.146934 1.034415 -1.036042
v 0.123163 1.052601 -0.995278
v 0.163075 1.090741 -0.989019
v -0.056457 1.227200 -0.778885
v -0.038382 1.244473 -0.776051
v -0.047206 1.215913 -0.806332
v -0.023105 1.238944 -0.802553
v -0.029747 1.191149 -0.787608
v -0.002272 1.217404 -0.783300
v -0.046370 1.207256 -0.758903
v -0.022269 1.230287 -0.755124
v 0.125848 1.075497 -1.054239
v 0.111995 1.098321 -1.067763
v 0.130071 1.115595 -1.064929
v 0.149949 1.098528 -1.050460
v 0.109529 1.084593 -1.026452
v 0.137005 1.110848 -1.022144
v 0.093902 1.107955 -1.048319
v 0.118003 1.130986 -1.044540
v 0.120783 1.058783 -1.001494
v 0.158060 1.094405 -0.995649
v 0.180262 1.077419 -1.033722
v 0.142985 1.041797 -1.039567
v 0.060034 1.147091 -0.713362
v 0.054695 1.116700 -0.702648
v 0.031560 1.116183 -0.694496
v 0.054629 1.138227 -0.690879
v 0.035203 1.133410 -0.680173
v 0.015369 1.132457 -0.690422
v 0.026283 1.114838 -0.718654
v 0.038438 1.154502 -0.686805
v 0.042893 1.164300 -0.708918
v 0.009142 1.132047 -0.714210
v 0.015128 1.156452 -0.692573
v 0.034204 1.143506 -0.735331
v 0.046749 1.103508 -0.720491
v 0.070850 1.126538 -0.716712
v 0.001033 1.148838 -0.705199
v 0.029896 1.123967 -0.739931
v 0.054358 1.147343 -0.736095
v 0.025134 1.171869 -0.701420
v 0.041045 1.160100 -0.728932
v 0.016582 1.136723 -0.732768
v 0.188105 0.996415 -0.962954
v 0.199750 1.044293 -0.977911
v 0.165999 1.012040 -0.983204
v 0.192994 1.020372 -0.997594
v 0.186942 1.001192 -0.984651
v 0.206131 1.002638 -0.973296
v 0.210011 1.023236 -0.981034
v 0.211174 1.018460 -0.959337
v 0.200947 1.039283 -0.955012
v 0.195804 1.008741 -0.944635
v 0.168958 1.040410 -0.966420
v 0.167195 1.007030 -0.960304
v 0.158589 1.027980 -0.975694
v 0.170996 1.066198 -0.985620
v 0.197562 1.039851 -0.996517
v 0.161115 1.031720 -1.014402
v 0.183051 1.051356 -0.971858
v 0.173461 1.016820 -1.000296
v 0.178588 1.040647 -1.029279
v 0.137697 1.027834 -1.007123
v 0.188953 1.076815 -0.999086
v 0.148061 1.064002 -0.976929
v 0.171347 1.050075 -1.040556
v 0.127565 1.036356 -1.016833
v 0.182444 1.088799 -1.008228
v 0.138662 1.075081 -0.984505
v 0.127586 1.047556 -0.990707
v 0.167169 1.085382 -0.984500
v 0.151160 1.029520 -1.031134
v 0.190743 1.067346 -1.024928
v 0.146565 1.042852 -0.989450
v 0.185546 1.055066 -1.010571
v -0.009671 1.232993 -0.792332
v -0.038287 1.231287 -0.807989
v -0.054445 1.222173 -0.791934
v -0.031377 1.244217 -0.788317
v -0.050087 1.238518 -0.776800
v -0.053998 1.217943 -0.769010
v -0.043422 1.200740 -0.797624
v -0.030929 1.239987 -0.765393
v -0.009289 1.228606 -0.768036
v -0.043040 1.196354 -0.773328
v -0.037277 1.221034 -0.751943
v -0.011146 1.199394 -0.786709
v -0.039972 1.210378 -0.818738
v -0.015871 1.233409 -0.814959
v -0.041369 1.201092 -0.753237
v -0.023113 1.189292 -0.799985
v 0.001350 1.212669 -0.796149
v -0.017268 1.224123 -0.749458
v -0.000960 1.211865 -0.776521
v -0.025423 1.188489 -0.780356
v 0.102100 1.102405 -1.060392
v 0.147568 1.108600 -1.037029
v 0.113817 1.076347 -1.042322
v 0.140589 1.084953 -1.056964
v 0.117575 1.086677 -1.063240
v 0.120840 1.107746 -1.069924
v 0.140644 1.108722 -1.059622
v 0.125168 1.124449 -1.056775
v 0.131242 1.125185 -1.033982
v 0.102822 1.123329 -1.049976
v 0.123608 1.096297 -1.017798
v 0.097490 1.092932 -1.039274
v 0.116162 1.080265 -1.023759
v 0.152732 1.088705 -1.006311
v 0.154739 1.092624 -1.045032
v 0.142852 1.054227 -1.035093
v 0.140625 1.103641 -1.019924
v 0.130639 1.069593 -1.048811
v 0.165786 1.056424 -1.043783
v 0.124895 1.043611 -1.021627
v 0.176151 1.092591 -1.013590
v 0.135259 1.079779 -0.991433
v 0.128302 1.065359 -1.010141
v 0.167282 1.077573 -1.031262
v 0.045972 1.123600 -0.689064
v 0.018267 1.121585 -0.704219
v 0.051301 1.153152 -0.699039
v 0.024201 1.145484 -0.683593
v 0.033824 1.109461 -0.730751
v 0.039238 1.139307 -0.741843
v 0.061930 1.111165 -0.715054
v 0.067053 1.141215 -0.725540
v 0.004363 1.138450 -0.719531
v 0.031526 1.146432 -0.736086
v 0.037592 1.170204 -0.714320
v 0.010127 1.162616 -0.698239
v 0.208163 1.033142 -0.968041
v 0.202761 1.003645 -0.957941
v 0.201195 1.010071 -0.987120
v 0.175129 1.001575 -0.973221
v 0.156052 1.056612 -0.982856
v 0.176058 1.041306 -1.017165
v 0.182851 1.065009 -0.997377
v 0.149259 1.032909 -1.002644
v 0.161660 1.018008 -0.988680
v 0.194889 1.049762 -0.983469
v 0.188203 1.026276 -1.003022
v 0.167962 1.041951 -0.969459
v 0.142957 1.069851 -0.980023
v 0.131951 1.031446 -1.012085
v 0.186378 1.083456 -1.003550
v 0.175372 1.045051 -1.035612
v -0.046044 1.236996 -0.793311
v -0.051450 1.207502 -0.783203
v -0.018416 1.239069 -0.778024
v -0.045437 1.231303 -0.762487
v -0.036125 1.195663 -0.809997
v -0.007601 1.197029 -0.794908
v -0.031052 1.225752 -0.820396
v -0.002896 1.227417 -0.804787
v -0.037984 1.190636 -0.767506
v -0.010069 1.197692 -0.783209
v -0.004754 1.222390 -0.762295
v -0.032275 1.214870 -0.746277
v 0.138446 1.119059 -1.047025
v 0.110745 1.117041 -1.062187
v 0.131558 1.095890 -1.066014
v 0.105412 1.087492 -1.052205
v 0.137789 1.079119 -1.003547
v 0.157795 1.063813 -1.037856
v 0.164588 1.087516 -1.018068
v 0.130996 1.055416 -1.023335
v 0.118893 1.070713 -1.037131
v 0.152122 1.102467 -1.031921
v 0.145380 1.079049 -1.051537
v 0.125946 1.093729 -1.017059
vn 0.2239 -0.8194 0.5277
vn 0.4999 -0.6220 0.6027
vn 0.4064 -0.5456 0.7329
vn -0.2153 -0.8376 0.5020
vn 0.7156 -0.3495 0.6048
vn 0.7518 0.0866 0.6537
vn 0.4274 0.2090 0.8796
vn 0.0365 -0.1989 0.9793
vn -0.3622 -0.5455 0.7558
vn -0.7206 -0.6015 -0.3447
vn -0.6413 -0.7619 -0.0910
vn -0.6866 -0.7152 0.1309
vn -0.7930 -0.6052 -0.0706
vn -0.4783 -0.8688 0.1282
vn -0.7082 -0.3483 0.6141
vn -0.8335 -0.5148 0.2006
vn 0.8515 0.4019 0.3367
vn 0.7867 0.6028 0.1330
vn 0.7062 0.6158 0.3493
vn 0.6722 0.7295 -0.1263
vn 0.6338 0.7582 0.1531
vn 0.5021 0.7615 0.4100
vn 0.2669 0.5835 0.7670
vn -0.3488 0.2153 0.9121
vn -0.1735 0.5605 0.8098
vn -0.4549 0.3410 0.8227
vn -0.6783 0.0781 0.7306
vn -0.6923 0.0957 0.7152
vn -0.4700 0.3596 0.8061
vn -0.6783 -0.7269 -0.1077
vn -0.4767 -0.8726 0.1065
vn -0.8074 -0.5001 -0.3132
vn -0.8597 -0.4961 -0.1212
vn -0.6731 -0.7386 -0.0383
vn -0.6085 0.3065 -0.7320
vn -0.4063 0.5455 -0.7331
vn -0.4643 0.5937 -0.6572
vn -0.6570 0.3581 -0.6634
vn -0.1643 0.7310 -0.6623
vn -0.2247 0.7712 -0.5956
vn -0.2874 0.8061 -0.5173
vn -0.5168 0.6350 -0.5742
vn 0.5128 -0.6320 0.5810
vn 0.7276 -0.3591 0.5845
vn 0.2363 -0.8287 0.5075
vn 0.2490 -0.8386 0.4844
vn 0.5267 -0.6425 0.5565
vn 0.7561 0.6439 0.1172
vn 0.5698 0.8160 -0.0972
vn 0.8587 0.4036 0.3159
vn 0.8690 0.3885 0.3065
vn 0.7563 0.6273 0.1858
vn -0.7587 -0.6412 -0.1150
vn -0.5906 -0.6996 -0.4021
vn -0.8419 -0.5095 0.1780
vn 0.4375 0.1608 -0.8847
vn 0.2158 -0.0659 -0.9742
vn 0.3464 -0.2125 -0.9137
vn 0.5681 0.0360 -0.8222
vn -0.0294 -0.2855 -0.9579
vn 0.0793 -0.4311 -0.8988
vn 0.6754 0.7292 0.1099
vn 0.5007 0.7735 0.3885
vn 0.7741 0.6045 -0.1881
vn -0.1879 0.5778 0.7943
vn 0.5366 0.8382 0.0978
vn 0.8716 0.4864 0.0611
vn 0.7283 0.6851 -0.0133
vn 0.9493 -0.0670 0.3073
vn 0.9705 -0.2213 -0.0955
vn 0.9185 0.0627 -0.3904
vn 0.8533 0.4769 -0.2106
vn 0.7407 -0.3688 0.5615
vn 0.6041 -0.6959 0.3883
vn -0.0142 -0.9876 0.1562
vn 0.2026 -0.9552 -0.2159
vn 0.6943 -0.6975 -0.1771
vn 0.2252 -0.5780 -0.7844
vn 0.4835 -0.3763 -0.7903
vn 0.5624 -0.4778 -0.6748
vn -0.0281 -0.8419 -0.5388
vn 0.6897 -0.1341 -0.7115
vn -0.4607 -0.8821 0.0980
vn -0.5176 -0.8411 -0.1567
vn -0.6969 -0.6769 -0.2368
vn -0.4637 -0.7817 -0.4171
vn -0.7021 0.4098 -0.5823
vn -0.8781 -0.4670 0.1041
vn -0.8403 -0.5044 0.1986
vn -0.7119 -0.6933 -0.1121
vn -0.7266 -0.6663 -0.1676
vn 0.8072 -0.4900 0.3292
vn 0.7561 -0.3071 0.5779
vn 0.8043 -0.5024 0.3172
vn -0.2611 0.4162 -0.8710
vn -0.5343 0.2812 -0.7972
vn -0.5194 0.2845 -0.8058
vn 0.1851 -0.8528 0.4884
vn 0.4041 -0.8752 0.2659
vn 0.4184 -0.8713 0.2567
vn 0.6650 -0.7252 0.1783
vn 0.2611 -0.4162 0.8710
vn 0.1312 -0.6664 0.7339
vn 0.1335 -0.6533 0.7452
vn 0.5343 -0.2812 0.7972
vn 0.5195 -0.2845 0.8058
vn -0.4819 -0.7715 -0.4153
vn 0.8436 0.4952 -0.2075
vn 0.8493 0.4899 -0.1969
vn 0.7248 0.6796 0.1132
vn 0.7076 0.7043 0.0572
vn 0.4923 0.7691 0.4076
vn 0.4719 0.8232 0.3158
vn 0.2157 -0.5657 -0.7959
vn 0.2186 -0.5692 -0.7926
vn 0.4762 -0.3672 -0.7990
vn 0.4731 -0.3634 -0.8026
vn 0.6827 -0.1257 -0.7198
vn 0.6798 -0.1222 -0.7232
vn -0.3121 0.6771 0.6664
vn -0.2167 0.5601 0.7996
vn -0.4703 0.3600 0.8058
vn -0.5654 0.4818 0.6695
vn -0.6748 0.1223 0.7278
vn -0.7657 0.2437 0.5953
vn -0.8205 0.3438 0.4567
vn -0.6331 0.5781 0.5147
vn -0.3866 0.7584 0.5247
vn -0.5420 -0.0287 0.8399
vn -0.3330 0.1972 0.9221
vn -0.3961 0.2705 0.8775
vn -0.6064 0.0375 0.7943
vn -0.0902 0.4031 0.9107
vn -0.1460 0.4774 0.8665
vn -0.2628 0.6223 0.7374
vn -0.5224 0.4254 0.7390
vn -0.7246 0.1809 0.6650
vn -0.3454 -0.9026 -0.2571
vn -0.5586 -0.8283 0.0438
vn -0.6348 -0.7723 -0.0256
vn -0.4102 -0.8511 -0.3276
vn -0.6927 -0.6369 0.3385
vn -0.7649 -0.5798 0.2807
vn -0.8938 -0.4264 0.1388
vn -0.7732 -0.6083 -0.1795
vn -0.5378 -0.6988 -0.4717
vn 0.5956 0.5942 0.5405
vn 0.8278 0.4965 0.2612
vn 0.7862 0.5856 0.1972
vn 0.5510 0.6777 0.4870
vn 0.9429 0.3285 -0.0550
vn 0.9057 0.4063 -0.1212
vn 0.7828 0.5632 -0.2646
vn 0.6538 0.7554 0.0443
vn 0.4268 0.8356 0.3459
vn 0.7761 -0.2597 -0.5747
vn 0.5795 -0.5010 -0.6428
vn 0.5353 -0.4421 -0.7197
vn 0.7365 -0.1978 -0.6469
vn 0.3242 -0.6915 -0.6456
vn 0.2761 -0.6377 -0.7191
vn 0.1606 -0.4963 -0.8531
vn 0.4123 -0.2897 -0.8638
vn 0.6224 -0.0550 -0.7807
vn -0.7561 0.3071 -0.5779
vn -0.7395 0.3678 -0.5638
vn -0.9442 0.0606 -0.3237
vn -0.5978 0.6920 -0.4048
vn -0.5254 0.6415 -0.5589
vn -0.9757 0.2105 0.0607
vn -0.6952 0.7029 0.1504
vn -0.1861 0.9650 0.1845
vn 0.0229 0.9848 -0.1721
vn -0.2478 0.8377 -0.4867
vn -0.5261 -0.8413 -0.1243
vn -0.7261 -0.6876 0.0052
vn -0.8670 -0.4928 -0.0735
vn -0.7436 -0.6358 -0.2069
vn -0.8483 -0.4966 0.1838
vn -0.9274 -0.0781 0.3657
vn -0.8663 -0.3907 -0.3114
vn 0.4635 0.8801 -0.1029
vn 0.5258 0.8382 0.1449
vn 0.6844 0.7289 0.0170
vn 0.0476 0.8537 0.5186
vn 0.4873 0.7797 0.3932
vn 0.7007 0.6758 0.2289
vn 0.8668 0.4897 0.0941
vn -0.5693 0.4871 0.6623
vn -0.7063 0.1125 0.6989
vn -0.4848 0.3779 0.7888
vn -0.2014 0.5950 0.7781
vn 0.7273 0.6652 0.1687
vn 0.5072 0.7655 0.3959
vn 0.8709 0.4852 -0.0785
vn 0.5709 -0.4893 -0.6593
vn 0.7826 -0.2283 -0.5792
vn 0.2938 -0.6954 -0.6558
vn -0.7068 -0.7052 -0.0562
vn -0.4938 -0.8189 -0.2925
vn -0.8354 -0.5175 0.1854
vn -0.8551 -0.4064 -0.3221
vn -0.7285 -0.6650 -0.1646
vn -0.7750 -0.6130 -0.1538
vn -0.6569 -0.7461 0.1086
vn -0.5202 -0.8539 0.0122
vn 0.3465 -0.8704 0.3499
vn 0.3160 -0.8411 0.4390
vn 0.5565 -0.6642 0.4992
vn 0.5979 -0.6920 0.4046
vn 0.5089 -0.6290 0.5877
vn 0.6946 -0.4040 0.5952
vn 0.7483 -0.4280 0.5068
vn 0.7907 -0.4459 0.4196
vn -0.2363 0.8287 -0.5075
vn -0.5128 0.6320 -0.5810
vn -0.4985 0.6209 -0.6049
vn -0.7143 0.3485 -0.6069
vn -0.7276 0.3591 -0.5845
vn 0.8570 0.4621 0.2281
vn 0.7059 0.7057 0.0603
vn 0.6544 0.7529 0.0703
vn 0.4811 0.8665 -0.1329
vn 0.4804 0.8698 -0.1127
vn 0.8388 -0.3338 -0.4301
vn 0.6401 -0.5889 -0.4935
vn 0.3719 -0.7800 -0.5033
vn 0.7394 0.5882 0.3276
vn 0.7973 0.6001 0.0648
vn 0.6920 0.7077 -0.1423
vn 0.8391 0.4944 -0.2267
vn 0.7086 0.3213 -0.6282
vn 0.3735 0.5145 -0.7719
vn 0.2234 0.8275 -0.5151
vn -0.2226 0.8184 -0.5298
vn -0.3961 0.5368 -0.7450
vn -0.0175 0.1797 -0.9836
vn -0.3945 -0.2194 -0.8923
vn -0.7400 -0.0931 -0.6661
vn 0.1995 -0.5463 -0.8135
vn -0.2380 -0.5833 -0.7766
vn 0.3590 -0.2271 -0.9053
vn 0.4562 -0.3427 -0.8212
vn 0.6640 -0.1024 -0.7406
vn -0.8486 -0.4041 -0.3414
vn -0.6972 -0.6198 -0.3602
vn -0.4779 -0.7641 -0.4332
vn -0.6280 -0.7619 -0.1587
vn 0.2798 -0.8004 0.5302
vn -0.4810 -0.7726 -0.4143
vn -0.4904 -0.7644 -0.4185
vn -0.7201 -0.6832 -0.1213
vn -0.6764 -0.7282 -0.1107
vn -0.6650 0.7252 -0.1783
vn -0.4041 0.8752 -0.2659
vn -0.4184 0.8713 -0.2567
vn -0.8072 0.4900 -0.3292
vn -0.8043 0.5024 -0.3172
vn -0.1312 0.6664 -0.7339
vn -0.1335 0.6533 -0.7452
vn -0.1851 0.8528 -0.4884
vn 0.6740 -0.1150 -0.7298
vn 0.6710 -0.1114 -0.7330
vn 0.4639 -0.3520 -0.8130
vn 0.4670 -0.3558 -0.8095
vn -0.8436 -0.5003 0.1949
vn -0.7810 -0.5867 0.2142
vn 0.5691 0.7034 0.4259
vn 0.7578 0.6424 0.1142
vn -0.5597 -0.0101 0.8287
vn -0.6743 0.1216 0.7284
vn -0.4698 0.3593 0.8064
vn -0.3547 0.2221 0.9082
vn 0.7166 0.6897 0.1039
vn 0.8374 0.5044 -0.2103
vn 0.8445 0.4941 -0.2065
vn 0.2070 -0.5549 -0.8058
vn 0.2099 -0.5585 -0.8025
vn -0.4382 -0.1274 0.8898
vn -0.2321 0.0839 0.9691
vn -0.2162 0.5594 0.8002
vn -0.1061 0.4233 0.8998
vn -0.0043 0.2873 0.9578
vn -0.7806 0.2675 0.5648
vn -0.5849 0.5084 0.6320
vn -0.3302 0.6980 0.6355
vn -0.6010 -0.5827 -0.5471
vn -0.8324 -0.4843 -0.2693
vn -0.9470 -0.3180 0.0463
vn 0.3365 0.9086 0.2475
vn 0.5480 0.8348 -0.0529
vn 0.6825 0.6438 -0.3458
vn 0.5332 0.0374 -0.8452
vn 0.3243 -0.1873 -0.9272
vn 0.0828 -0.3930 -0.9158
vn -0.4786 -0.7790 -0.4051
vn 0.4890 0.7732 0.4038
vt 0.252644 0.599308
vt 0.255899 0.598859
vt 0.255888 0.601618
vt 0.253580 0.601955
vt 0.259162 0.599323
vt 0.258199 0.601978
vt 0.257378 0.603621
vt 0.255876 0.603614
vt 0.254377 0.603600
vt 0.244611 0.603481
vt 0.249175 0.600800
vt 0.251463 0.603568
vt 0.249346 0.606209
vt 0.253619 0.605185
vt 0.252788 0.607599
vt 0.262660 0.600843
vt 0.260311 0.603626
vt 0.267319 0.603563
vt 0.262412 0.606330
vt 0.258904 0.607676
vt 0.258115 0.605225
vt 0.255861 0.605534
vt 0.255835 0.608056
vt 0.252343 0.609430
vt 0.255834 0.609791
vt 0.255764 0.626452
vt 0.252306 0.626728
vt 0.247627 0.597385
vt 0.251898 0.596225
vt 0.242916 0.599339
vt 0.242155 0.519440
vt 0.247698 0.522394
vt 0.238010 0.603774
vt 0.237415 0.600668
vt 0.273998 0.603825
vt 0.269010 0.599362
vt 0.274570 0.600674
vt 0.269280 0.519345
vt 0.275708 0.520425
vt 0.255904 0.595777
vt 0.259921 0.596222
vt 0.251977 0.523934
vt 0.255729 0.524410
vt 0.264233 0.597388
vt 0.259479 0.523910
vt 0.263751 0.522342
vt 0.248451 0.608253
vt 0.243737 0.606120
vt 0.274063 0.605141
vt 0.268248 0.606257
vt 0.237957 0.605077
vt 0.263272 0.608425
vt 0.259290 0.609479
vt 0.261277 0.519120
vt 0.264183 0.515841
vt 0.258550 0.521055
vt 0.257646 0.519123
vt 0.258710 0.517075
vt 0.259996 0.513784
vt 0.255719 0.521458
vt 0.252886 0.521073
vt 0.253777 0.519136
vt 0.255712 0.519134
vt 0.251391 0.513815
vt 0.255690 0.513010
vt 0.255703 0.516601
vt 0.252699 0.517096
vt 0.250148 0.519157
vt 0.247221 0.515902
vt 0.235742 0.520567
vt 0.240762 0.516850
vt 0.236812 0.509044
vt 0.242302 0.505938
vt 0.245802 0.513456
vt 0.057042 0.266310
vt 0.056866 0.275030
vt 0.050285 0.274851
vt 0.051470 0.265973
vt 0.065655 0.257201
vt 0.065486 0.248068
vt 0.071085 0.248391
vt 0.070496 0.257201
vt 0.050285 0.239552
vt 0.056866 0.239372
vt 0.057042 0.248093
vt 0.051470 0.248430
vt 0.052055 0.257201
vt 0.056875 0.257201
vt 0.049367 0.221837
vt 0.054840 0.219021
vt 0.056539 0.230346
vt 0.050957 0.230617
vt 0.056539 0.284057
vt 0.050957 0.283785
vt 0.054840 0.295381
vt 0.049367 0.292566
vt 0.250607 0.511339
vt 0.260762 0.511301
vt 0.262924 0.503311
vt 0.269029 0.505835
vt 0.265585 0.513384
vt 0.274547 0.508900
vt 0.270655 0.516743
vt 0.248385 0.503368
vt 0.255649 0.502077
vt 0.255681 0.510617
vt 0.280201 0.512078
vt 0.276098 0.519361
vt 0.235344 0.519507
vt 0.231189 0.512263
vt 0.058927 0.218245
vt 0.059629 0.230260
vt 0.059629 0.284142
vt 0.058927 0.296158
vt 0.062489 0.284127
vt 0.062785 0.296319
vt 0.062785 0.218084
vt 0.062489 0.230276
vt 0.059771 0.239325
vt 0.059854 0.247988
vt 0.062479 0.239317
vt 0.062450 0.247952
vt 0.059771 0.275078
vt 0.059854 0.266414
vt 0.062450 0.266451
vt 0.062479 0.275086
vt 0.059816 0.257201
vt 0.062485 0.257201
vt 0.065635 0.239334
vt 0.072255 0.239449
vt 0.252429 0.636869
vt 0.253392 0.634225
vt 0.255694 0.634585
vt 0.255687 0.637357
vt 0.254210 0.632587
vt 0.255706 0.632593
vt 0.257197 0.632606
vt 0.257990 0.634243
vt 0.258913 0.636858
vt 0.244305 0.632644
vt 0.249192 0.629890
vt 0.251288 0.632582
vt 0.248949 0.635352
vt 0.252699 0.628560
vt 0.253478 0.630990
vt 0.260100 0.632638
vt 0.262381 0.635396
vt 0.257952 0.631027
vt 0.258778 0.628623
vt 0.262211 0.630008
vt 0.266941 0.632732
vt 0.255720 0.630679
vt 0.255745 0.628150
vt 0.259219 0.626809
vt 0.263102 0.627971
vt 0.267815 0.630098
vt 0.273593 0.631149
vt 0.243375 0.629961
vt 0.237582 0.631078
vt 0.248332 0.627796
vt 0.251676 0.639936
vt 0.247385 0.638786
vt 0.247628 0.713639
vt 0.242104 0.716617
vt 0.242625 0.636828
vt 0.237084 0.635525
vt 0.237649 0.632389
vt 0.274128 0.635553
vt 0.275580 0.715472
vt 0.269178 0.716582
vt 0.268636 0.636873
vt 0.273538 0.632450
vt 0.259664 0.640007
vt 0.255647 0.640359
vt 0.255632 0.711594
vt 0.251892 0.712085
vt 0.263933 0.638828
vt 0.263653 0.713617
vt 0.259384 0.712066
vt 0.264113 0.720102
vt 0.261198 0.716844
vt 0.259945 0.722175
vt 0.258647 0.718898
vt 0.257574 0.716858
vt 0.258468 0.714925
vt 0.255639 0.714537
vt 0.255643 0.716857
vt 0.253712 0.716864
vt 0.252813 0.714935
vt 0.251356 0.722188
vt 0.252646 0.718906
vt 0.255647 0.719385
vt 0.255652 0.722970
vt 0.250089 0.716860
vt 0.247182 0.720125
vt 0.235696 0.715522
vt 0.250586 0.724664
vt 0.248408 0.732634
vt 0.242320 0.730100
vt 0.245777 0.722574
vt 0.067277 0.295564
vt 0.065810 0.284119
vt 0.071436 0.283945
vt 0.072858 0.292837
vt 0.065810 0.230283
vt 0.067277 0.218838
vt 0.072858 0.221566
vt 0.071436 0.230458
vt 0.065486 0.266335
vt 0.071085 0.266012
vt 0.065635 0.275069
vt 0.072255 0.274953
vt 0.260723 0.724649
vt 0.262923 0.732611
vt 0.255668 0.733883
vt 0.255655 0.725358
vt 0.236821 0.727025
vt 0.240726 0.719210
vt 0.270563 0.719170
vt 0.265524 0.722546
vt 0.231189 0.723838
vt 0.235304 0.716582
vt 0.269001 0.730058
vt 0.280106 0.723770
vt 0.274487 0.726970
vt 0.275975 0.716531
s 1
usemtl Material.001
f 3/1/1 46/2/2 141/3/3 47/4/4
f 46/2/2 4/5/5 48/6/6 141/3/3
f 141/3/3 48/6/6 2/7/7 49/8/8
f 47/4/4 141/3/3 49/8/8 1/9/9
f 5/10/10 51/11/11 142/12/12 54/13/13
f 51/11/11 3/1/14 47/4/4 142/12/12
f 142/12/12 47/4/4 1/9/9 50/14/15
f 54/13/13 142/12/12 50/14/15 7/15/16
f 4/5/17 45/16/18 143/17/19 48/6/6
f 45/16/18 6/18/20 53/19/21 143/17/19
f 143/17/19 53/19/21 8/20/22 52/21/23
f 48/6/6 143/17/19 52/21/23 2/7/7
f 1/9/9 49/8/8 144/22/24 50/14/15
f 49/8/8 2/7/7 52/21/23 144/22/24
f 144/22/24 52/21/23 8/20/25 55/23/26
f 50/14/15 144/22/24 55/23/26 7/15/27
f 59/24/28 152/25/29 180/26/29 111/27/28
f 3/1/14 51/11/11 145/28/30 57/29/31
f 51/11/11 5/10/10 60/30/32 145/28/30
f 60/30/32 13/31/33 76/32/34 145/28/30
f 5/10/35 56/33/36 146/34/37 60/30/38
f 56/35/36 6/18/39 61/36/40 146/37/37
f 61/36/40 14/38/41 75/39/42 146/37/37
f 4/5/5 46/2/2 147/40/43 58/41/44
f 46/2/2 3/1/1 57/29/45 147/40/43
f 147/40/43 57/29/45 15/42/46 74/43/47
f 6/18/20 45/16/18 148/44/48 61/36/49
f 45/16/18 4/5/17 58/41/50 148/44/48
f 148/44/48 58/41/50 16/45/51 73/46/52
f 5/10/10 54/13/13 149/47/53 64/48/54
f 54/13/13 7/15/16 59/24/55 149/47/53
f 6/18/56 56/35/57 150/49/58 63/50/59
f 56/33/57 5/10/60 64/48/61 150/51/58
f 8/20/22 53/19/21 151/52/62 62/53/63
f 53/19/21 6/18/20 63/50/64 151/52/62
f 7/15/27 55/23/26 152/25/29 59/24/28
f 55/23/26 8/20/25 62/53/65 152/25/29
f 14/38/66 73/46/52 153/54/67 66/55/68
f 73/46/52 16/45/51 72/56/69 153/54/67
f 153/54/67 72/56/69 11/57/70 71/58/71
f 66/55/68 153/54/67 71/58/71 12/59/72
f 16/45/73 74/43/47 154/60/74 72/56/69
f 74/43/47 15/42/46 65/61/75 154/60/74
f 154/60/74 65/61/75 10/62/76 70/63/77
f 72/56/69 154/60/74 70/63/77 11/57/70
f 9/64/78 68/65/79 155/66/80 69/67/81
f 68/65/79 12/59/82 71/58/71 155/66/80
f 155/66/80 71/58/71 11/57/70 70/63/77
f 69/67/81 155/66/80 70/63/77 10/62/76
f 15/42/83 76/32/34 156/68/84 65/61/75
f 76/32/34 13/31/33 67/69/85 156/68/84
f 156/68/84 67/69/85 9/64/86 69/67/81
f 65/61/75 156/68/84 69/67/81 10/62/76
f 148/44/48 73/46/52 14/38/66 61/36/49
f 147/40/43 74/43/47 16/45/73 58/41/44
f 146/34/37 75/70/42 13/31/87 60/30/38
f 145/28/30 76/32/34 15/42/83 57/29/31
f 77/71/88 95/72/89 160/73/90 161/74/91
f 19/75/92 85/76/93 159/77/93 96/78/94
f 135/79/95 44/80/96 132/81/97 186/82/95
f 160/83/98 84/84/98 20/85/99 80/86/100
f 158/87/101 83/88/101 19/75/92 96/78/94
f 157/89/102 86/90/102 17/91/103 95/92/104
f 159/77/93 85/76/93 18/93/105 78/94/106
f 78/94/106 18/93/105 86/95/102 157/96/102
f 20/85/99 83/88/101 158/87/101 80/86/100
f 9/64/86 67/69/85 161/74/91 82/97/107
f 67/69/85 13/31/33 77/71/88 161/74/91
f 79/98/108 96/99/109 159/100/110 162/101/111
f 162/101/111 159/100/110 78/102/112 81/103/113
f 14/38/66 66/55/68 162/101/111 81/103/113
f 66/55/68 12/59/72 79/98/108 162/101/111
f 82/97/114 80/104/115 158/105/116 163/106/117
f 163/106/117 158/105/116 96/99/118 79/98/119
f 12/59/82 68/65/79 163/106/117 79/98/119
f 68/65/79 9/64/78 82/97/114 163/106/117
f 81/103/120 78/102/121 157/107/122 164/108/123
f 164/109/123 157/110/122 95/72/124 77/71/125
f 13/31/126 75/70/127 164/109/123 77/71/125
f 75/39/127 14/38/128 81/103/120 164/108/123
f 17/91/129 86/90/130 165/111/131 91/112/132
f 86/95/130 18/93/133 92/113/134 165/114/131
f 165/114/131 92/113/134 24/115/135 90/116/136
f 91/112/132 165/111/131 90/117/136 23/118/137
f 20/85/138 84/84/139 166/119/140 93/120/141
f 84/84/139 17/91/142 91/112/143 166/119/140
f 166/119/140 91/112/143 23/118/144 88/121/145
f 93/120/141 166/119/140 88/121/145 22/122/146
f 18/93/147 85/76/148 167/123/149 92/113/150
f 85/76/148 19/75/151 94/124/152 167/123/149
f 167/123/149 94/124/152 21/125/153 89/126/154
f 92/113/150 167/123/149 89/126/154 24/115/155
f 19/75/156 83/88/157 168/127/158 94/124/159
f 83/88/157 20/85/160 93/120/161 168/127/158
f 168/127/158 93/120/161 22/122/162 87/128/163
f 94/124/159 168/127/158 87/128/163 21/125/164
f 44/80/96 136/129/165 188/130/165 132/81/97
f 27/131/166 99/132/167 169/133/168 98/134/169
f 99/132/167 25/135/170 101/136/171 169/133/168
f 169/133/168 101/136/171 26/137/172 100/138/173
f 98/134/169 169/133/168 100/138/173 28/139/174
f 29/140/175 106/141/176 170/142/177 103/143/178
f 106/141/176 31/144/179 102/145/180 170/142/177
f 170/142/177 102/145/180 25/135/170 99/132/167
f 103/143/178 170/142/177 99/132/167 27/131/181
f 28/139/182 100/138/173 171/146/183 97/147/184
f 100/138/173 26/137/172 104/148/185 171/146/183
f 171/146/183 104/148/185 32/149/186 105/150/187
f 97/147/184 171/146/183 105/150/187 30/151/188
f 25/135/170 102/145/180 172/152/189 101/136/171
f 102/145/180 31/144/190 107/153/191 172/152/189
f 172/152/189 107/153/191 32/149/192 104/148/185
f 101/136/171 172/152/189 104/148/185 26/137/172
f 152/25/29 62/53/65 114/154/65 180/26/29
f 62/53/63 151/52/62 179/155/193 114/154/194
f 151/52/62 63/50/64 115/156/195 179/155/193
f 63/50/59 150/49/58 178/157/196 115/156/197
f 150/51/58 64/48/61 116/158/198 178/159/196
f 64/48/54 149/47/53 177/160/199 116/158/200
f 149/47/53 59/24/55 111/27/201 177/160/199
f 27/131/181 109/161/202 173/162/203 103/143/178
f 173/162/203 128/163/204 37/164/205 112/165/206
f 103/143/178 173/162/203 112/165/206 29/140/175
f 29/140/207 112/165/208 174/166/209 108/167/210
f 174/168/209 127/169/211 38/170/212 113/171/213
f 108/172/210 174/168/209 113/171/213 30/151/214
f 28/139/174 110/173/215 175/174/216 98/134/169
f 175/174/216 126/175/217 39/176/218 109/161/219
f 98/134/169 175/174/216 109/161/219 27/131/166
f 30/151/188 113/171/220 176/177/221 97/147/184
f 176/177/221 125/178/222 40/179/223 110/173/224
f 97/147/184 176/177/221 110/173/224 28/139/182
f 29/140/175 116/158/200 177/160/199 106/141/176
f 106/141/176 177/160/199 111/27/201 31/144/179
f 30/151/225 115/156/197 178/157/196 108/172/226
f 108/167/226 178/159/196 116/158/198 29/140/227
f 32/149/186 114/154/194 179/155/193 105/150/187
f 105/150/187 179/155/193 115/156/195 30/151/188
f 31/144/190 111/27/28 180/26/29 107/153/191
f 107/153/191 180/26/29 114/154/65 32/149/192
f 38/170/228 118/180/229 181/181/230 125/178/222
f 118/180/229 36/182/231 123/183/232 181/181/230
f 181/181/230 123/183/232 35/184/233 124/185/234
f 125/178/222 181/181/230 124/185/234 40/179/223
f 40/179/235 124/185/234 182/186/236 126/175/217
f 124/185/234 35/184/233 122/187/237 182/186/236
f 182/186/236 122/187/237 34/188/238 117/189/239
f 126/175/217 182/186/236 117/189/239 39/176/218
f 33/190/240 121/191/241 183/192/242 120/193/243
f 121/191/241 34/188/238 122/187/237 183/192/242
f 183/192/242 122/187/237 35/184/233 123/183/232
f 120/193/243 183/192/242 123/183/232 36/182/244
f 39/176/245 117/189/239 184/194/246 128/163/204
f 117/189/239 34/188/238 121/191/241 184/194/246
f 184/194/246 121/191/241 33/190/247 119/195/248
f 128/163/204 184/194/246 119/195/248 37/164/205
f 113/171/220 38/170/228 125/178/222 176/177/221
f 126/175/217 175/174/216 110/173/215 40/179/235
f 112/165/208 37/164/249 127/196/211 174/166/209
f 128/163/204 173/162/203 109/161/202 39/176/245
f 134/197/250 132/198/251 188/199/252 189/200/253
f 138/201/254 42/202/255 130/203/256 185/204/254
f 41/205/257 138/206/254 185/207/254 139/208/258
f 43/209/259 135/79/95 186/82/95 140/210/260
f 130/203/256 42/202/255 137/211/261 187/212/261
f 137/211/261 43/209/259 140/210/260 187/212/261
f 136/129/165 41/205/257 139/208/258 188/130/165
f 33/190/247 134/197/250 189/200/253 119/195/248
f 131/213/262 140/214/263 186/215/264 191/216/265
f 188/199/252 139/217/266 129/218/267 189/200/253
f 119/195/248 189/200/253 129/218/267 37/164/205
f 38/170/228 133/219/268 190/220/269 118/180/229
f 129/218/270 139/217/271 185/221/272 192/222/273
f 187/223/274 140/214/275 131/213/276 190/220/269
f 118/180/229 190/220/269 131/213/276 36/182/231
f 36/182/244 131/213/262 191/216/265 120/193/243
f 186/215/264 132/198/277 134/197/278 191/216/265
f 120/193/243 191/216/265 134/197/278 33/190/240
f 37/164/279 129/218/270 192/222/273 127/196/280
f 185/224/272 130/225/281 133/219/282 192/226/273
f 127/169/280 192/226/273 133/219/282 38/170/283
f 41/205/284 23/118/137 90/117/136 138/206/285
f 138/201/285 90/116/136 24/115/135 42/202/286
f 44/80/287 22/122/146 88/121/145 136/129/288
f 136/129/288 88/121/145 23/118/144 41/205/289
f 42/202/290 24/115/155 89/126/154 137/211/291
f 137/211/291 89/126/154 21/125/153 43/209/292
f 43/209/293 21/125/164 87/128/163 135/79/294
f 135/79/294 87/128/163 22/122/162 44/80/295
f 161/74/91 160/73/90 80/104/296 82/97/107
f 133/219/268 130/225/297 187/223/274 190/220/269
f 17/91/103 84/84/98 160/83/98 95/92/104
o Cube.002
v 1.015298 1.814745 -1.018616
v 1.033704 1.828290 -1.021143
v 1.019169 1.788212 -1.049665
v 1.038536 1.794905 -1.060094
v 1.022727 1.806187 -1.010441
v 1.041141 1.819716 -1.012992
v 1.026537 1.779623 -1.041468
v 1.045901 1.786294 -1.051917
v 1.018175 1.790766 -1.047223
v 1.015223 1.812828 -1.021644
v 1.035599 1.827107 -1.025176
v 1.039428 1.798793 -1.057967
v 1.023344 1.803475 -1.012708
v 1.026254 1.781388 -1.038276
v 1.047505 1.789389 -1.049045
v 1.043728 1.817735 -1.016269
v 1.018190 1.795650 -1.042162
v 1.016462 1.808632 -1.027119
v 1.038957 1.818523 -1.033205
v 1.040755 1.805778 -1.048031
v 1.024559 1.799263 -1.018179
v 1.026266 1.786271 -1.033214
v 1.046410 1.799194 -1.041785
v 1.044631 1.811949 -1.026965
v 1.037272 1.821766 -1.032216
v 1.039517 1.805094 -1.051515
v 1.047594 1.795690 -1.042593
v 1.045376 1.812376 -1.023304
v 1.059439 1.822028 -1.042846
v 1.057888 1.811191 -1.052674
v 1.060347 1.808321 -1.049963
v 1.061907 1.819162 -1.040139
v 1.073039 1.814592 -1.060844
v 1.072978 1.810920 -1.064588
v 1.074253 1.809430 -1.063186
v 1.074314 1.813103 -1.059441
v 0.992774 1.831934 -0.980816
v 1.005358 1.849808 -0.973688
v 1.013167 1.818054 -1.013624
v 1.031070 1.832428 -1.014849
v 1.000233 1.823405 -0.972638
v 1.012835 1.841274 -0.965533
v 1.020594 1.809495 -1.005449
v 1.038507 1.823854 -1.006698
v 1.010938 1.819528 -1.011189
v 0.993834 1.830665 -0.984192
v 1.008205 1.850033 -0.977127
v 1.030164 1.835702 -1.011747
v 1.001986 1.821343 -0.975252
v 1.019054 1.810172 -1.002253
v 1.038294 1.826329 -1.002839
v 1.016380 1.840705 -0.968214
v 1.008128 1.822531 -1.005537
v 0.997984 1.829035 -0.989630
v 1.016557 1.845877 -0.985066
v 1.026399 1.839294 -1.000747
v 1.006137 1.819715 -0.980689
v 1.016266 1.813194 -0.996600
v 1.032107 1.832747 -0.994510
v 1.022280 1.839346 -0.978826
v 1.013555 1.847965 -0.984087
v 1.026565 1.839576 -1.004493
v 1.034718 1.830225 -0.995585
v 1.021729 1.838637 -0.975174
v 1.036365 1.857412 -0.985850
v 1.041195 1.850088 -0.997770
v 1.043681 1.847237 -0.995064
v 1.038852 1.854562 -0.983144
v 1.055955 1.859776 -0.999128
v 1.058321 1.857753 -1.003346
v 1.059611 1.856273 -1.001947
v 1.057245 1.858297 -0.997729
v 0.956290 1.829259 -0.950957
v 0.959579 1.846531 -0.936142
v 0.988225 1.832552 -0.976429
v 0.999724 1.850641 -0.968112
v 0.963778 1.820785 -0.942748
v 0.967092 1.838065 -0.927948
v 0.995698 1.824043 -0.968243
v 1.007218 1.842129 -0.959948
v 0.984941 1.832358 -0.974765
v 0.958625 1.829633 -0.953784
v 0.963026 1.848746 -0.938071
v 0.996836 1.852217 -0.964982
v 0.966808 1.820372 -0.944810
v 0.993107 1.823057 -0.965817
v 1.005027 1.842913 -0.956059
v 0.971239 1.839492 -0.929115
v 0.980063 1.832960 -0.969733
v 0.964466 1.831323 -0.957321
v 0.974161 1.849954 -0.942983
v 0.989532 1.851507 -0.955244
v 0.972649 1.822064 -0.948345
v 0.988228 1.823657 -0.960786
v 0.995277 1.845010 -0.948986
v 0.979906 1.843458 -0.936726
v 0.970502 1.850827 -0.942667
v 0.990522 1.852904 -0.958579
v 0.998713 1.843600 -0.949656
v 0.978715 1.841573 -0.933712
v 0.988072 1.865310 -0.934570
v 0.998351 1.864195 -0.944976
v 1.000856 1.861370 -0.942260
v 0.990578 1.862485 -0.931854
v 1.008619 1.877163 -0.938948
v 1.012332 1.876829 -0.942634
v 1.013631 1.875360 -0.941231
v 1.009918 1.875695 -0.937545
v 0.916505 1.808289 -0.936954
v 0.909618 1.820213 -0.918542
v 0.950911 1.827867 -0.947895
v 0.952835 1.844680 -0.932331
v 0.923988 1.799862 -0.928694
v 0.917124 1.811803 -0.910284
v 0.958401 1.819413 -0.939669
v 0.960350 1.836235 -0.924118
v 0.947571 1.826146 -0.947751
v 0.919167 1.810265 -0.938428
v 0.912399 1.823858 -0.918404
v 0.948852 1.844210 -0.930327
v 0.927345 1.801053 -0.929398
v 0.955756 1.816904 -0.938759
v 0.957068 1.834980 -0.921350
v 0.920604 1.814667 -0.909378
v 0.941620 1.823488 -0.945110
v 0.924863 1.814190 -0.939537
v 0.923424 1.829020 -0.919156
v 0.939908 1.838317 -0.924449
v 0.933046 1.804962 -0.930529
v 0.949806 1.814244 -0.936121
v 0.945660 1.831855 -0.918164
v 0.929174 1.822572 -0.912854
v 0.919698 1.828885 -0.919815
v 0.941216 1.840828 -0.926924
v 0.949431 1.831598 -0.917947
v 0.927912 1.819676 -0.910814
v 0.928379 1.844183 -0.902936
v 0.940759 1.848899 -0.909227
v 0.943268 1.846091 -0.906496
v 0.930888 1.841383 -0.900197
v 0.943957 1.861363 -0.897397
v 0.948401 1.863338 -0.899362
v 0.949704 1.861884 -0.897948
v 0.945260 1.859909 -0.895983
v 0.872855 1.770545 -0.936740
v 0.864588 1.781375 -0.918220
v 0.911378 1.804500 -0.936582
v 0.903243 1.815438 -0.918068
v 0.880354 1.762141 -0.928471
v 0.872088 1.772971 -0.909950
v 0.918862 1.796072 -0.928323
v 0.910749 1.807029 -0.909810
v 0.908224 1.801597 -0.937819
v 0.876116 1.773277 -0.937971
v 0.867087 1.785120 -0.917728
v 0.899266 1.813499 -0.917578
v 0.884313 1.764091 -0.928932
v 0.916421 1.792412 -0.928780
v 0.907464 1.804313 -0.908540
v 0.875285 1.775935 -0.908689
v 0.901606 1.795761 -0.937850
v 0.882733 1.779114 -0.937940
v 0.877154 1.791537 -0.916332
v 0.891658 1.804328 -0.916264
v 0.890931 1.769928 -0.928901
v 0.909803 1.786575 -0.928811
v 0.897397 1.797897 -0.909936
v 0.882893 1.785105 -0.910003
v 0.873719 1.790969 -0.917697
v 0.892634 1.807650 -0.917609
v 0.900831 1.798464 -0.908570
v 0.881917 1.781784 -0.908658
v 0.876594 1.804408 -0.897539
v 0.886681 1.811118 -0.899730
v 0.889177 1.808321 -0.896978
v 0.879090 1.801611 -0.894786
v 0.883306 1.820476 -0.885219
v 0.886256 1.823078 -0.885206
v 0.887550 1.821628 -0.883779
v 0.884600 1.819027 -0.883792
v 0.828269 1.731452 -0.937078
v 0.819913 1.742206 -0.918554
v 0.866831 1.765464 -0.936895
v 0.858553 1.776284 -0.918374
v 0.835768 1.723047 -0.928808
v 0.827412 1.733802 -0.910284
v 0.874331 1.757060 -0.928626
v 0.866053 1.767880 -0.910105
v 0.863642 1.762506 -0.938157
v 0.831534 1.734187 -0.938309
v 0.822407 1.745948 -0.918062
v 0.854586 1.774327 -0.917913
v 0.839731 1.725001 -0.929270
v 0.871839 1.753321 -0.929118
v 0.862784 1.765141 -0.908874
v 0.830605 1.736762 -0.909023
v 0.857024 1.756670 -0.938188
v 0.838151 1.740024 -0.938278
v 0.832474 1.752365 -0.916666
v 0.846978 1.765156 -0.916598
v 0.846349 1.730838 -0.929239
v 0.865222 1.747484 -0.929149
v 0.852718 1.758725 -0.910270
v 0.838213 1.745933 -0.910337
v 0.829040 1.751797 -0.918031
v 0.847954 1.768478 -0.917943
v 0.856152 1.759292 -0.908905
v 0.837237 1.742611 -0.908992
v 0.831832 1.765168 -0.897870
v 0.841929 1.771886 -0.900062
v 0.844426 1.769089 -0.897309
v 0.834329 1.762371 -0.895117
v 0.838488 1.781189 -0.885548
v 0.841438 1.783791 -0.885534
v 0.842732 1.782341 -0.884108
v 0.839781 1.779739 -0.884121
v 0.783682 1.692358 -0.937415
v 0.775237 1.703038 -0.918888
v 0.822245 1.726370 -0.937233
v 0.813877 1.737115 -0.918709
v 0.791182 1.683953 -0.929146
v 0.782737 1.694634 -0.910619
v 0.829745 1.717966 -0.928963
v 0.821377 1.728711 -0.910439
v 0.819060 1.723416 -0.938495
v 0.786952 1.695096 -0.938646
v 0.777728 1.706776 -0.918396
v 0.809907 1.735154 -0.918247
v 0.795149 1.685910 -0.929608
v 0.827257 1.714230 -0.929456
v 0.818104 1.725969 -0.909208
v 0.785925 1.697590 -0.909358
v 0.812442 1.717579 -0.938526
v 0.793569 1.700933 -0.938615
v 0.787794 1.713192 -0.917000
v 0.802298 1.725984 -0.916933
v 0.801767 1.691747 -0.929576
v 0.820640 1.708393 -0.929487
v 0.808038 1.719552 -0.910604
v 0.793534 1.706761 -0.910672
v 0.784360 1.712625 -0.918366
v 0.803274 1.729305 -0.918278
v 0.811472 1.720120 -0.909239
v 0.792557 1.703439 -0.909327
v 0.787071 1.725927 -0.898201
v 0.797178 1.732655 -0.900393
v 0.799675 1.729858 -0.897641
v 0.789567 1.723130 -0.895449
v 0.793670 1.741901 -0.885877
v 0.796620 1.744503 -0.885864
v 0.797914 1.743054 -0.884437
v 0.794964 1.740452 -0.884450
v 0.739096 1.653264 -0.937752
v 0.730561 1.663869 -0.919223
v 0.777659 1.687276 -0.937570
v 0.769202 1.697946 -0.919043
v 0.746596 1.644860 -0.929483
v 0.738061 1.655465 -0.910953
v 0.785159 1.678872 -0.929301
v 0.776702 1.689542 -0.910774
v 0.774478 1.684326 -0.938832
v 0.742369 1.656006 -0.938983
v 0.733048 1.667603 -0.918731
v 0.765227 1.695982 -0.918581
v 0.750567 1.646820 -0.929945
v 0.782675 1.675140 -0.929793
v 0.773424 1.686796 -0.909542
v 0.741245 1.658418 -0.909692
v 0.767860 1.678489 -0.938863
v 0.748987 1.661843 -0.938952
v 0.743114 1.674020 -0.917334
v 0.757619 1.686811 -0.917267
v 0.757185 1.652657 -0.929913
v 0.776057 1.669303 -0.929824
v 0.763358 1.680380 -0.910939
v 0.748854 1.667589 -0.911006
v 0.739680 1.673452 -0.918700
v 0.758595 1.690133 -0.918612
v 0.766792 1.680947 -0.909573
v 0.747878 1.664267 -0.909661
v 0.742309 1.686686 -0.898533
v 0.752428 1.693423 -0.900726
v 0.754924 1.690626 -0.897973
v 0.744805 1.683889 -0.895781
v 0.748852 1.702613 -0.886207
v 0.751803 1.705215 -0.886194
v 0.753097 1.703765 -0.884767
v 0.750146 1.701164 -0.884781
v 0.694509 1.614171 -0.938088
v 0.685886 1.624700 -0.919557
v 0.733073 1.648182 -0.937907
v 0.724526 1.658777 -0.919378
v 0.702009 1.605766 -0.929819
v 0.693386 1.616296 -0.911288
v 0.740572 1.639778 -0.929637
v 0.732026 1.650373 -0.911108
v 0.729896 1.645235 -0.939169
v 0.697787 1.616916 -0.939320
v 0.688368 1.628431 -0.919065
v 0.720547 1.656810 -0.918916
v 0.705984 1.607730 -0.930281
v 0.738093 1.636050 -0.930130
v 0.728745 1.647624 -0.909877
v 0.696566 1.619245 -0.910026
v 0.723278 1.639399 -0.939200
v 0.704405 1.622753 -0.939289
v 0.698435 1.634848 -0.917669
v 0.712939 1.647639 -0.917601
v 0.712602 1.613567 -0.930250
v 0.731475 1.630213 -0.930161
v 0.718678 1.641208 -0.911273
v 0.704174 1.628416 -0.911340
v 0.695001 1.634280 -0.919034
v 0.713915 1.650961 -0.918946
v 0.722112 1.641775 -0.909908
v 0.703198 1.625094 -0.909995
v 0.697548 1.647444 -0.898866
v 0.707677 1.654190 -0.901058
v 0.710173 1.651393 -0.898306
v 0.700044 1.644647 -0.896113
v 0.704035 1.663325 -0.886538
v 0.706986 1.665927 -0.886525
v 0.708279 1.664477 -0.885098
v 0.705329 1.661875 -0.885112
v 0.649922 1.575077 -0.938424
v 0.641210 1.585531 -0.919892
v 0.688486 1.609089 -0.938243
v 0.679851 1.619608 -0.919712
v 0.657422 1.566673 -0.930155
v 0.648710 1.577127 -0.911622
v 0.695985 1.600685 -0.929974
v 0.687350 1.611204 -0.911443
v 0.685313 1.606146 -0.939505
v 0.653204 1.577827 -0.939656
v 0.643689 1.589259 -0.919400
v 0.675868 1.617638 -0.919250
v 0.661401 1.568641 -0.930617
v 0.693510 1.596960 -0.930466
v 0.684065 1.608452 -0.910211
v 0.651886 1.580073 -0.910361
v 0.678695 1.600309 -0.939536
v 0.659822 1.583664 -0.939625
v 0.653755 1.595675 -0.918003
v 0.668259 1.608467 -0.917936
v 0.668019 1.574478 -0.930586
v 0.686893 1.591123 -0.930497
v 0.673999 1.602035 -0.911607
v 0.659495 1.589244 -0.911675
v 0.650321 1.595108 -0.919369
v 0.669235 1.611789 -0.919281
v 0.677433 1.602603 -0.910242
v 0.658518 1.585922 -0.910330
v 0.652787 1.608203 -0.899199
v 0.662927 1.614958 -0.901391
v 0.665423 1.612161 -0.898639
v 0.655283 1.605406 -0.896446
v 0.659218 1.624035 -0.886870
v 0.662169 1.626638 -0.886856
v 0.663463 1.625188 -0.885430
v 0.660512 1.622586 -0.885444
v 0.605336 1.535985 -0.938760
v 0.596535 1.546362 -0.920226
v 0.643899 1.569996 -0.938579
v 0.635175 1.580439 -0.920047
v 0.612835 1.527580 -0.930490
v 0.604035 1.537958 -0.911957
v 0.651399 1.561592 -0.930310
v 0.642675 1.572035 -0.911777
v 0.640730 1.567056 -0.939841
v 0.608621 1.538738 -0.939991
v 0.599009 1.550086 -0.919734
v 0.631188 1.578465 -0.919584
v 0.616819 1.529552 -0.930953
v 0.648928 1.557870 -0.930802
v 0.639385 1.569279 -0.910546
v 0.607206 1.540901 -0.910695
v 0.634113 1.561220 -0.939872
v 0.615239 1.544574 -0.939960
v 0.609075 1.556503 -0.918338
v 0.623580 1.569294 -0.918270
v 0.623437 1.535388 -0.930922
v 0.642310 1.552034 -0.930833
v 0.629319 1.562863 -0.911942
v 0.614815 1.550072 -0.912009
v 0.605641 1.555936 -0.919703
v 0.624556 1.572616 -0.919615
v 0.632753 1.563431 -0.910576
v 0.613839 1.546750 -0.910664
v 0.608026 1.568960 -0.899532
v 0.618176 1.575725 -0.901725
v 0.620673 1.572928 -0.898973
v 0.610522 1.566164 -0.896780
v 0.614402 1.584746 -0.887203
v 0.617352 1.587348 -0.887189
v 0.618646 1.585899 -0.885762
v 0.615695 1.583297 -0.885776
v 0.560748 1.496892 -0.939095
v 0.551859 1.507193 -0.920561
v 0.599312 1.530903 -0.938915
v 0.590499 1.541270 -0.920381
v 0.568248 1.488488 -0.930825
v 0.559359 1.498789 -0.912291
v 0.606811 1.522499 -0.930645
v 0.597999 1.532867 -0.912112
v 0.596147 1.527967 -0.940176
v 0.564038 1.499648 -0.940326
v 0.554329 1.510914 -0.920069
v 0.586508 1.539293 -0.919919
v 0.572235 1.490463 -0.931288
v 0.604345 1.518781 -0.931138
v 0.594706 1.530107 -0.910880
v 0.562527 1.501728 -0.911030
v 0.589530 1.522130 -0.940207
v 0.570656 1.505485 -0.940296
v 0.564396 1.517331 -0.918672
v 0.578900 1.530122 -0.918605
v 0.578853 1.496299 -0.931257
v 0.597727 1.512944 -0.931168
v 0.584639 1.523691 -0.912276
v 0.570135 1.510899 -0.912344
v 0.560962 1.516763 -0.920038
v 0.579876 1.533444 -0.919950
v 0.588073 1.524258 -0.910911
v 0.569159 1.507577 -0.910999
v 0.563265 1.529718 -0.899866
v 0.573426 1.536492 -0.902059
v 0.575923 1.533695 -0.899306
v 0.565762 1.526921 -0.897114
v 0.569586 1.545456 -0.887536
v 0.572536 1.548058 -0.887522
v 0.573830 1.546609 -0.886096
v 0.570880 1.544007 -0.886109
v 0.516161 1.457800 -0.939429
v 0.507184 1.468024 -0.920896
v 0.554725 1.491811 -0.939250
v 0.545824 1.502102 -0.920716
v 0.523660 1.449396 -0.931160
v 0.514684 1.459620 -0.912626
v 0.562224 1.483406 -0.930980
v 0.553324 1.493698 -0.912446
v 0.551564 1.488878 -0.940511
v 0.519455 1.460559 -0.940661
v 0.509650 1.471741 -0.920403
v 0.541829 1.500120 -0.920253
v 0.527652 1.451374 -0.931622
v 0.559761 1.479692 -0.931472
v 0.550026 1.490935 -0.911215
v 0.517847 1.462556 -0.911364
v 0.544946 1.483042 -0.940542
v 0.526073 1.466396 -0.940630
v 0.519716 1.478158 -0.919007
v 0.534220 1.490950 -0.918939
v 0.534270 1.457210 -0.931591
v 0.553144 1.473856 -0.931503
v 0.539960 1.484518 -0.912611
v 0.525456 1.471727 -0.912678
v 0.516282 1.477591 -0.920372
v 0.535196 1.494271 -0.920284
v 0.543394 1.485086 -0.911245
v 0.524480 1.468405 -0.911334
v 0.518505 1.490476 -0.900201
v 0.528677 1.497259 -0.902393
v 0.531173 1.494462 -0.899641
v 0.521001 1.487679 -0.897448
v 0.524770 1.506166 -0.887870
v 0.527721 1.508768 -0.887856
v 0.529014 1.507318 -0.886430
v 0.526064 1.504717 -0.886443
v 0.471573 1.418708 -0.939763
v 0.462508 1.428856 -0.921230
v 0.510137 1.452718 -0.939584
v 0.501149 1.462933 -0.921050
v 0.479073 1.410304 -0.931494
v 0.470008 1.420452 -0.912961
v 0.517637 1.444314 -0.931315
v 0.508648 1.454529 -0.912781
v 0.506981 1.449789 -0.940846
v 0.474871 1.421471 -0.940995
v 0.464970 1.432569 -0.920738
v 0.497149 1.460948 -0.920588
v 0.483068 1.412285 -0.931956
v 0.515178 1.440603 -0.931807
v 0.505346 1.451762 -0.911549
v 0.473168 1.423383 -0.911699
v 0.500363 1.443953 -0.940877
v 0.481489 1.427308 -0.940964
v 0.475037 1.438986 -0.919342
v 0.489541 1.451777 -0.919274
v 0.489686 1.418122 -0.931926
v 0.508560 1.434767 -0.931838
v 0.495280 1.445346 -0.912946
v 0.480776 1.432554 -0.913013
v 0.471602 1.438418 -0.920707
v 0.490517 1.455099 -0.920619
v 0.498714 1.445913 -0.911580
v 0.479800 1.429232 -0.911668
v 0.473745 1.451233 -0.900536
v 0.483927 1.458025 -0.902728
v 0.486423 1.455228 -0.899976
v 0.476241 1.448436 -0.897783
v 0.479955 1.466875 -0.888205
v 0.482905 1.469477 -0.888191
v 0.484199 1.468028 -0.886765
v 0.481249 1.465426 -0.886778
v 0.426985 1.379616 -0.940097
v 0.417833 1.389687 -0.921565
v 0.465550 1.413626 -0.939918
v 0.456473 1.423764 -0.921385
v 0.434485 1.371212 -0.931828
v 0.425333 1.381283 -0.913295
v 0.473049 1.405222 -0.931649
v 0.463973 1.415360 -0.913115
v 0.462397 1.410701 -0.941180
v 0.430287 1.382383 -0.941329
v 0.420291 1.393396 -0.921073
v 0.452470 1.421775 -0.920923
v 0.438485 1.373197 -0.932290
v 0.470594 1.401515 -0.932141
v 0.460667 1.412590 -0.911884
v 0.428488 1.384211 -0.912034
v 0.455779 1.404864 -0.941210
v 0.436906 1.388219 -0.941298
v 0.430357 1.399813 -0.919676
v 0.444861 1.412605 -0.919609
v 0.445103 1.379034 -0.932259
v 0.463976 1.395679 -0.932172
v 0.450601 1.406173 -0.913280
v 0.436097 1.393382 -0.913348
v 0.426923 1.399246 -0.921042
v 0.445837 1.415926 -0.920954
v 0.454035 1.406741 -0.911915
v 0.435120 1.390060 -0.912003
v 0.428985 1.411990 -0.900871
v 0.439178 1.418792 -0.903063
v 0.441674 1.415995 -0.900311
v 0.431481 1.409193 -0.898119
v 0.435140 1.427584 -0.888541
v 0.438090 1.430186 -0.888527
v 0.439384 1.428737 -0.887100
v 0.436434 1.426135 -0.887114
v 0.382397 1.340524 -0.940430
v 0.373157 1.350518 -0.921899
v 0.420962 1.374535 -0.940252
v 0.411798 1.384595 -0.921720
v 0.389897 1.332120 -0.932161
v 0.380657 1.342114 -0.913630
v 0.428461 1.366130 -0.931982
v 0.419297 1.376191 -0.913450
v 0.417813 1.371613 -0.941513
v 0.385703 1.343295 -0.941662
v 0.375611 1.354224 -0.921407
v 0.407790 1.382603 -0.921257
v 0.393901 1.334109 -0.932623
v 0.426010 1.362427 -0.932474
v 0.415987 1.373417 -0.912219
v 0.383809 1.345038 -0.912368
v 0.411195 1.365776 -0.941544
v 0.392321 1.349131 -0.941631
v 0.385678 1.360641 -0.920011
v 0.400182 1.373432 -0.919943
v 0.400519 1.339946 -0.932593
v 0.419392 1.356590 -0.932505
v 0.405921 1.367001 -0.913615
v 0.391417 1.354210 -0.913682
v 0.382243 1.360073 -0.921376
v 0.401158 1.376754 -0.921288
v 0.409355 1.367568 -0.912249
v 0.390441 1.350888 -0.912337
v 0.384225 1.372747 -0.901207
v 0.394428 1.379557 -0.903399
v 0.396925 1.376760 -0.900646
v 0.386721 1.369950 -0.898454
v 0.390325 1.388292 -0.888877
v 0.393276 1.390895 -0.888863
v 0.394570 1.389445 -0.887437
v 0.391619 1.386843 -0.887451
v 0.337809 1.301433 -0.940763
v 0.328482 1.311349 -0.922234
v 0.376373 1.335443 -0.940585
v 0.367122 1.345426 -0.922054
v 0.345308 1.293029 -0.932494
v 0.335982 1.302945 -0.913965
v 0.383873 1.327039 -0.932315
v 0.374622 1.337022 -0.913785
v 0.373229 1.332525 -0.941846
v 0.341119 1.304207 -0.941995
v 0.330932 1.315052 -0.921742
v 0.363110 1.343430 -0.921592
v 0.349316 1.295021 -0.932956
v 0.381426 1.323339 -0.932807
v 0.371308 1.334245 -0.912553
v 0.339129 1.305866 -0.912703
v 0.366611 1.326688 -0.941877
v 0.347737 1.310044 -0.941964
v 0.340998 1.321468 -0.920346
v 0.355502 1.334260 -0.920278
v 0.355934 1.300858 -0.932925
v 0.374808 1.317502 -0.932838
v 0.361242 1.327828 -0.913950
v 0.346737 1.315037 -0.914017
v 0.337564 1.320901 -0.921711
v 0.356478 1.337581 -0.921623
v 0.364676 1.328396 -0.912584
v 0.345761 1.311715 -0.912672
v 0.339466 1.333503 -0.901543
v 0.349680 1.340323 -0.903735
v 0.352176 1.337526 -0.900982
v 0.341962 1.330706 -0.898791
v 0.345511 1.349000 -0.889214
v 0.348462 1.351602 -0.889200
v 0.349755 1.350153 -0.887774
v 0.346805 1.347551 -0.887788
v 0.293220 1.262342 -0.941095
v 0.283807 1.272180 -0.922569
v 0.331785 1.296352 -0.940917
v 0.322447 1.306257 -0.922389
v 0.300720 1.253938 -0.932826
v 0.291307 1.263776 -0.914299
v 0.339285 1.287948 -0.932648
v 0.329947 1.297853 -0.914119
v 0.328645 1.293437 -0.942179
v 0.296534 1.265120 -0.942327
v 0.286252 1.275879 -0.922077
v 0.318431 1.304258 -0.921927
v 0.304732 1.255934 -0.933288
v 0.336842 1.284251 -0.933140
v 0.326628 1.295072 -0.912888
v 0.294450 1.266693 -0.913038
v 0.322027 1.287601 -0.942209
v 0.303153 1.270956 -0.942296
v 0.296319 1.282296 -0.920680
v 0.310823 1.295087 -0.920613
v 0.311350 1.261770 -0.933258
v 0.330224 1.278415 -0.933170
v 0.316562 1.288656 -0.914284
v 0.302058 1.275864 -0.914352
v 0.292884 1.281728 -0.922046
v 0.311799 1.298409 -0.921958
v 0.319996 1.289223 -0.912919
v 0.301082 1.272542 -0.913007
v 0.294707 1.294259 -0.901880
v 0.304931 1.301089 -0.904071
v 0.307427 1.298292 -0.901319
v 0.297203 1.291462 -0.899128
v 0.300697 1.309708 -0.889552
v 0.303648 1.312310 -0.889538
v 0.304942 1.310861 -0.888112
v 0.301991 1.308258 -0.888126
v 0.248631 1.223251 -0.941427
v 0.239131 1.233011 -0.922904
v 0.287196 1.257261 -0.941250
v 0.277771 1.267088 -0.922724
v 0.256131 1.214847 -0.933158
v 0.246631 1.224607 -0.914634
v 0.294696 1.248857 -0.932980
v 0.285271 1.258684 -0.914454
v 0.284060 1.254350 -0.942511
v 0.251950 1.226032 -0.942659
v 0.241573 1.236706 -0.922412
v 0.273751 1.265085 -0.922262
v 0.260147 1.216847 -0.933620
v 0.292257 1.245164 -0.933472
v 0.281949 1.255900 -0.913223
v 0.249770 1.227521 -0.913373
v 0.277442 1.248513 -0.942541
v 0.258568 1.231869 -0.942628
v 0.251639 1.243123 -0.921015
v 0.266143 1.255915 -0.920948
v 0.266765 1.222683 -0.933589
v 0.285639 1.239328 -0.933503
v 0.271883 1.249483 -0.914619
v 0.257379 1.236692 -0.914687
v 0.248205 1.242556 -0.922381
v 0.267119 1.259236 -0.922293
v 0.275317 1.250051 -0.913254
v 0.256403 1.233370 -0.913342
v 0.249948 1.255015 -0.902217
v 0.260182 1.261854 -0.904408
v 0.262679 1.259057 -0.901656
v 0.252444 1.252218 -0.899465
v 0.255884 1.270415 -0.889891
v 0.258834 1.273017 -0.889877
v 0.260128 1.271568 -0.888451
v 0.257178 1.268965 -0.888465
v 0.204042 1.184161 -0.941759
v 0.194456 1.193842 -0.923238
v 0.242607 1.218170 -0.941582
v 0.233096 1.227919 -0.923058
v 0.211542 1.175757 -0.933489
v 0.201956 1.185438 -0.914969
v 0.250107 1.209766 -0.933312
v 0.240596 1.219515 -0.914789
v 0.239475 1.215263 -0.942842
v 0.207365 1.186945 -0.942990
v 0.196893 1.197534 -0.922747
v 0.229072 1.225913 -0.922597
v 0.215562 1.177760 -0.933951
v 0.247672 1.206077 -0.933804
v 0.237270 1.216727 -0.913558
v 0.205091 1.188348 -0.913708
v 0.232857 1.209426 -0.942873
v 0.213983 1.192782 -0.942959
v 0.206960 1.203951 -0.921350
v 0.221464 1.216742 -0.921283
v 0.222180 1.183596 -0.933921
v 0.241054 1.200240 -0.933834
v 0.227203 1.210311 -0.914954
v 0.212699 1.197519 -0.915022
v 0.203526 1.203383 -0.922716
v 0.222440 1.220064 -0.922628
v 0.230637 1.210878 -0.913589
v 0.211723 1.194197 -0.913677
v 0.205189 1.215771 -0.902555
v 0.215434 1.222619 -0.904746
v 0.217930 1.219822 -0.901993
v 0.207685 1.212974 -0.899803
v 0.211071 1.231122 -0.890231
v 0.214021 1.233724 -0.890217
v 0.215315 1.232275 -0.888790
v 0.212365 1.229672 -0.888804
v 0.159453 1.145070 -0.942089
v 0.149780 1.154673 -0.923573
v 0.198018 1.179079 -0.941913
v 0.188421 1.188751 -0.923393
v 0.166952 1.136666 -0.933820
v 0.157280 1.146269 -0.915304
v 0.205518 1.170675 -0.933643
v 0.195920 1.180347 -0.915124
v 0.194890 1.176176 -0.943174
v 0.162779 1.147859 -0.943321
v 0.152214 1.158361 -0.923082
v 0.184393 1.186740 -0.922931
v 0.170977 1.138673 -0.934282
v 0.203087 1.166990 -0.934135
v 0.192590 1.177554 -0.913893
v 0.160411 1.149175 -0.914043
v 0.188272 1.170339 -0.943204
v 0.169398 1.153695 -0.943290
v 0.162280 1.164778 -0.921685
v 0.176785 1.177570 -0.921618
v 0.177595 1.144509 -0.934252
v 0.196469 1.161154 -0.934165
v 0.182524 1.171138 -0.915289
v 0.168020 1.158346 -0.915357
v 0.158846 1.164210 -0.923051
v 0.177760 1.180891 -0.922962
v 0.185958 1.171705 -0.913924
v 0.167044 1.155025 -0.914012
v 0.160431 1.176526 -0.902893
v 0.170686 1.183384 -0.905083
v 0.173182 1.180587 -0.902331
v 0.162927 1.173729 -0.900141
v 0.166258 1.191828 -0.890571
v 0.169209 1.194430 -0.890557
v 0.170503 1.192981 -0.889131
v 0.167552 1.190379 -0.889145
v 0.114863 1.105980 -0.942420
v 0.105105 1.115504 -0.923908
v 0.153429 1.139989 -0.942244
v 0.143745 1.149581 -0.923728
v 0.122363 1.097576 -0.934150
v 0.112605 1.107100 -0.915638
v 0.160929 1.131585 -0.933974
v 0.151245 1.141177 -0.915458
v 0.150305 1.137089 -0.943504
v 0.118194 1.108772 -0.943651
v 0.107534 1.119188 -0.923417
v 0.139713 1.147568 -0.923266
v 0.126391 1.099586 -0.934612
v 0.158502 1.127903 -0.934466
v 0.147911 1.138382 -0.914228
v 0.115732 1.110003 -0.914378
v 0.143687 1.131253 -0.943535
v 0.124812 1.114609 -0.943621
v 0.117601 1.125605 -0.922020
v 0.132105 1.138397 -0.921952
v 0.133009 1.105423 -0.934582
v 0.151884 1.122067 -0.934496
v 0.137845 1.131965 -0.915624
v 0.123340 1.119174 -0.915692
v 0.114167 1.125038 -0.923386
v 0.133081 1.141719 -0.923297
v 0.141279 1.132533 -0.914259
v 0.122364 1.115852 -0.914347
v 0.115672 1.137281 -0.903232
v 0.125938 1.144149 -0.905422
v 0.128434 1.141352 -0.902669
v 0.118169 1.134484 -0.900480
v 0.121446 1.152534 -0.890912
v 0.124397 1.155136 -0.890898
v 0.125690 1.153687 -0.889472
v 0.122740 1.151085 -0.889486
v 0.070274 1.066890 -0.942750
v 0.060430 1.076335 -0.924243
v 0.108839 1.100899 -0.942574
v 0.099070 1.110412 -0.924063
v 0.077773 1.058486 -0.934480
v 0.067930 1.067931 -0.915973
v 0.116339 1.092495 -0.934305
v 0.106569 1.102008 -0.915793
v 0.105719 1.098003 -0.943835
v 0.073608 1.069686 -0.943981
v 0.062855 1.080016 -0.923752
v 0.095034 1.108395 -0.923601
v 0.081805 1.060500 -0.934942
v 0.113917 1.088817 -0.934796
v 0.103231 1.099209 -0.914563
v 0.071053 1.070830 -0.914713
v 0.099101 1.092166 -0.943865
v 0.080226 1.075522 -0.943951
v 0.072922 1.086433 -0.922355
v 0.087426 1.099224 -0.922288
v 0.088424 1.066337 -0.934912
v 0.107298 1.082981 -0.934826
v 0.093165 1.092793 -0.915959
v 0.078661 1.080001 -0.916027
v 0.069488 1.085865 -0.923721
v 0.088402 1.102546 -0.923632
v 0.096599 1.093360 -0.914594
v 0.077685 1.076679 -0.914682
v 0.070914 1.098036 -0.903571
v 0.081191 1.104914 -0.905760
v 0.083687 1.102117 -0.903008
v 0.073411 1.095239 -0.900819
v 0.076635 1.113240 -0.891254
v 0.079585 1.115842 -0.891240
v 0.080879 1.114392 -0.889814
v 0.077928 1.111790 -0.889828
v 0.032236 1.029991 -0.946684
v 0.018241 1.034911 -0.929118
v 0.064250 1.061809 -0.942904
v 0.054394 1.071243 -0.924398
v 0.039697 1.021580 -0.938388
v 0.025721 1.026523 -0.920814
v 0.071749 1.053405 -0.934635
v 0.061894 1.062840 -0.916128
v 0.061134 1.058917 -0.944164
v 0.034608 1.032763 -0.947079
v 0.019894 1.038877 -0.927644
v 0.050355 1.069222 -0.923937
v 0.042762 1.023569 -0.938010
v 0.069331 1.049731 -0.935125
v 0.058552 1.060037 -0.914898
v 0.028070 1.029709 -0.918567
v 0.054515 1.053080 -0.944194
v 0.038790 1.038146 -0.945337
v 0.028647 1.046494 -0.923840
v 0.042746 1.060051 -0.922623
v 0.046942 1.028952 -0.936266
v 0.062712 1.043894 -0.935156
v 0.048486 1.053620 -0.916294
v 0.034383 1.040069 -0.917502
v 0.025342 1.045740 -0.925512
v 0.043723 1.063373 -0.923967
v 0.051920 1.054188 -0.914929
v 0.033519 1.036573 -0.916435
v 0.025430 1.057521 -0.904567
v 0.036443 1.065678 -0.906099
v 0.038939 1.062881 -0.903347
v 0.027931 1.054733 -0.901810
v 0.031823 1.073945 -0.891597
v 0.034773 1.076547 -0.891583
v 0.036067 1.075097 -0.890156
v 0.033117 1.072495 -0.890171
v 0.012872 0.992631 -0.967781
v -0.006084 0.987967 -0.955634
v 0.028236 1.025299 -0.948247
v 0.013317 1.028967 -0.931142
v 0.020282 0.984220 -0.959439
v 0.001332 0.979579 -0.947273
v 0.035699 1.016888 -0.939952
v 0.020796 1.020579 -0.922838
v 0.026941 1.022811 -0.950720
v 0.013954 0.995843 -0.966571
v -0.006555 0.991490 -0.952716
v 0.010116 1.026063 -0.932338
v 0.022052 0.986648 -0.957453
v 0.035078 1.013620 -0.941632
v 0.018271 1.016901 -0.923238
v 0.001551 0.982323 -0.943576
v 0.023631 1.017234 -0.953439
v 0.015941 1.001349 -0.962742
v -0.001835 0.999550 -0.944853
v 0.005619 1.015173 -0.935573
v 0.024062 0.992159 -0.953639
v 0.031769 1.008044 -0.944353
v 0.011329 1.008758 -0.929201
v 0.003859 0.993135 -0.938466
v -0.004041 0.998548 -0.947762
v 0.005822 1.018921 -0.935788
v 0.013977 1.009759 -0.926688
v 0.004091 0.989386 -0.938640
v -0.013945 1.002680 -0.925750
v -0.006001 1.014142 -0.921141
v -0.003514 1.011358 -0.918366
v -0.011465 0.999897 -0.922968
v -0.015976 1.017308 -0.907096
v -0.013476 1.021459 -0.905087
v -0.012185 1.020020 -0.903647
v -0.014685 1.015869 -0.905656
v 0.013587 0.960033 -1.001930
v -0.005100 0.947071 -0.998553
v 0.011675 0.987916 -0.971873
v -0.007561 0.982018 -0.960744
v 0.020938 0.951591 -0.993567
v 0.002244 0.938645 -0.990166
v 0.019086 0.979505 -0.963531
v -0.000145 0.973630 -0.952383
v 0.011600 0.985956 -0.974893
v 0.013515 0.963107 -0.999830
v -0.007132 0.949489 -0.995376
v -0.009548 0.978785 -0.963364
v 0.021574 0.953895 -0.990695
v 0.019701 0.976762 -0.965777
v -0.001442 0.969618 -0.954224
v 0.000920 0.940298 -0.986212
v 0.011258 0.980906 -0.979724
v 0.012424 0.967470 -0.994424
v -0.007852 0.955518 -0.984737
v -0.008849 0.968804 -0.970307
v 0.020481 0.958257 -0.985288
v 0.019335 0.971704 -0.970595
v -0.003192 0.962379 -0.963898
v -0.002215 0.949083 -0.978321
v -0.008581 0.955047 -0.988422
v -0.010042 0.972288 -0.969547
v -0.001963 0.963111 -0.960393
v -0.000528 0.945856 -0.979258
v -0.025139 0.949068 -0.970855
v -0.022784 0.960308 -0.961479
v -0.020324 0.957520 -0.958686
v -0.022680 0.946280 -0.968060
v -0.036722 0.956129 -0.951442
v -0.036624 0.959840 -0.947739
v -0.035349 0.958398 -0.946289
v -0.035447 0.954687 -0.949992
v 0.035051 0.941801 -1.039856
v 0.021789 0.924117 -1.046181
v 0.015578 0.956993 -1.007149
v -0.002666 0.943157 -1.005067
v 0.042373 0.933329 -1.031496
v 0.029092 0.915651 -1.037799
v 0.022931 0.948552 -0.998786
v 0.004678 0.934731 -0.996680
v 0.017184 0.956293 -1.010377
v 0.033295 0.943839 -1.037316
v 0.018208 0.924714 -1.043492
v -0.002450 0.940678 -1.008880
v 0.041298 0.934578 -1.028180
v 0.025222 0.947066 -1.001237
v 0.005576 0.931469 -0.999712
v 0.026189 0.915461 -1.034329
v 0.019357 0.952661 -1.015997
v 0.029061 0.945444 -1.031935
v 0.012240 0.926143 -1.032891
v 0.003009 0.933569 -1.017125
v 0.037062 0.936181 -1.022800
v 0.027397 0.943437 -1.006858
v 0.008612 0.927107 -1.010706
v 0.017830 0.919667 -1.026475
v 0.012830 0.926826 -1.036567
v 0.000442 0.936115 -1.016101
v 0.008468 0.926906 -1.006933
v 0.020811 0.917573 -1.027404
v -0.004217 0.912041 -1.027617
v -0.008955 0.919448 -1.015842
v -0.006522 0.916641 -1.013044
v -0.001785 0.909234 -1.024818
v -0.022832 0.908784 -1.012527
v -0.024588 0.911372 -1.008320
v -0.023325 0.909922 -1.006867
v -0.021568 0.907334 -1.011073
v 0.070510 0.942507 -1.070822
v 0.066332 0.924980 -1.085105
v 0.038889 0.940674 -1.044759
v 0.026670 0.922716 -1.052298
v 0.077803 0.933979 -1.062494
v 0.073600 0.916446 -1.076761
v 0.046196 0.932181 -1.036408
v 0.033957 0.914228 -1.043925
v 0.041556 0.941665 -1.047196
v 0.067505 0.942922 -1.068834
v 0.062140 0.923566 -1.083936
v 0.028852 0.921914 -1.056144
v 0.075477 0.933601 -1.059732
v 0.049544 0.932383 -1.038068
v 0.036816 0.912637 -1.046991
v 0.070082 0.914238 -1.074816
v 0.046506 0.941091 -1.052156
v 0.061779 0.941721 -1.065005
v 0.053643 0.920424 -1.075774
v 0.038500 0.919550 -1.063257
v 0.069759 0.932423 -1.055887
v 0.054495 0.931812 -1.043028
v 0.044076 0.913054 -1.056849
v 0.059209 0.913911 -1.069375
v 0.054800 0.922045 -1.078994
v 0.035196 0.921182 -1.062513
v 0.043160 0.911904 -1.053360
v 0.062751 0.912742 -1.069855
v 0.042138 0.901354 -1.080033
v 0.032244 0.903186 -1.069381
v 0.034663 0.900361 -1.066589
v 0.044551 0.898521 -1.077244
v 0.022699 0.889146 -1.073407
v 0.018998 0.889547 -1.069712
v 0.020250 0.888083 -1.068262
v 0.023950 0.887683 -1.071957
v 0.110476 0.961829 -1.086679
v 0.116524 0.949289 -1.104976
v 0.075685 0.944048 -1.074178
v 0.072863 0.926923 -1.089259
v 0.117774 0.953256 -1.078403
v 0.123799 0.940699 -1.096697
v 0.082978 0.935522 -1.065849
v 0.080131 0.918390 -1.080915
v 0.078324 0.945969 -1.075633
v 0.107117 0.960779 -1.085881
v 0.112954 0.946532 -1.105744
v 0.076055 0.927532 -1.092559
v 0.115088 0.951426 -1.076812
v 0.086296 0.936647 -1.066533
v 0.083998 0.918199 -1.083443
v 0.120896 0.937159 -1.096669
v 0.084311 0.948648 -1.078177
v 0.101221 0.957319 -1.084222
v 0.104104 0.939108 -1.101668
v 0.087466 0.930579 -1.095683
v 0.109193 0.947965 -1.075155
v 0.092282 0.939310 -1.069092
v 0.093025 0.924032 -1.089313
v 0.109665 0.932546 -1.095314
v 0.105419 0.942014 -1.103708
v 0.083726 0.930870 -1.095929
v 0.091666 0.921518 -1.086830
v 0.113361 0.932641 -1.094633
v 0.101493 0.919848 -1.114071
v 0.089091 0.915986 -1.107030
v 0.091502 0.913136 -1.104257
v 0.103903 0.916990 -1.111305
v 0.086390 0.901889 -1.117233
v 0.081932 0.899974 -1.115241
v 0.083178 0.898496 -1.113801
v 0.087636 0.900410 -1.115794
v 0.153519 0.998752 -1.087194
v 0.161778 0.987916 -1.105715
v 0.115384 0.965880 -1.087217
v 0.122703 0.954288 -1.105674
v 0.160800 0.990156 -1.078926
v 0.169058 0.979320 -1.097447
v 0.122681 0.957308 -1.078939
v 0.129977 0.945698 -1.097395
v 0.117427 0.968910 -1.087000
v 0.149554 0.996831 -1.086751
v 0.158574 0.984980 -1.106994
v 0.126170 0.956832 -1.107230
v 0.157513 0.987435 -1.077714
v 0.125404 0.959542 -1.077952
v 0.134120 0.947442 -1.098180
v 0.166532 0.975585 -1.097957
v 0.123933 0.974497 -1.087018
v 0.142903 0.991032 -1.086820
v 0.150885 0.975830 -1.105731
v 0.136307 0.963124 -1.105881
v 0.150861 0.981637 -1.077783
v 0.131892 0.965102 -1.077981
v 0.141878 0.956545 -1.099554
v 0.156457 0.969252 -1.099404
v 0.151908 0.979170 -1.107063
v 0.132897 0.962601 -1.107259
v 0.140855 0.953205 -1.098222
v 0.159866 0.969775 -1.098026
v 0.154605 0.959308 -1.120978
v 0.144473 0.952652 -1.118838
v 0.146897 0.949792 -1.116087
v 0.157029 0.956447 -1.118226
v 0.149017 0.941939 -1.132036
v 0.146051 0.939355 -1.132066
v 0.147307 0.937872 -1.130640
v 0.150273 0.940457 -1.130610
v 0.198105 1.037847 -1.086857
v 0.206453 1.027085 -1.105380
v 0.159345 1.004061 -1.087260
v 0.167616 0.993235 -1.105780
v 0.205386 1.029251 -1.078589
v 0.213734 1.018489 -1.097112
v 0.166626 0.995465 -1.078992
v 0.174896 0.984639 -1.097513
v 0.161864 1.007790 -1.086749
v 0.194136 1.035921 -1.086413
v 0.203254 1.024153 -1.106660
v 0.170911 0.995963 -1.106993
v 0.202094 1.026526 -1.077376
v 0.169822 0.998395 -1.077712
v 0.178869 0.986567 -1.097956
v 0.211212 1.014757 -1.097623
v 0.168515 1.013588 -1.086680
v 0.187485 1.030123 -1.086483
v 0.195565 1.015002 -1.105396
v 0.180986 1.002296 -1.105547
v 0.195443 1.020728 -1.077446
v 0.176474 1.004193 -1.077643
v 0.186558 0.995718 -1.099219
v 0.201136 1.008424 -1.099069
v 0.196588 1.018342 -1.106729
v 0.177577 1.001773 -1.106924
v 0.185535 0.992377 -1.097887
v 0.204546 1.008947 -1.097692
v 0.199367 0.998549 -1.120647
v 0.189225 0.991884 -1.118507
v 0.191648 0.989023 -1.115755
v 0.201791 0.995688 -1.117895
v 0.193835 0.981227 -1.131707
v 0.190869 0.978642 -1.131738
v 0.192125 0.977159 -1.130311
v 0.195091 0.979744 -1.130281
v 0.242691 1.076940 -1.086519
v 0.251129 1.066254 -1.105046
v 0.203931 1.043155 -1.086922
v 0.212291 1.032403 -1.105446
v 0.249972 1.068345 -1.078251
v 0.258409 1.057658 -1.096778
v 0.211212 1.034559 -1.078654
v 0.219572 1.023808 -1.097178
v 0.206446 1.046881 -1.086411
v 0.238718 1.075012 -1.086076
v 0.247934 1.063325 -1.106326
v 0.215591 1.035135 -1.106659
v 0.246676 1.065616 -1.077039
v 0.214404 1.037485 -1.077374
v 0.223549 1.025739 -1.097622
v 0.255892 1.053929 -1.097288
v 0.213097 1.052679 -1.086342
v 0.232067 1.069214 -1.086145
v 0.240244 1.054174 -1.105062
v 0.225666 1.041468 -1.105212
v 0.240025 1.059818 -1.077108
v 0.221055 1.043283 -1.077305
v 0.231238 1.034890 -1.098885
v 0.245816 1.047596 -1.098735
v 0.241268 1.057515 -1.106394
v 0.222257 1.040945 -1.106590
v 0.230215 1.031549 -1.097553
v 0.249225 1.048119 -1.097357
v 0.244129 1.037790 -1.120316
v 0.233976 1.031116 -1.118175
v 0.236399 1.028255 -1.115423
v 0.246552 1.034929 -1.117564
v 0.238653 1.020514 -1.131378
v 0.235687 1.017930 -1.131408
v 0.236943 1.016447 -1.129982
v 0.239909 1.019031 -1.129952
v 0.287277 1.116034 -1.086182
v 0.295804 1.105423 -1.104711
v 0.248517 1.082249 -1.086585
v 0.256967 1.071572 -1.105112
v 0.294558 1.107438 -1.077914
v 0.303085 1.096827 -1.096443
v 0.255798 1.073653 -1.078317
v 0.264248 1.062976 -1.096844
v 0.251028 1.085971 -1.086074
v 0.283300 1.114102 -1.085739
v 0.292613 1.102497 -1.105991
v 0.260270 1.074307 -1.106324
v 0.291259 1.104706 -1.076702
v 0.258986 1.076576 -1.077037
v 0.268228 1.064912 -1.097287
v 0.300571 1.093102 -1.096954
v 0.257679 1.091769 -1.086005
v 0.276649 1.108304 -1.085808
v 0.284924 1.093347 -1.104728
v 0.270346 1.080641 -1.104878
v 0.284607 1.098908 -1.076771
v 0.265637 1.082373 -1.076968
v 0.275918 1.074062 -1.098551
v 0.290496 1.086769 -1.098401
v 0.285947 1.096687 -1.106060
v 0.266936 1.080117 -1.106256
v 0.274894 1.070722 -1.097219
v 0.293905 1.087291 -1.097023
v 0.288891 1.077031 -1.119984
v 0.278727 1.070348 -1.117843
v 0.281150 1.067487 -1.115091
v 0.291314 1.074170 -1.117232
v 0.283470 1.059802 -1.131048
v 0.280505 1.057218 -1.131078
v 0.281760 1.055735 -1.129652
v 0.284726 1.058319 -1.129622
v 0.331864 1.155127 -1.085846
v 0.340480 1.144591 -1.104377
v 0.293104 1.121342 -1.086248
v 0.301642 1.110741 -1.104777
v 0.339145 1.146532 -1.077578
v 0.347760 1.135996 -1.096109
v 0.300385 1.112747 -1.077980
v 0.308923 1.102145 -1.096509
v 0.295610 1.125061 -1.085737
v 0.327883 1.153192 -1.085402
v 0.337293 1.141670 -1.105657
v 0.304950 1.113480 -1.105990
v 0.335841 1.143796 -1.076365
v 0.303568 1.115666 -1.076700
v 0.312908 1.104084 -1.096953
v 0.345251 1.132274 -1.096620
v 0.302261 1.130859 -1.085668
v 0.321231 1.147394 -1.085471
v 0.329604 1.132519 -1.104393
v 0.315025 1.119813 -1.104544
v 0.329189 1.137998 -1.076434
v 0.310220 1.121464 -1.076631
v 0.320597 1.113234 -1.098216
v 0.335175 1.125941 -1.098066
v 0.330627 1.135859 -1.105726
v 0.311616 1.119290 -1.105921
v 0.319574 1.109894 -1.096884
v 0.338585 1.126464 -1.096689
v 0.333652 1.116272 -1.119651
v 0.323477 1.109580 -1.117511
v 0.325901 1.106719 -1.114759
v 0.336075 1.113411 -1.116899
v 0.328288 1.099091 -1.130717
v 0.325322 1.096506 -1.130747
v 0.326578 1.095023 -1.129321
v 0.329543 1.097608 -1.129291
v 0.376451 1.194220 -1.085510
v 0.385155 1.183760 -1.104042
v 0.337690 1.160436 -1.085912
v 0.346318 1.149910 -1.104443
v 0.383732 1.185625 -1.077242
v 0.392436 1.175164 -1.095775
v 0.344971 1.151840 -1.077644
v 0.353599 1.141314 -1.096175
v 0.340192 1.164151 -1.085401
v 0.372465 1.192281 -1.085066
v 0.381973 1.180842 -1.105322
v 0.349630 1.152652 -1.105656
v 0.380424 1.182886 -1.076029
v 0.348151 1.154756 -1.076364
v 0.357588 1.143256 -1.096619
v 0.389931 1.171446 -1.096285
v 0.346844 1.169949 -1.085332
v 0.365814 1.186483 -1.085135
v 0.374283 1.171692 -1.104059
v 0.359705 1.158985 -1.104209
v 0.373772 1.177088 -1.076098
v 0.354802 1.160553 -1.076295
v 0.365277 1.152407 -1.097882
v 0.379855 1.165113 -1.097732
v 0.375307 1.175032 -1.105391
v 0.356296 1.158462 -1.105587
v 0.364254 1.149066 -1.096550
v 0.383265 1.165636 -1.096354
v 0.378413 1.155514 -1.119318
v 0.368228 1.148813 -1.117177
v 0.370651 1.145952 -1.114426
v 0.380836 1.152653 -1.116566
v 0.373104 1.138380 -1.130385
v 0.370139 1.135795 -1.130416
v 0.371395 1.134312 -1.128989
v 0.374360 1.136897 -1.128959
v 0.421038 1.233313 -1.085175
v 0.429831 1.222929 -1.103708
v 0.382277 1.199529 -1.085576
v 0.390993 1.189079 -1.104108
v 0.428319 1.224718 -1.076907
v 0.437111 1.214333 -1.095440
v 0.389558 1.190933 -1.077308
v 0.398274 1.180483 -1.095840
v 0.384775 1.203241 -1.085065
v 0.417048 1.231371 -1.084731
v 0.426652 1.220014 -1.104988
v 0.394309 1.191824 -1.105321
v 0.425007 1.221975 -1.075694
v 0.392733 1.193845 -1.076028
v 0.402267 1.182429 -1.096284
v 0.434610 1.210619 -1.095951
v 0.391427 1.209038 -1.084996
v 0.410397 1.225573 -1.084800
v 0.418963 1.210864 -1.103725
v 0.404385 1.198158 -1.103875
v 0.418355 1.216177 -1.075763
v 0.399385 1.199643 -1.075959
v 0.409956 1.191579 -1.097548
v 0.424534 1.204285 -1.097397
v 0.419986 1.214204 -1.105057
v 0.400975 1.197634 -1.105253
v 0.408933 1.188239 -1.096215
v 0.427944 1.204809 -1.096020
v 0.423174 1.194756 -1.118985
v 0.412978 1.188045 -1.116844
v 0.415401 1.185184 -1.114092
v 0.425597 1.191895 -1.116233
v 0.417921 1.177669 -1.130053
v 0.414955 1.175084 -1.130083
v 0.416211 1.173602 -1.128657
v 0.419176 1.176186 -1.128627
v 0.465625 1.272406 -1.084840
v 0.474506 1.262098 -1.103373
v 0.426864 1.238622 -1.085240
v 0.435669 1.228248 -1.103774
v 0.472906 1.263810 -1.076572
v 0.481787 1.253502 -1.095105
v 0.434145 1.230026 -1.076972
v 0.442950 1.219652 -1.095506
v 0.429358 1.242330 -1.084729
v 0.461632 1.270460 -1.084396
v 0.471332 1.259187 -1.104653
v 0.438989 1.230997 -1.104987
v 0.469590 1.261064 -1.075359
v 0.437316 1.232934 -1.075692
v 0.446947 1.221601 -1.095950
v 0.479290 1.249791 -1.095616
v 0.436010 1.248127 -1.084661
v 0.454980 1.264662 -1.084464
v 0.463642 1.250036 -1.103390
v 0.449064 1.237330 -1.103540
v 0.462938 1.255266 -1.075427
v 0.443968 1.238732 -1.075624
v 0.454636 1.230752 -1.097213
v 0.469214 1.243458 -1.097063
v 0.464666 1.253377 -1.104722
v 0.445655 1.236807 -1.104918
v 0.453613 1.227411 -1.095881
v 0.472624 1.243981 -1.095685
v 0.467934 1.233998 -1.118651
v 0.457728 1.227278 -1.116510
v 0.460151 1.224417 -1.113758
v 0.470358 1.231137 -1.115899
v 0.462737 1.216959 -1.129720
v 0.459771 1.214374 -1.129750
v 0.461027 1.212891 -1.128324
v 0.463993 1.215476 -1.128293
v 0.510212 1.311498 -1.084505
v 0.519181 1.301267 -1.103039
v 0.471451 1.277714 -1.084905
v 0.480344 1.267416 -1.103439
v 0.517493 1.302902 -1.076237
v 0.526462 1.292671 -1.094771
v 0.478732 1.269118 -1.076637
v 0.487625 1.258820 -1.095171
v 0.473941 1.281419 -1.084394
v 0.506215 1.309548 -1.084061
v 0.516011 1.298359 -1.104319
v 0.483668 1.270169 -1.104652
v 0.514173 1.300153 -1.075024
v 0.481900 1.272023 -1.075357
v 0.491627 1.260774 -1.095615
v 0.523969 1.288964 -1.095282
v 0.480593 1.287216 -1.084326
v 0.499563 1.303751 -1.084130
v 0.508322 1.289209 -1.103055
v 0.493744 1.276502 -1.103206
v 0.507521 1.294355 -1.075093
v 0.488551 1.277821 -1.075289
v 0.499316 1.269924 -1.096879
v 0.513894 1.282630 -1.096728
v 0.509345 1.292549 -1.104388
v 0.490334 1.275979 -1.104584
v 0.498293 1.266584 -1.095546
v 0.517303 1.283154 -1.095351
v 0.512695 1.273241 -1.118317
v 0.502478 1.266512 -1.116176
v 0.504901 1.263651 -1.113424
v 0.515118 1.270380 -1.115565
v 0.507552 1.256249 -1.129386
v 0.504587 1.253664 -1.129416
v 0.505843 1.252182 -1.127990
v 0.508808 1.254766 -1.127959
v 0.554800 1.350590 -1.084171
v 0.563857 1.340436 -1.102704
v 0.516039 1.316806 -1.084571
v 0.525020 1.306585 -1.103105
v 0.562081 1.341995 -1.075903
v 0.571138 1.331840 -1.094436
v 0.523320 1.308211 -1.076303
v 0.532301 1.297989 -1.094837
v 0.518525 1.320508 -1.084060
v 0.550798 1.348637 -1.083727
v 0.560691 1.337532 -1.103984
v 0.528348 1.309342 -1.104318
v 0.558757 1.339242 -1.074690
v 0.526483 1.311112 -1.075023
v 0.536306 1.299946 -1.095281
v 0.568649 1.328136 -1.094947
v 0.525176 1.326305 -1.083991
v 0.544147 1.342839 -1.083795
v 0.553002 1.328381 -1.102721
v 0.538424 1.315675 -1.102871
v 0.552105 1.333444 -1.074758
v 0.533135 1.316910 -1.074954
v 0.543995 1.309096 -1.096544
v 0.558573 1.321803 -1.096394
v 0.554025 1.331722 -1.104053
v 0.535014 1.315152 -1.104249
v 0.542972 1.305756 -1.095212
v 0.561983 1.322326 -1.095016
v 0.557455 1.312483 -1.117982
v 0.547227 1.305745 -1.115841
v 0.549650 1.302884 -1.113089
v 0.559878 1.309622 -1.115230
v 0.552368 1.295540 -1.129051
v 0.549402 1.292955 -1.129081
v 0.550658 1.291472 -1.127655
v 0.553624 1.294057 -1.127625
v 0.599388 1.389682 -1.083837
v 0.608533 1.379605 -1.102370
v 0.560627 1.355898 -1.084237
v 0.569695 1.345754 -1.102770
v 0.606669 1.381086 -1.075569
v 0.615813 1.371009 -1.094102
v 0.567908 1.347303 -1.075969
v 0.576976 1.337158 -1.094502
v 0.563108 1.359596 -1.083726
v 0.595382 1.387725 -1.083393
v 0.605371 1.376704 -1.103650
v 0.573028 1.348514 -1.103983
v 0.603341 1.378330 -1.074356
v 0.571067 1.350201 -1.074689
v 0.580986 1.339118 -1.094946
v 0.613329 1.367308 -1.094612
v 0.569760 1.365393 -1.083657
v 0.588730 1.381928 -1.083462
v 0.597681 1.367554 -1.102386
v 0.583103 1.354847 -1.102537
v 0.596689 1.372532 -1.074425
v 0.577719 1.355998 -1.074620
v 0.588675 1.348269 -1.096209
v 0.603253 1.360975 -1.096059
v 0.598704 1.370894 -1.103718
v 0.579693 1.354324 -1.103914
v 0.587652 1.344929 -1.094877
v 0.606662 1.361498 -1.094681
v 0.602215 1.351726 -1.117646
v 0.591977 1.344979 -1.115506
v 0.594400 1.342118 -1.112754
v 0.604638 1.348865 -1.114895
v 0.597183 1.334831 -1.128715
v 0.594217 1.332246 -1.128746
v 0.595473 1.330763 -1.127319
v 0.598439 1.333348 -1.127289
v 0.643976 1.428774 -1.083504
v 0.653208 1.418774 -1.102035
v 0.605215 1.394990 -1.083903
v 0.614371 1.384923 -1.102435
v 0.651257 1.420178 -1.075236
v 0.660489 1.410178 -1.093767
v 0.612496 1.386395 -1.075635
v 0.621652 1.376327 -1.094167
v 0.607692 1.398684 -1.083392
v 0.639966 1.426813 -1.083060
v 0.650050 1.415877 -1.103315
v 0.617707 1.387687 -1.103648
v 0.647925 1.417418 -1.074023
v 0.615650 1.389289 -1.074355
v 0.625665 1.378291 -1.094611
v 0.658008 1.406481 -1.094278
v 0.614344 1.404482 -1.083324
v 0.633314 1.421016 -1.083128
v 0.642361 1.406726 -1.102051
v 0.627783 1.394020 -1.102202
v 0.641273 1.411620 -1.074091
v 0.622302 1.395086 -1.074287
v 0.633354 1.387442 -1.095875
v 0.647932 1.400148 -1.095724
v 0.643384 1.410066 -1.103384
v 0.624373 1.393497 -1.103580
v 0.632331 1.384101 -1.094543
v 0.651342 1.400671 -1.094347
v 0.646975 1.390970 -1.117311
v 0.636726 1.384213 -1.115170
v 0.639149 1.381352 -1.112419
v 0.649398 1.388109 -1.114559
v 0.641997 1.374123 -1.128379
v 0.639032 1.371538 -1.128409
v 0.640288 1.370055 -1.126983
v 0.643253 1.372640 -1.126953
v 0.688564 1.467865 -1.083171
v 0.697883 1.457942 -1.101700
v 0.649803 1.434082 -1.083570
v 0.659046 1.424092 -1.102101
v 0.695845 1.459269 -1.074903
v 0.705164 1.449347 -1.093432
v 0.657084 1.425486 -1.075302
v 0.666327 1.415496 -1.093833
v 0.652276 1.437772 -1.083059
v 0.684550 1.465901 -1.082727
v 0.694729 1.455049 -1.102980
v 0.662387 1.426859 -1.103314
v 0.692509 1.456506 -1.073690
v 0.660234 1.428377 -1.074022
v 0.670344 1.417463 -1.094277
v 0.702687 1.445654 -1.093943
v 0.658928 1.443570 -1.082991
v 0.677899 1.460103 -1.082796
v 0.687040 1.445899 -1.101717
v 0.672462 1.433192 -1.101867
v 0.685857 1.450708 -1.073759
v 0.666886 1.434174 -1.073954
v 0.678034 1.426614 -1.095540
v 0.692612 1.439320 -1.095390
v 0.688063 1.449239 -1.103049
v 0.669053 1.432669 -1.103245
v 0.677011 1.423274 -1.094208
v 0.696021 1.439843 -1.094012
v 0.691734 1.430213 -1.116974
v 0.681475 1.423447 -1.114834
v 0.683898 1.420586 -1.112083
v 0.694157 1.427352 -1.114222
v 0.686811 1.413415 -1.128042
v 0.683846 1.410830 -1.128072
v 0.685102 1.409347 -1.126646
v 0.688067 1.411932 -1.126615
v 0.733153 1.506956 -1.082839
v 0.742559 1.497112 -1.101366
v 0.694391 1.473173 -1.083237
v 0.703722 1.463261 -1.101766
v 0.740434 1.498361 -1.074571
v 0.749839 1.488515 -1.093098
v 0.701672 1.464577 -1.074969
v 0.711002 1.454665 -1.093498
v 0.696861 1.476860 -1.082727
v 0.729135 1.504988 -1.082395
v 0.739409 1.494222 -1.102645
v 0.707066 1.466032 -1.102979
v 0.737093 1.495593 -1.073358
v 0.704819 1.467464 -1.073690
v 0.715024 1.456636 -1.093942
v 0.747367 1.484826 -1.093608
v 0.703512 1.482657 -1.082658
v 0.722483 1.499191 -1.082463
v 0.731719 1.485071 -1.101382
v 0.717142 1.472365 -1.101532
v 0.730441 1.489796 -1.073426
v 0.711471 1.473262 -1.073621
v 0.722713 1.465786 -1.095205
v 0.737291 1.478493 -1.095055
v 0.732743 1.488412 -1.102714
v 0.713732 1.471842 -1.102910
v 0.721690 1.462446 -1.093873
v 0.740701 1.479016 -1.093677
v 0.736493 1.469457 -1.116637
v 0.726223 1.462681 -1.114498
v 0.728647 1.459820 -1.111746
v 0.738917 1.466596 -1.113886
v 0.731625 1.452707 -1.127704
v 0.728660 1.450122 -1.127734
v 0.729916 1.448640 -1.126308
v 0.732881 1.451224 -1.126277
v 0.777742 1.546047 -1.082507
v 0.787234 1.536281 -1.101031
v 0.738980 1.512264 -1.082905
v 0.748397 1.502430 -1.101431
v 0.785023 1.537451 -1.074239
v 0.794515 1.527685 -1.092763
v 0.746261 1.503669 -1.074637
v 0.755678 1.493834 -1.093163
v 0.741445 1.515947 -1.082394
v 0.773720 1.544076 -1.082063
v 0.784088 1.533394 -1.102310
v 0.751746 1.505204 -1.102644
v 0.781678 1.534680 -1.073026
v 0.749403 1.506552 -1.073357
v 0.759703 1.495808 -1.093607
v 0.792046 1.523999 -1.093273
v 0.748097 1.521745 -1.082326
v 0.767068 1.538278 -1.082132
v 0.776399 1.524244 -1.101047
v 0.761821 1.511537 -1.101197
v 0.775026 1.528883 -1.073094
v 0.756055 1.512349 -1.073289
v 0.767393 1.504959 -1.094870
v 0.781971 1.517665 -1.094720
v 0.777422 1.527584 -1.102379
v 0.758411 1.511014 -1.102575
v 0.766369 1.501619 -1.093538
v 0.785380 1.518189 -1.093342
v 0.781252 1.508701 -1.116300
v 0.770972 1.501916 -1.114161
v 0.773395 1.499055 -1.111409
v 0.783675 1.505840 -1.113548
v 0.776439 1.492000 -1.127365
v 0.773473 1.489415 -1.127396
v 0.774729 1.487932 -1.125969
v 0.777694 1.490517 -1.125939
v 0.822331 1.585138 -1.082175
v 0.831910 1.575449 -1.100696
v 0.783569 1.551355 -1.082573
v 0.793072 1.541599 -1.101097
v 0.829612 1.576542 -1.073908
v 0.839190 1.566853 -1.092428
v 0.790849 1.542759 -1.074305
v 0.800353 1.533003 -1.092829
v 0.786030 1.555034 -1.082063
v 0.818305 1.583163 -1.081732
v 0.828768 1.572567 -1.101976
v 0.796425 1.544377 -1.102309
v 0.826263 1.573767 -1.072695
v 0.793988 1.545639 -1.073026
v 0.804383 1.534981 -1.093272
v 0.836726 1.563171 -1.092938
v 0.792682 1.560832 -1.081995
v 0.811653 1.577365 -1.081800
v 0.821078 1.563416 -1.100712
v 0.806500 1.550710 -1.100863
v 0.819611 1.567970 -1.072763
v 0.800640 1.551436 -1.072958
v 0.812072 1.544132 -1.094535
v 0.826650 1.556838 -1.094385
v 0.822102 1.566757 -1.102044
v 0.803091 1.550187 -1.102240
v 0.811049 1.540791 -1.093203
v 0.830060 1.557361 -1.093007
v 0.826011 1.547945 -1.115963
v 0.815720 1.541151 -1.113824
v 0.818144 1.538290 -1.111072
v 0.828434 1.545084 -1.113211
v 0.821252 1.531293 -1.127025
v 0.818286 1.528708 -1.127056
v 0.819542 1.527225 -1.125630
v 0.822508 1.529810 -1.125599
v 0.866920 1.624228 -1.081845
v 0.876585 1.614618 -1.100361
v 0.828158 1.590446 -1.082242
v 0.837748 1.580768 -1.100762
v 0.874201 1.615632 -1.073577
v 0.883866 1.606022 -1.092093
v 0.835438 1.581850 -1.073974
v 0.845029 1.572172 -1.092494
v 0.830615 1.594121 -1.081732
v 0.862890 1.622250 -1.081401
v 0.873447 1.611740 -1.101641
v 0.841104 1.583549 -1.101974
v 0.870848 1.612854 -1.072364
v 0.838573 1.584726 -1.072695
v 0.849062 1.574154 -1.092937
v 0.881405 1.602344 -1.092604
v 0.837267 1.599919 -1.081664
v 0.856238 1.616452 -1.081469
v 0.865758 1.602589 -1.100377
v 0.851180 1.589883 -1.100528
v 0.864196 1.607057 -1.072432
v 0.845225 1.590523 -1.072627
v 0.856751 1.583304 -1.094200
v 0.871330 1.596011 -1.094050
v 0.866781 1.605929 -1.101709
v 0.847770 1.589360 -1.101905
v 0.855728 1.579964 -1.092868
v 0.874739 1.596534 -1.092672
v 0.870769 1.587190 -1.115624
v 0.860468 1.580386 -1.113486
v 0.862892 1.577525 -1.110734
v 0.873192 1.584329 -1.112872
v 0.866064 1.570587 -1.126685
v 0.863099 1.568002 -1.126716
v 0.864355 1.566519 -1.125290
v 0.867320 1.569104 -1.125259
v 0.911509 1.663318 -1.081514
v 0.921260 1.653787 -1.100026
v 0.872747 1.629536 -1.081911
v 0.882423 1.619937 -1.100427
v 0.918790 1.654722 -1.073246
v 0.928541 1.645191 -1.091758
v 0.880028 1.620940 -1.073643
v 0.889704 1.611341 -1.092159
v 0.875200 1.633208 -1.081401
v 0.907475 1.661336 -1.081071
v 0.918127 1.650912 -1.101306
v 0.885784 1.622722 -1.101639
v 0.915434 1.651941 -1.072034
v 0.883159 1.623813 -1.072364
v 0.893742 1.613326 -1.092602
v 0.926085 1.641517 -1.092269
v 0.881852 1.639005 -1.081333
v 0.900823 1.655539 -1.081139
v 0.910437 1.641761 -1.100042
v 0.895859 1.629055 -1.100193
v 0.908782 1.646143 -1.072102
v 0.889811 1.629610 -1.072296
v 0.901431 1.622477 -1.093866
v 0.916009 1.635183 -1.093715
v 0.911460 1.645102 -1.101374
v 0.892450 1.628532 -1.101570
v 0.900408 1.619137 -1.092533
v 0.919419 1.635706 -1.092337
v 0.915527 1.626435 -1.115286
v 0.905216 1.619621 -1.113148
v 0.907640 1.616760 -1.110396
v 0.917951 1.623574 -1.112534
v 0.910876 1.609881 -1.126344
v 0.907911 1.607296 -1.126375
v 0.909167 1.605813 -1.124949
v 0.912132 1.608398 -1.124918
v 0.956099 1.702408 -1.081184
v 0.965936 1.692956 -1.099692
v 0.917336 1.668626 -1.081581
v 0.927098 1.659106 -1.100092
v 0.963380 1.693812 -1.072916
v 0.973217 1.684361 -1.091424
v 0.924617 1.660030 -1.073313
v 0.934379 1.650510 -1.091824
v 0.919786 1.672294 -1.081071
v 0.952061 1.700422 -1.080741
v 0.962806 1.690085 -1.100971
v 0.930463 1.661895 -1.101304
v 0.960019 1.691027 -1.071704
v 0.927744 1.662899 -1.072034
v 0.938421 1.652499 -1.092267
v 0.970764 1.680689 -1.091933
v 0.926438 1.678092 -1.081003
v 0.945409 1.694625 -1.080809
v 0.955117 1.680934 -1.099707
v 0.940539 1.668228 -1.099858
v 0.953367 1.685230 -1.071772
v 0.934396 1.668696 -1.071966
v 0.946110 1.661650 -1.093531
v 0.960688 1.674356 -1.093380
v 0.956140 1.684275 -1.101039
v 0.937129 1.667705 -1.101236
v 0.945087 1.658309 -1.092198
v 0.964098 1.674879 -1.092002
v 0.960285 1.665680 -1.114946
v 0.949964 1.658857 -1.112809
v 0.952387 1.655996 -1.110057
v 0.962709 1.662819 -1.112194
v 0.955688 1.649175 -1.126002
v 0.952723 1.646590 -1.126033
v 0.953979 1.645108 -1.124607
v 0.956944 1.647693 -1.124576
v 0.995504 1.739551 -1.078221
v 1.008852 1.733820 -1.096043
v 0.961926 1.707716 -1.081250
v 0.971774 1.698275 -1.099757
v 1.002824 1.730962 -1.069981
v 1.016154 1.725209 -1.087809
v 0.969207 1.699120 -1.072983
v 0.979055 1.689679 -1.091490
v 0.964372 1.711381 -1.080741
v 0.992482 1.737616 -1.078634
v 1.006463 1.730628 -1.098313
v 0.975142 1.701067 -1.100969
v 1.000484 1.728229 -1.069628
v 0.972330 1.701985 -1.071704
v 0.983100 1.691672 -1.091932
v 1.014442 1.721214 -1.089314
v 0.971024 1.717178 -1.080673
v 0.987801 1.732521 -1.079742
v 0.999541 1.720592 -1.098646
v 0.985218 1.707401 -1.099523
v 0.995787 1.723142 -1.070713
v 0.978982 1.707783 -1.071636
v 0.990790 1.700822 -1.093195
v 1.005116 1.714008 -1.092327
v 1.000479 1.724093 -1.099737
v 0.981808 1.706877 -1.100900
v 0.989767 1.697482 -1.091863
v 1.008441 1.714689 -1.090713
v 1.005238 1.705255 -1.114442
v 0.994711 1.698092 -1.112470
v 0.997135 1.695231 -1.109718
v 1.007656 1.702385 -1.111694
v 1.000499 1.688470 -1.125659
v 0.997534 1.685885 -1.125690
v 0.998790 1.684402 -1.124264
v 1.001755 1.686987 -1.124233
v 1.016722 1.776920 -1.058772
v 1.035443 1.780761 -1.071556
v 0.999263 1.744484 -1.076824
v 1.013582 1.739990 -1.094242
v 1.024094 1.768331 -1.050578
v 1.042807 1.772149 -1.063379
v 1.006581 1.735896 -1.068583
v 1.020884 1.731379 -1.086009
v 1.000375 1.747673 -1.075613
v 1.014604 1.774492 -1.060500
v 1.034820 1.777936 -1.075026
v 1.016574 1.743511 -1.094369
v 1.022638 1.765101 -1.051525
v 1.008374 1.738287 -1.066603
v 1.024554 1.734097 -1.085371
v 1.042844 1.768517 -1.066072
v 1.003838 1.753178 -1.072994
v 1.012203 1.768950 -1.064104
v 1.032020 1.767057 -1.079910
v 1.023720 1.751520 -1.088582
v 1.020238 1.759560 -1.055131
v 1.011856 1.743787 -1.064006
v 1.029322 1.744925 -1.082298
v 1.037638 1.760462 -1.073641
v 1.031818 1.770832 -1.079701
v 1.021082 1.750570 -1.091088
v 1.029083 1.741152 -1.082112
v 1.039842 1.761413 -1.070746
v 1.046916 1.759506 -1.095925
v 1.038142 1.748202 -1.099777
v 1.040575 1.745328 -1.097047
v 1.049356 1.756630 -1.093202
v 1.048888 1.743058 -1.112794
v 1.046332 1.738931 -1.114775
v 1.047590 1.737438 -1.113362
v 1.050147 1.741565 -1.111380
vn -0.5360 0.4828 -0.6926
vn -0.1092 -0.7328 -0.6716
vn 0.4797 -0.5132 0.7117
vn -0.2762 0.5265 0.8041
vn -0.8436 -0.4441 0.3018
vn 0.6927 0.7117 0.1167
vn 0.8008 0.1319 -0.5842
vn 0.8276 0.5235 -0.2027
vn -0.8309 -0.5162 0.2076
vn -0.8295 -0.5170 0.2111
vn 0.5065 -0.7233 0.4693
vn 0.5295 -0.6108 0.5887
vn 0.5298 -0.6106 0.5886
vn -0.5661 0.6912 -0.4493
vn -0.5290 0.6110 -0.5889
vn -0.5288 0.6112 -0.5890
vn -0.5298 0.6106 -0.5886
vn -0.5295 0.6108 -0.5887
vn 0.5288 -0.6112 0.5890
vn 0.5290 -0.6111 0.5889
vn 0.5290 -0.6110 0.5889
vn -0.8487 -0.3796 0.3683
vn -0.8441 -0.4497 0.2919
vn 0.8486 0.3725 -0.3755
vn 0.8486 0.3733 -0.3748
vn 0.8486 0.3732 -0.3749
vn 0.1715 0.7516 0.6369
vn 0.7697 0.5258 -0.3621
vn 0.9044 0.3696 -0.2131
vn 0.8486 0.3733 -0.3747
vn 0.8337 0.5027 -0.2284
vn -0.3915 -0.7863 -0.4779
vn 0.6485 -0.5469 0.5294
vn 0.0161 -0.6804 -0.7326
vn -0.3982 0.6609 -0.6361
vn 0.8486 0.3708 -0.3774
vn -0.4736 0.6292 -0.6163
vn 0.6506 0.7360 0.1874
vn 0.5821 -0.5891 0.5605
vn -0.4656 0.5243 -0.7130
vn 0.3320 -0.4836 -0.8099
vn 0.4200 -0.5722 0.7044
vn -0.6433 0.1547 0.7499
vn -0.7566 -0.6538 0.0082
vn 0.4448 0.7911 0.4200
vn 0.8381 0.4790 -0.2609
vn 0.6056 0.7590 0.2389
vn 0.6057 0.7590 0.2388
vn 0.6051 0.7592 0.2396
vn -0.6622 -0.7312 -0.1640
vn -0.6075 -0.7583 -0.2365
vn 0.5806 -0.6799 0.4480
vn 0.5311 -0.6094 0.5887
vn 0.5313 -0.6092 0.5887
vn -0.6288 0.6292 -0.4569
vn -0.5307 0.6099 -0.5886
vn -0.5305 0.6101 -0.5885
vn -0.5313 0.6092 -0.5887
vn -0.5311 0.6094 -0.5887
vn 0.5305 -0.6101 0.5885
vn 0.5307 -0.6099 0.5886
vn -0.7470 -0.6646 -0.0157
vn -0.6779 -0.7224 -0.1362
vn 0.7477 0.6638 0.0143
vn -0.2745 0.5268 0.8044
vn 0.6075 0.7924 0.0559
vn 0.7432 0.6369 0.2049
vn 0.7101 0.6991 0.0840
vn 0.0529 -0.6624 -0.7473
vn 0.6325 -0.5026 0.5893
vn 0.4430 -0.3844 -0.8099
vn -0.4171 0.7030 -0.5760
vn 0.7179 0.6926 0.0703
vn -0.4803 0.6490 -0.5901
vn 0.2850 0.7787 0.5590
vn 0.5779 -0.5675 0.5864
vn -0.4109 0.5863 -0.6981
vn 0.6803 -0.0994 -0.7262
vn 0.3889 -0.6389 0.6638
vn -0.8314 -0.2614 0.4903
vn -0.4115 -0.7951 -0.4455
vn -0.0290 0.6818 0.7310
vn 0.6297 0.7497 0.2036
vn 0.1735 0.7601 0.6263
vn -0.2481 -0.7759 -0.5800
vn -0.1636 -0.7573 -0.6323
vn 0.6381 -0.6148 0.4635
vn 0.5321 -0.6078 0.5895
vn 0.5322 -0.6075 0.5896
vn -0.6614 0.5592 -0.4998
vn -0.5319 0.6082 -0.5892
vn -0.5318 0.6085 -0.5890
vn -0.5322 0.6075 -0.5896
vn -0.5321 0.6078 -0.5895
vn 0.5318 -0.6085 0.5890
vn 0.5319 -0.6083 0.5892
vn 0.5319 -0.6082 0.5892
vn -0.4857 -0.7888 -0.3767
vn -0.3302 -0.7898 -0.5168
vn 0.4770 0.7898 0.3856
vn -0.6360 0.1632 0.7543
vn 0.2524 0.8674 0.4289
vn 0.4027 0.6968 0.5935
vn 0.4095 0.7936 0.4500
vn 0.2390 0.7758 0.5839
vn 0.4639 -0.3639 -0.8077
vn 0.5847 -0.4823 0.6523
vn 0.7461 0.0195 -0.6655
vn -0.4663 0.7202 -0.5138
vn 0.4655 0.7910 0.3971
vn -0.4997 0.6577 -0.5637
vn -0.1764 0.5956 0.7837
vn 0.5603 -0.5564 0.6135
vn -0.3865 0.6523 -0.6521
vn 0.8395 0.3138 -0.4437
vn 0.3943 -0.6947 0.6016
vn -0.7892 -0.6062 0.0982
vn 0.0783 -0.6616 -0.7458
vn -0.4922 0.3453 0.7991
vn 0.2110 0.7715 0.6002
vn -0.2344 0.5655 0.7907
vn 0.2503 -0.5521 -0.7953
vn 0.2337 -0.5660 -0.7906
vn 0.6639 -0.5454 0.5118
vn 0.5322 -0.6063 0.5909
vn 0.5322 -0.6061 0.5912
vn -0.6557 0.5006 -0.5653
vn -0.5323 0.6066 -0.5905
vn -0.5323 0.6067 -0.5905
vn -0.5323 0.6069 -0.5902
vn -0.5322 0.6061 -0.5912
vn -0.5322 0.6063 -0.5909
vn 0.5323 -0.6069 0.5902
vn 0.5323 -0.6067 0.5905
vn -0.0046 -0.6993 -0.7148
vn 0.1051 -0.6446 -0.7572
vn 0.0076 0.7007 0.7135
vn 0.0068 0.7003 0.7138
vn 0.0067 0.7003 0.7139
vn -0.8300 -0.2576 0.4948
vn -0.1775 0.7135 0.6778
vn -0.0412 0.5596 0.8278
vn -0.1590 0.6139 0.7732
vn 0.7575 0.0440 -0.6514
vn 0.5205 -0.4992 0.6927
vn 0.8417 0.4200 -0.3394
vn -0.5313 0.7010 -0.4758
vn 0.0051 0.6996 0.7146
vn -0.5268 0.6523 -0.5449
vn -0.5644 0.2593 0.7837
vn 0.5337 -0.5594 0.6341
vn -0.4101 0.6951 -0.5905
vn 0.7666 0.6407 -0.0425
vn 0.4113 -0.6949 0.5899
vn -0.7632 -0.6451 0.0366
vn 0.1999 -0.5908 -0.7817
vn -0.5600 0.2708 0.7830
vn -0.1925 0.5952 0.7802
vn -0.3935 0.4420 0.8061
vn 0.5576 -0.2733 -0.7838
vn 0.3936 -0.4419 -0.8061
vn 0.6418 -0.5026 0.5792
vn 0.5317 -0.6060 0.5917
vn -0.6404 0.5033 -0.5801
vn -0.5317 0.6060 -0.5917
vn -0.8380 -0.4615 0.2911
vn 0.8419 0.4284 -0.3282
vn 0.4770 -0.5247 0.7051
vn 0.7628 0.6457 -0.0356
vn -0.5744 0.6737 -0.4650
vn -0.3934 0.4421 0.8061
vn -0.5471 0.6397 -0.5398
vn -0.7945 -0.1240 0.5945
vn 0.5141 -0.5698 0.6411
vn -0.4113 0.6949 -0.5898
vn 0.7630 0.6454 -0.0360
vn 0.4115 -0.6952 0.5893
vn -0.7614 -0.6475 0.0325
vn 0.2001 -0.5907 -0.7817
vn -0.5602 0.2705 0.7830
vn -0.2003 0.5905 0.7818
vn 0.5603 -0.2703 -0.7829
vn 0.6403 -0.5033 0.5802
vn -0.6401 0.5030 -0.5807
vn -0.8376 -0.4644 0.2877
vn 0.8416 0.4313 -0.3250
vn 0.7609 0.6481 -0.0315
vn -0.5471 0.6398 -0.5398
vn -0.7952 -0.1259 0.5932
vn 0.5141 -0.5698 0.6412
vn -0.4116 0.6953 -0.5892
vn 0.7611 0.6478 -0.0319
vn 0.4118 -0.6955 0.5887
vn -0.7595 -0.6499 0.0284
vn 0.2003 -0.5905 -0.7818
vn -0.5604 0.2703 0.7829
vn -0.2005 0.5904 0.7818
vn 0.5605 -0.2701 -0.7828
vn 0.6400 -0.5029 0.5809
vn -0.6398 0.5026 -0.5814
vn -0.8371 -0.4673 0.2843
vn 0.8413 0.4342 -0.3218
vn 0.4770 -0.5247 0.7052
vn 0.7590 0.6505 -0.0274
vn -0.5744 0.6737 -0.4649
vn -0.7958 -0.1279 0.5919
vn 0.5140 -0.5698 0.6412
vn -0.4119 0.6956 -0.5886
vn 0.7593 0.6502 -0.0279
vn 0.4121 -0.6959 0.5881
vn -0.7577 -0.6522 0.0243
vn 0.2005 -0.5904 -0.7818
vn -0.5606 0.2700 0.7828
vn -0.2007 0.5902 0.7819
vn 0.5607 -0.2699 -0.7828
vn 0.6397 -0.5026 0.5815
vn -0.6395 0.5023 -0.5820
vn -0.8367 -0.4702 0.2809
vn 0.8411 0.4371 -0.3186
vn 0.4769 -0.5246 0.7052
vn 0.7572 0.6528 -0.0233
vn -0.3935 0.4421 0.8061
vn -0.5471 0.6398 -0.5397
vn -0.7965 -0.1298 0.5905
vn 0.5140 -0.5697 0.6413
vn -0.4122 0.6959 -0.5880
vn 0.7574 0.6525 -0.0238
vn 0.4124 -0.6962 0.5875
vn -0.7558 -0.6545 0.0202
vn 0.2007 -0.5902 -0.7819
vn -0.5608 0.2698 0.7828
vn -0.2009 0.5901 0.7819
vn 0.5609 -0.2696 -0.7827
vn 0.3936 -0.4420 -0.8061
vn 0.6394 -0.5022 0.5821
vn -0.6392 0.5020 -0.5826
vn -0.8361 -0.4731 0.2775
vn 0.8408 0.4400 -0.3153
vn 0.7553 0.6551 -0.0192
vn -0.5472 0.6398 -0.5397
vn -0.7972 -0.1317 0.5892
vn -0.4125 0.6963 -0.5874
vn 0.7555 0.6548 -0.0197
vn 0.4127 -0.6965 0.5869
vn -0.7538 -0.6569 0.0161
vn 0.2009 -0.5901 -0.7819
vn -0.5610 0.2696 0.7827
vn -0.2011 0.5900 0.7820
vn 0.5611 -0.2694 -0.7827
vn 0.6391 -0.5019 0.5828
vn -0.6389 0.5016 -0.5833
vn -0.8356 -0.4760 0.2741
vn 0.8405 0.4430 -0.3121
vn 0.4769 -0.5246 0.7053
vn 0.7534 0.6574 -0.0151
vn -0.5745 0.6737 -0.4649
vn -0.7979 -0.1336 0.5878
vn 0.5140 -0.5697 0.6414
vn -0.4128 0.6966 -0.5868
vn 0.7536 0.6572 -0.0156
vn 0.4130 -0.6969 0.5864
vn -0.7519 -0.6591 0.0120
vn 0.2012 -0.5900 -0.7820
vn -0.5612 0.2693 0.7826
vn -0.2014 0.5898 0.7820
vn 0.5613 -0.2691 -0.7826
vn 0.6388 -0.5016 0.5834
vn 0.5316 -0.6060 0.5917
vn -0.6386 0.5013 -0.5839
vn -0.5316 0.6060 -0.5917
vn -0.8351 -0.4789 0.2707
vn 0.8401 0.4459 -0.3089
vn 0.4768 -0.5245 0.7053
vn 0.7514 0.6597 -0.0110
vn -0.5745 0.6737 -0.4648
vn -0.7985 -0.1356 0.5865
vn 0.5139 -0.5696 0.6414
vn -0.4131 0.6969 -0.5862
vn 0.7517 0.6595 -0.0115
vn 0.4133 -0.6972 0.5858
vn -0.7500 -0.6614 0.0080
vn 0.2014 -0.5898 -0.7820
vn -0.5614 0.2691 0.7826
vn -0.2016 0.5897 0.7821
vn 0.5615 -0.2689 -0.7825
vn 0.6385 -0.5012 0.5840
vn 0.5316 -0.6059 0.5918
vn -0.6383 0.5009 -0.5845
vn -0.5316 0.6060 -0.5918
vn -0.5316 0.6059 -0.5918
vn 0.5316 -0.6060 0.5918
vn -0.8345 -0.4818 0.2672
vn 0.8398 0.4488 -0.3056
vn 0.4768 -0.5245 0.7054
vn 0.7495 0.6620 -0.0069
vn -0.5472 0.6398 -0.5396
vn -0.7992 -0.1375 0.5851
vn 0.5139 -0.5696 0.6415
vn -0.4134 0.6972 -0.5856
vn 0.7497 0.6617 -0.0074
vn 0.4136 -0.6975 0.5852
vn -0.7480 -0.6637 0.0039
vn 0.2016 -0.5897 -0.7821
vn -0.5616 0.2689 0.7825
vn -0.2018 0.5895 0.7821
vn 0.5617 -0.2687 -0.7825
vn 0.6382 -0.5009 0.5846
vn -0.6380 0.5006 -0.5851
vn -0.8340 -0.4847 0.2638
vn 0.8394 0.4516 -0.3024
vn 0.4768 -0.5244 0.7054
vn 0.7475 0.6643 -0.0029
vn -0.5745 0.6738 -0.4648
vn -0.7999 -0.1394 0.5838
vn -0.4137 0.6976 -0.5850
vn 0.7477 0.6640 -0.0033
vn 0.4139 -0.6978 0.5846
vn -0.7460 -0.6660 -0.0002
vn 0.2018 -0.5895 -0.7821
vn -0.5617 0.2686 0.7825
vn -0.2021 0.5894 0.7822
vn 0.5619 -0.2685 -0.7824
vn 0.3935 -0.4420 -0.8061
vn 0.6379 -0.5005 0.5853
vn -0.6377 0.5002 -0.5858
vn -0.8334 -0.4876 0.2603
vn 0.8390 0.4545 -0.2991
vn 0.4767 -0.5244 0.7055
vn 0.7455 0.6665 0.0012
vn -0.5745 0.6738 -0.4647
vn -0.8005 -0.1413 0.5824
vn 0.5138 -0.5695 0.6416
vn -0.4140 0.6979 -0.5844
vn 0.7457 0.6662 0.0008
vn 0.4142 -0.6982 0.5840
vn -0.7440 -0.6682 -0.0043
vn 0.2021 -0.5893 -0.7822
vn -0.5619 0.2684 0.7824
vn -0.2023 0.5892 0.7823
vn -0.3936 0.4420 0.8061
vn 0.5621 -0.2683 -0.7824
vn 0.6376 -0.5002 0.5859
vn -0.6374 0.4999 -0.5864
vn -0.8328 -0.4905 0.2568
vn 0.8386 0.4574 -0.2958
vn 0.4767 -0.5244 0.7056
vn 0.7435 0.6687 0.0053
vn -0.5472 0.6399 -0.5395
vn -0.8012 -0.1432 0.5811
vn -0.4143 0.6982 -0.5839
vn 0.7437 0.6685 0.0049
vn 0.4145 -0.6985 0.5834
vn -0.7420 -0.6704 -0.0084
vn 0.2023 -0.5892 -0.7823
vn -0.5621 0.2682 0.7824
vn -0.2026 0.5890 0.7823
vn 0.5623 -0.2681 -0.7823
vn 0.6373 -0.4998 0.5865
vn -0.6371 0.4996 -0.5870
vn -0.8321 -0.4933 0.2533
vn 0.8382 0.4603 -0.2925
vn 0.4766 -0.5243 0.7056
vn 0.7414 0.6710 0.0094
vn -0.5745 0.6738 -0.4646
vn -0.8018 -0.1451 0.5797
vn 0.5138 -0.5695 0.6417
vn -0.4145 0.6986 -0.5833
vn 0.7417 0.6707 0.0089
vn 0.4148 -0.6988 0.5828
vn -0.7399 -0.6726 -0.0125
vn 0.2026 -0.5890 -0.7823
vn -0.5623 0.2680 0.7823
vn -0.2028 0.5889 0.7824
vn 0.5624 -0.2678 -0.7823
vn 0.6370 -0.4995 0.5871
vn -0.6368 0.4992 -0.5876
vn -0.8315 -0.4962 0.2498
vn 0.8378 0.4631 -0.2892
vn 0.4766 -0.5243 0.7057
vn 0.7394 0.6732 0.0135
vn -0.5746 0.6738 -0.4646
vn -0.5473 0.6399 -0.5395
vn -0.8024 -0.1471 0.5783
vn 0.5137 -0.5694 0.6417
vn -0.4148 0.6989 -0.5827
vn 0.7396 0.6729 0.0130
vn 0.4150 -0.6991 0.5822
vn -0.7378 -0.6748 -0.0166
vn 0.2028 -0.5889 -0.7824
vn -0.5625 0.2678 0.7823
vn -0.2031 0.5887 0.7824
vn 0.5626 -0.2676 -0.7822
vn 0.6367 -0.4992 0.5878
vn 0.5316 -0.6059 0.5919
vn -0.6365 0.4989 -0.5883
vn -0.5316 0.6059 -0.5919
vn -0.8308 -0.4991 0.2463
vn 0.8373 0.4660 -0.2859
vn 0.4766 -0.5242 0.7058
vn 0.7373 0.6753 0.0176
vn -0.5746 0.6738 -0.4645
vn -0.5473 0.6399 -0.5394
vn -0.8031 -0.1490 0.5770
vn 0.5137 -0.5694 0.6418
vn -0.4151 0.6992 -0.5821
vn 0.7376 0.6751 0.0171
vn 0.4153 -0.6995 0.5816
vn -0.7358 -0.6769 -0.0207
vn 0.2031 -0.5887 -0.7824
vn -0.5626 0.2676 0.7822
vn -0.2033 0.5885 0.7825
vn 0.5628 -0.2674 -0.7822
vn 0.6364 -0.4988 0.5884
vn -0.6362 0.4985 -0.5889
vn -0.8301 -0.5019 0.2428
vn 0.8369 0.4688 -0.2825
vn 0.4765 -0.5242 0.7058
vn 0.7352 0.6775 0.0217
vn -0.5746 0.6739 -0.4645
vn -0.3936 0.4419 0.8061
vn -0.8037 -0.1509 0.5756
vn 0.5137 -0.5694 0.6419
vn -0.4154 0.6995 -0.5815
vn 0.7355 0.6772 0.0212
vn 0.4156 -0.6998 0.5810
vn -0.7337 -0.6791 -0.0248
vn 0.2033 -0.5885 -0.7825
vn -0.5628 0.2674 0.7822
vn -0.2036 0.5884 0.7825
vn 0.5629 -0.2672 -0.7821
vn 0.6361 -0.4985 0.5890
vn -0.6358 0.4982 -0.5895
vn -0.8294 -0.5048 0.2393
vn 0.8364 0.4717 -0.2792
vn 0.4765 -0.5241 0.7059
vn 0.7331 0.6796 0.0258
vn -0.5746 0.6739 -0.4644
vn -0.8043 -0.1528 0.5742
vn 0.5136 -0.5693 0.6419
vn -0.4157 0.6998 -0.5809
vn 0.7334 0.6794 0.0253
vn 0.4159 -0.7001 0.5804
vn -0.7315 -0.6812 -0.0288
vn 0.2036 -0.5884 -0.7826
vn -0.5630 0.2672 0.7821
vn -0.2039 0.5882 0.7826
vn 0.5631 -0.2671 -0.7821
vn 0.6358 -0.4981 0.5896
vn -0.6355 0.4978 -0.5901
vn -0.8287 -0.5076 0.2358
vn 0.8359 0.4746 -0.2759
vn 0.4764 -0.5240 0.7060
vn 0.7310 0.6817 0.0299
vn -0.5473 0.6400 -0.5393
vn -0.8049 -0.1547 0.5728
vn 0.5136 -0.5693 0.6420
vn -0.4160 0.7002 -0.5803
vn 0.7312 0.6815 0.0294
vn 0.4162 -0.7004 0.5798
vn -0.7294 -0.6833 -0.0329
vn 0.2039 -0.5882 -0.7826
vn -0.5631 0.2670 0.7821
vn -0.2041 0.5880 0.7827
vn 0.5632 -0.2669 -0.7820
vn 0.6355 -0.4978 0.5903
vn -0.6352 0.4975 -0.5908
vn -0.8280 -0.5104 0.2322
vn 0.8354 0.4774 -0.2725
vn 0.4764 -0.5240 0.7061
vn 0.7288 0.6838 0.0339
vn -0.5747 0.6739 -0.4643
vn -0.8055 -0.1566 0.5715
vn 0.5136 -0.5692 0.6420
vn -0.4163 0.7005 -0.5797
vn 0.7291 0.6836 0.0335
vn 0.4165 -0.7008 0.5792
vn -0.7272 -0.6854 -0.0370
vn 0.2041 -0.5880 -0.7827
vn -0.5633 0.2668 0.7820
vn -0.2044 0.5878 0.7827
vn 0.5634 -0.2667 -0.7820
vn 0.6352 -0.4974 0.5909
vn -0.6349 0.4971 -0.5914
vn -0.8272 -0.5132 0.2287
vn 0.8349 0.4802 -0.2691
vn 0.4763 -0.5239 0.7061
vn 0.7267 0.6859 0.0380
vn -0.5747 0.6740 -0.4642
vn -0.3937 0.4419 0.8061
vn -0.5474 0.6400 -0.5393
vn -0.8062 -0.1585 0.5701
vn 0.5135 -0.5692 0.6421
vn -0.4166 0.7008 -0.5791
vn 0.7269 0.6857 0.0376
vn 0.4255 -0.7219 0.5457
vn -0.5868 -0.7699 -0.2510
vn 0.3898 -0.4479 -0.8046
vn -0.7203 0.0430 0.6923
vn -0.2047 0.5876 0.7828
vn -0.5942 0.2324 0.7700
vn 0.5635 -0.2665 -0.7819
vn 0.6035 -0.2207 -0.7662
vn 0.6348 -0.4971 0.5915
vn 0.5315 -0.6055 0.5924
vn 0.5315 -0.6053 0.5926
vn -0.6228 0.4720 -0.6240
vn -0.5316 0.6057 -0.5921
vn -0.5314 0.6053 -0.5926
vn -0.5315 0.6055 -0.5924
vn 0.5316 -0.6057 0.5921
vn 0.3935 -0.4421 -0.8061
vn 0.4387 -0.4018 -0.8038
vn -0.8148 -0.5512 0.1797
vn -0.4881 0.4416 0.7528
vn -0.4043 0.3480 0.8458
vn -0.4822 0.3595 0.7989
vn 0.8343 0.4831 -0.2658
vn 0.4685 -0.5315 0.7057
vn 0.7245 0.6880 0.0421
vn -0.5824 0.6667 -0.4651
vn -0.5501 0.6379 -0.5389
vn -0.8017 -0.1457 0.5797
vn 0.5103 -0.5716 0.6426
vn -0.4364 0.7257 -0.5319
vn 0.5424 0.7831 0.3043
vn 0.4870 -0.7240 0.4885
vn -0.1969 -0.7732 -0.6029
vn 0.7471 -0.0011 -0.6647
vn -0.8470 -0.4018 0.3482
vn -0.5497 0.2879 0.7842
vn -0.8002 -0.1245 0.5866
vn 0.8053 0.1464 -0.5744
vn 0.7985 0.1196 -0.5901
vn 0.6115 -0.4680 0.6380
vn 0.5302 -0.6052 0.5938
vn 0.5302 -0.6052 0.5939
vn 0.5300 -0.6052 0.5940
vn -0.5580 0.4699 -0.6840
vn -0.5307 0.6052 -0.5935
vn -0.5307 0.6052 -0.5934
vn -0.5309 0.6052 -0.5932
vn -0.5300 0.6052 -0.5940
vn -0.5302 0.6052 -0.5939
vn -0.5302 0.6052 -0.5938
vn 0.5309 -0.6052 0.5932
vn 0.5307 -0.6052 0.5934
vn 0.5307 -0.6052 0.5935
vn 0.7046 -0.0739 -0.7057
vn 0.7545 0.0182 -0.6561
vn -0.7013 0.0794 0.7084
vn -0.7015 0.0791 0.7083
vn -0.5890 -0.7695 -0.2469
vn -0.8177 0.0551 0.5729
vn -0.6822 -0.0981 0.7245
vn -0.7018 0.0786 0.7080
vn -0.7814 -0.0770 0.6192
vn 0.7305 0.6823 0.0290
vn 0.4184 -0.5912 0.6895
vn 0.4391 0.7993 0.4103
vn -0.6305 0.6067 -0.4841
vn -0.5720 0.6134 -0.5445
vn -0.8377 -0.4702 0.2778
vn 0.4863 -0.5961 0.6389
vn -0.5020 0.7199 -0.4794
vn 0.1382 0.7570 0.6387
vn 0.5585 -0.6920 0.4574
vn 0.2487 -0.5647 -0.7869
vn 0.8466 0.3107 -0.4321
vn -0.7596 -0.6502 0.0137
vn -0.7690 -0.0441 0.6378
vn -0.8338 -0.5026 0.2285
vn -0.8337 -0.5029 0.2282
vn 0.8441 0.4400 -0.3064
vn 0.8348 0.4985 -0.2337
vn 0.5427 -0.4741 0.6933
vn 0.5285 -0.6058 0.5948
vn 0.5284 -0.6058 0.5948
vn 0.5282 -0.6059 0.5949
vn -0.4829 0.5035 -0.7165
vn -0.5289 0.6055 -0.5946
vn -0.5290 0.6055 -0.5946
vn -0.5292 0.6054 -0.5945
vn -0.5282 0.6059 -0.5949
vn -0.5284 0.6058 -0.5948
vn 0.5292 -0.6054 0.5945
vn 0.5290 -0.6055 0.5946
vn 0.8468 0.3351 -0.4131
vn 0.8470 0.4238 -0.3210
vn -0.8465 -0.3305 0.4175
vn -0.1958 -0.7736 -0.6026
vn -0.9076 -0.3407 0.2453
vn -0.7731 -0.4942 0.3975
vn -0.8486 -0.3726 0.3755
vn -0.8339 -0.5022 0.2290
vn 0.4085 0.8005 0.4386
vn 0.3987 -0.6499 0.6470
vn 0.0115 0.7117 0.7024
vn -0.6473 0.5490 -0.5287
vn -0.8485 -0.3625 0.3857
vn -0.5814 0.5876 -0.5627
vn -0.6714 -0.7286 -0.1355
vn 0.4745 -0.6224 0.6225
vn -0.5728 0.6813 -0.4559
vn -0.3055 0.5236 0.7953
vn 0.6196 -0.6344 0.4621
vn 0.6271 -0.2021 -0.7523
vn 0.7570 0.6534 -0.0008
vn -0.4441 -0.7940 -0.4150
vn -0.8412 -0.4738 0.2605
vn -0.6064 -0.7588 -0.2378
vn -0.6064 -0.7588 -0.2379
vn -0.6057 -0.7590 -0.2389
vn 0.6559 0.7363 0.1665
vn 0.6004 0.7610 0.2457
vn 0.4683 -0.5147 0.7182
vn 0.5268 -0.6071 0.5949
vn 0.5266 -0.6073 0.5949
vn -0.4187 0.5642 -0.7116
vn -0.5272 0.6067 -0.5950
vn -0.5272 0.6066 -0.5950
vn -0.5275 0.6064 -0.5950
vn -0.5266 0.6073 -0.5949
vn -0.5268 0.6071 -0.5949
vn 0.5275 -0.6064 0.5950
vn 0.5272 -0.6066 0.5950
vn 0.7914 0.6054 -0.0850
vn 0.6986 0.7080 0.1030
vn -0.7865 -0.6133 0.0725
vn 0.2386 -0.5724 -0.7844
vn -0.7690 -0.6148 -0.1752
vn -0.6234 -0.7818 -0.0091
vn -0.7185 -0.6922 -0.0677
vn -0.6065 -0.7587 -0.2376
vn -0.0170 0.6992 0.7148
vn 0.4096 -0.7001 0.5849
vn -0.4209 0.4296 0.7989
vn -0.6331 0.5003 -0.5906
vn -0.7804 -0.6227 0.0573
vn -0.5763 0.5668 -0.5887
vn -0.2957 -0.7913 -0.5352
vn 0.4771 -0.6448 0.5972
vn -0.6297 0.6205 -0.4673
vn -0.6663 0.1473 0.7310
vn 0.6540 -0.5678 0.4999
vn 0.8339 0.2147 -0.5085
vn 0.4091 0.7922 0.4529
vn 0.0288 -0.6862 -0.7269
vn -0.6341 -0.7458 -0.2043
vn -0.2360 -0.7754 -0.5858
vn 0.2409 0.7779 0.5803
vn 0.2330 0.7747 0.5878
vn 0.4083 -0.5784 0.7062
vn 0.5258 -0.6087 0.5942
vn 0.5257 -0.6087 0.5942
vn 0.5257 -0.6090 0.5940
vn -0.3827 0.6342 -0.6718
vn -0.5260 0.6082 -0.5945
vn -0.5261 0.6080 -0.5946
vn -0.5257 0.6090 -0.5940
vn -0.5257 0.6087 -0.5942
vn 0.5261 -0.6080 0.5946
vn 0.5260 -0.6082 0.5945
vn 0.4773 0.7898 0.3852
vn 0.3730 0.7933 0.4813
vn -0.4776 -0.7897 -0.3849
vn -0.4769 -0.7898 -0.3856
vn -0.4771 -0.7898 -0.3854
vn 0.6236 -0.2082 -0.7535
vn -0.4305 -0.7092 -0.5583
vn -0.2975 -0.8639 -0.4064
vn -0.4769 -0.7898 -0.3857
vn -0.3307 -0.7899 -0.5164
vn -0.4423 0.4104 0.7975
vn 0.4566 -0.7195 0.5233
vn -0.7388 0.0308 0.6732
vn -0.5844 0.4838 -0.6515
vn -0.4737 -0.7902 -0.3888
vn -0.5584 0.5561 -0.6156
vn 0.1380 -0.6334 -0.7614
vn 0.4930 -0.6577 0.5695
vn -0.6571 0.5541 -0.5111
vn -0.8446 -0.2680 0.4634
vn 0.6523 -0.5098 0.5608
vn 0.8120 0.5705 -0.1234
vn -0.0343 0.6797 0.7327
vn 0.4625 -0.3815 -0.8004
vn -0.3613 -0.7906 -0.4944
vn 0.1585 -0.6142 -0.7731
vn 0.1584 -0.6143 -0.7730
vn 0.1591 -0.6138 -0.7732
vn -0.0726 0.6643 0.7439
vn -0.1477 0.6206 0.7700
vn 0.3794 -0.6482 0.6602
vn 0.5256 -0.6102 0.5928
vn 0.5256 -0.6103 0.5928
vn 0.5256 -0.6104 0.5925
vn -0.3845 0.6950 -0.6076
vn -0.5255 0.6099 -0.5932
vn -0.5255 0.6098 -0.5932
vn -0.5255 0.6096 -0.5934
vn -0.5256 0.6104 -0.5925
vn -0.5256 0.6103 -0.5928
vn -0.5256 0.6102 -0.5928
vn 0.5255 -0.6096 0.5934
vn 0.5255 -0.6098 0.5932
vn 0.5255 -0.6099 0.5932
vn -0.0045 0.6959 0.7181
vn -0.0724 0.6624 0.7457
vn -0.0091 -0.7020 -0.7121
vn -0.0077 -0.7008 -0.7134
vn -0.0077 -0.7008 -0.7133
vn 0.8342 0.2139 -0.5083
vn 0.0047 -0.5794 -0.8151
vn 0.1376 -0.7352 -0.6637
vn -0.0075 -0.7006 -0.7135
vn 0.1583 -0.6143 -0.7730
vn -0.7546 0.0011 0.6561
vn 0.5177 -0.7066 0.4823
vn -0.8545 -0.3745 0.3599
vn -0.5229 0.4997 -0.6905
vn -0.0150 -0.7039 -0.7102
vn -0.5320 0.5609 -0.6343
vn 0.5344 -0.3113 -0.7858
vn 0.5187 -0.6553 0.5491
vn -0.6466 0.5011 -0.5751
vn -0.7919 -0.6069 0.0679
vn 0.6353 -0.5088 0.5810
vn 0.7744 0.6322 -0.0246
vn -0.1972 0.5877 0.7847
vn 0.5625 -0.2739 -0.7801
vn 0.1218 -0.6334 -0.7642
vn -0.5355 0.3047 0.7876
vn 0.3905 -0.7041 0.5932
vn 0.5261 -0.6106 0.5919
vn -0.4049 0.6989 -0.5895
vn -0.5261 0.6106 -0.5919
vn -0.3838 0.4508 0.8059
vn -0.3887 0.4464 0.8060
vn 0.3828 -0.4518 -0.8059
vn 0.8484 0.4494 -0.2799
vn -0.8520 -0.4166 0.3172
vn 0.5689 -0.6782 0.4651
vn -0.7739 -0.6328 0.0236
vn -0.4715 0.5293 -0.7053
vn 0.3934 -0.4421 -0.8061
vn -0.5086 0.5744 -0.6414
vn 0.8019 0.1152 -0.5863
vn 0.5415 -0.6443 0.5400
vn -0.6352 0.5087 -0.5811
vn -0.7741 -0.6326 0.0241
vn 0.6350 -0.5085 0.5816
vn 0.7725 0.6346 -0.0205
vn -0.1974 0.5876 0.7847
vn 0.5628 -0.2736 -0.7800
vn 0.1976 -0.5874 -0.7848
vn -0.5629 0.2734 0.7800
vn 0.4050 -0.6990 0.5894
vn -0.4052 0.6993 -0.5889
vn 0.8480 0.4523 -0.2765
vn -0.8518 -0.4194 0.3139
vn -0.7721 -0.6352 0.0195
vn 0.8026 0.1171 -0.5849
vn 0.5416 -0.6443 0.5400
vn -0.6349 0.5084 -0.5817
vn -0.7723 -0.6349 0.0200
vn 0.6347 -0.5082 0.5822
vn 0.7707 0.6370 -0.0164
vn -0.1976 0.5875 0.7848
vn 0.5630 -0.2733 -0.7800
vn 0.1978 -0.5873 -0.7848
vn -0.5632 0.2731 0.7799
vn 0.4053 -0.6994 0.5888
vn -0.4055 0.6996 -0.5883
vn 0.8475 0.4552 -0.2731
vn -0.8515 -0.4223 0.3107
vn 0.5689 -0.6783 0.4651
vn -0.7703 -0.6376 0.0154
vn 0.8033 0.1191 -0.5836
vn 0.5416 -0.6444 0.5399
vn -0.6347 0.5081 -0.5823
vn -0.7705 -0.6373 0.0159
vn 0.6344 -0.5078 0.5828
vn 0.7688 0.6393 -0.0123
vn -0.1978 0.5873 0.7848
vn 0.5632 -0.2731 -0.7799
vn 0.1980 -0.5872 -0.7849
vn -0.5634 0.2729 0.7798
vn 0.4056 -0.6997 0.5882
vn 0.5261 -0.6107 0.5918
vn -0.4058 0.7000 -0.5877
vn -0.5261 0.6107 -0.5918
vn -0.5261 0.6107 -0.5919
vn 0.5261 -0.6107 0.5919
vn 0.8470 0.4581 -0.2697
vn -0.8512 -0.4252 0.3075
vn 0.5689 -0.6783 0.4650
vn -0.7684 -0.6399 0.0113
vn -0.4715 0.5293 -0.7054
vn -0.5085 0.5744 -0.6414
vn 0.8040 0.1210 -0.5822
vn 0.5416 -0.6444 0.5398
vn -0.6344 0.5078 -0.5829
vn -0.7686 -0.6396 0.0118
vn 0.6341 -0.5075 0.5833
vn 0.7669 0.6417 -0.0083
vn -0.1980 0.5872 0.7849
vn 0.5634 -0.2729 -0.7798
vn 0.1982 -0.5870 -0.7849
vn -0.5636 0.2727 0.7798
vn 0.4059 -0.7000 0.5875
vn -0.4061 0.7003 -0.5870
vn 0.8466 0.4609 -0.2662
vn -0.8510 -0.4281 0.3043
vn 0.5690 -0.6783 0.4649
vn -0.7665 -0.6422 0.0072
vn 0.8047 0.1229 -0.5808
vn -0.6341 0.5075 -0.5835
vn -0.7667 -0.6420 0.0077
vn 0.6339 -0.5072 0.5839
vn 0.7650 0.6440 -0.0042
vn -0.1982 0.5870 0.7849
vn 0.5636 -0.2726 -0.7798
vn 0.1985 -0.5869 -0.7850
vn -0.5638 0.2724 0.7797
vn 0.4062 -0.7004 0.5869
vn 0.5262 -0.6107 0.5918
vn -0.4064 0.7007 -0.5864
vn -0.5262 0.6107 -0.5918
vn 0.8460 0.4638 -0.2628
vn -0.8507 -0.4310 0.3010
vn -0.7646 -0.6445 0.0031
vn -0.5085 0.5744 -0.6415
vn 0.8054 0.1248 -0.5795
vn 0.5417 -0.6444 0.5397
vn -0.6338 0.5071 -0.5841
vn -0.7648 -0.6443 0.0036
vn 0.6336 -0.5069 0.5845
vn 0.7631 0.6463 -0.0001
vn -0.1985 0.5869 0.7850
vn 0.5638 -0.2724 -0.7797
vn 0.1987 -0.5868 -0.7850
vn -0.5640 0.2722 0.7796
vn 0.4065 -0.7007 0.5863
vn -0.4067 0.7010 -0.5858
vn 0.8455 0.4667 -0.2593
vn -0.8504 -0.4339 0.2977
vn 0.5690 -0.6784 0.4648
vn -0.7626 -0.6468 -0.0009
vn -0.4715 0.5292 -0.7054
vn 0.8061 0.1266 -0.5781
vn 0.5417 -0.6445 0.5397
vn -0.6335 0.5068 -0.5847
vn -0.7628 -0.6466 -0.0005
vn 0.6333 -0.5065 0.5851
vn 0.7611 0.6486 0.0040
vn -0.1987 0.5868 0.7850
vn 0.5640 -0.2722 -0.7796
vn 0.1989 -0.5866 -0.7851
vn -0.5642 0.2720 0.7796
vn 0.4068 -0.7011 0.5857
vn -0.4070 0.7014 -0.5852
vn 0.8450 0.4696 -0.2559
vn -0.8500 -0.4367 0.2945
vn -0.7607 -0.6491 -0.0050
vn 0.8067 0.1286 -0.5767
vn 0.5417 -0.6445 0.5396
vn -0.6332 0.5065 -0.5853
vn -0.7609 -0.6489 -0.0046
vn 0.6330 -0.5062 0.5857
vn 0.7592 0.6508 0.0081
vn -0.1989 0.5866 0.7851
vn 0.5642 -0.2719 -0.7796
vn 0.1992 -0.5865 -0.7851
vn -0.5643 0.2718 0.7795
vn 0.4071 -0.7014 0.5850
vn -0.4073 0.7017 -0.5845
vn 0.8444 0.4725 -0.2524
vn -0.8497 -0.4396 0.2912
vn 0.5691 -0.6784 0.4647
vn -0.7587 -0.6514 -0.0091
vn -0.4714 0.5292 -0.7055
vn -0.5085 0.5743 -0.6415
vn 0.8074 0.1305 -0.5754
vn -0.6329 0.5062 -0.5859
vn -0.7589 -0.6511 -0.0086
vn 0.6327 -0.5059 0.5863
vn 0.7572 0.6531 0.0122
vn -0.1992 0.5865 0.7851
vn 0.5644 -0.2717 -0.7795
vn 0.1994 -0.5863 -0.7852
vn -0.5645 0.2716 0.7795
vn 0.4074 -0.7018 0.5844
vn -0.4077 0.7020 -0.5839
vn 0.8439 0.4753 -0.2489
vn -0.8493 -0.4425 0.2879
vn 0.5691 -0.6784 0.4646
vn -0.7567 -0.6536 -0.0132
vn -0.5085 0.5743 -0.6416
vn 0.8081 0.1324 -0.5740
vn 0.5418 -0.6445 0.5395
vn -0.6326 0.5058 -0.5865
vn -0.7569 -0.6534 -0.0127
vn 0.6324 -0.5056 0.5869
vn 0.7552 0.6553 0.0163
vn -0.1994 0.5863 0.7852
vn 0.5646 -0.2715 -0.7794
vn 0.1996 -0.5862 -0.7852
vn -0.5647 0.2713 0.7794
vn 0.4077 -0.7021 0.5838
vn 0.5262 -0.6107 0.5917
vn -0.4080 0.7024 -0.5833
vn -0.5262 0.6107 -0.5917
vn 0.8433 0.4782 -0.2454
vn -0.8489 -0.4453 0.2846
vn 0.5691 -0.6785 0.4646
vn -0.7547 -0.6559 -0.0173
vn -0.5084 0.5743 -0.6416
vn 0.8088 0.1342 -0.5726
vn 0.5418 -0.6446 0.5394
vn -0.6323 0.5055 -0.5871
vn -0.7549 -0.6556 -0.0168
vn 0.6321 -0.5052 0.5875
vn 0.7532 0.6575 0.0204
vn -0.1996 0.5862 0.7852
vn 0.5648 -0.2713 -0.7794
vn 0.1999 -0.5860 -0.7853
vn -0.5649 0.2711 0.7793
vn 0.4080 -0.7025 0.5832
vn -0.4083 0.7027 -0.5827
vn 0.8427 0.4810 -0.2419
vn -0.8485 -0.4482 0.2813
vn 0.5691 -0.6785 0.4645
vn -0.7526 -0.6581 -0.0214
vn -0.4714 0.5291 -0.7056
vn 0.8094 0.1361 -0.5712
vn -0.6320 0.5052 -0.5876
vn -0.7529 -0.6578 -0.0209
vn 0.6318 -0.5049 0.5881
vn 0.7511 0.6597 0.0245
vn -0.1999 0.5860 0.7853
vn 0.5649 -0.2711 -0.7793
vn 0.2001 -0.5858 -0.7853
vn -0.5651 0.2709 0.7793
vn 0.4083 -0.7028 0.5825
vn -0.4086 0.7031 -0.5820
vn 0.8420 0.4839 -0.2384
vn -0.8481 -0.4510 0.2779
vn 0.5692 -0.6785 0.4644
vn -0.7506 -0.6603 -0.0255
vn -0.4713 0.5291 -0.7056
vn -0.5084 0.5743 -0.6417
vn 0.8101 0.1380 -0.5698
vn 0.5418 -0.6446 0.5393
vn -0.6317 0.5048 -0.5882
vn -0.7508 -0.6600 -0.0250
vn 0.6315 -0.5046 0.5887
vn 0.7490 0.6619 0.0286
vn -0.2002 0.5858 0.7853
vn 0.5651 -0.2709 -0.7793
vn 0.2004 -0.5857 -0.7854
vn -0.5652 0.2707 0.7792
vn 0.4086 -0.7031 0.5819
vn -0.4089 0.7034 -0.5814
vn 0.8414 0.4867 -0.2349
vn -0.8477 -0.4539 0.2746
vn 0.5692 -0.6786 0.4643
vn -0.7485 -0.6624 -0.0296
vn -0.4713 0.5291 -0.7057
vn 0.8107 0.1399 -0.5685
vn 0.5419 -0.6447 0.5392
vn -0.6315 0.5045 -0.5888
vn -0.7488 -0.6622 -0.0291
vn 0.6312 -0.5042 0.5893
vn 0.7469 0.6641 0.0326
vn -0.2004 0.5857 0.7854
vn 0.5653 -0.2707 -0.7792
vn 0.2007 -0.5855 -0.7854
vn -0.5654 0.2705 0.7792
vn 0.4089 -0.7035 0.5813
vn -0.4092 0.7038 -0.5808
vn 0.8407 0.4895 -0.2313
vn -0.8473 -0.4567 0.2713
vn 0.5692 -0.6786 0.4642
vn -0.7465 -0.6646 -0.0337
vn -0.4713 0.5290 -0.7057
vn -0.5084 0.5742 -0.6417
vn 0.8114 0.1418 -0.5670
vn -0.6312 0.5042 -0.5894
vn -0.7467 -0.6644 -0.0332
vn 0.6309 -0.5039 0.5899
vn 0.7449 0.6662 0.0367
vn -0.2007 0.5855 0.7854
vn 0.5655 -0.2705 -0.7792
vn 0.2009 -0.5853 -0.7855
vn -0.5656 0.2703 0.7791
vn 0.4093 -0.7038 0.5806
vn 0.5262 -0.6108 0.5917
vn -0.4095 0.7041 -0.5801
vn -0.5262 0.6108 -0.5917
vn 0.8400 0.4924 -0.2278
vn -0.8468 -0.4595 0.2679
vn 0.5693 -0.6786 0.4641
vn -0.7443 -0.6667 -0.0377
vn -0.4712 0.5290 -0.7058
vn -0.5084 0.5742 -0.6418
vn 0.8120 0.1437 -0.5657
vn 0.5419 -0.6447 0.5391
vn -0.6309 0.5039 -0.5900
vn -0.7446 -0.6665 -0.0373
vn 0.6307 -0.5036 0.5905
vn 0.7427 0.6683 0.0408
vn -0.2009 0.5853 0.7855
vn 0.5656 -0.2703 -0.7791
vn 0.2012 -0.5852 -0.7856
vn -0.5658 0.2701 0.7791
vn 0.4096 -0.7042 0.5800
vn 0.5262 -0.6108 0.5916
vn -0.4098 0.7044 -0.5795
vn -0.5262 0.6108 -0.5916
vn 0.8393 0.4952 -0.2243
vn -0.8463 -0.4624 0.2646
vn 0.5693 -0.6787 0.4640
vn -0.7422 -0.6689 -0.0418
vn -0.5083 0.5742 -0.6418
vn 0.8127 0.1456 -0.5642
vn 0.5420 -0.6448 0.5390
vn -0.6306 0.5035 -0.5906
vn -0.7424 -0.6686 -0.0413
vn 0.6304 -0.5033 0.5911
vn 0.7406 0.6705 0.0449
vn -0.2012 0.5852 0.7856
vn 0.5658 -0.2701 -0.7791
vn 0.2015 -0.5850 -0.7856
vn -0.5659 0.2700 0.7790
vn 0.4099 -0.7045 0.5794
vn -0.4101 0.7048 -0.5789
vn 0.8386 0.4980 -0.2207
vn -0.8458 -0.4652 0.2612
vn 0.5693 -0.6787 0.4639
vn -0.7401 -0.6710 -0.0459
vn -0.4712 0.5289 -0.7059
vn 0.8133 0.1475 -0.5629
vn -0.6303 0.5032 -0.5912
vn -0.7403 -0.6707 -0.0454
vn 0.6301 -0.5029 0.5917
vn 0.7384 0.6726 0.0490
vn -0.2015 0.5850 0.7856
vn 0.5659 -0.2699 -0.7790
vn 0.2018 -0.5848 -0.7857
vn -0.5661 0.2698 0.7790
vn 0.4102 -0.7048 0.5788
vn -0.4104 0.7051 -0.5783
vn 0.8379 0.5008 -0.2171
vn -0.8453 -0.4680 0.2578
vn 0.5694 -0.6787 0.4638
vn -0.7379 -0.6731 -0.0500
vn -0.4711 0.5289 -0.7059
vn -0.5083 0.5741 -0.6419
vn 0.8139 0.1494 -0.5615
vn 0.5420 -0.6448 0.5389
vn -0.6300 0.5029 -0.5918
vn -0.7381 -0.6728 -0.0495
vn 0.6231 -0.4808 0.6169
vn 0.6244 0.7476 0.2264
vn -0.3924 0.4403 0.8076
vn 0.7214 -0.0488 -0.6908
vn 0.2020 -0.5846 -0.7857
vn 0.5262 -0.3119 -0.7911
vn -0.5662 0.2696 0.7789
vn -0.5251 0.3131 0.7914
vn 0.4105 -0.7052 0.5781
vn 0.5262 -0.6111 0.5913
vn 0.5263 -0.6112 0.5911
vn -0.4153 0.7255 -0.5488
vn -0.5262 0.6109 -0.5915
vn -0.5263 0.6108 -0.5916
vn -0.5263 0.6112 -0.5911
vn -0.5262 0.6111 -0.5913
vn 0.5263 -0.6108 0.5916
vn 0.5262 -0.6109 0.5915
vn -0.4238 0.4149 0.8052
vn 0.8341 0.5144 -0.1990
vn 0.3937 -0.3707 -0.8412
vn 0.4606 -0.4493 -0.7654
vn 0.4659 -0.3747 -0.8016
vn -0.8447 -0.4708 0.2544
vn 0.5730 -0.6746 0.4654
vn -0.7357 -0.6752 -0.0541
vn -0.4679 0.5334 -0.7046
vn 0.3937 -0.4419 -0.8061
vn -0.5075 0.5747 -0.6420
vn 0.8134 0.1467 -0.5630
vn 0.5429 -0.6442 0.5387
vn -0.6124 0.4766 -0.6307
vn -0.5819 -0.7633 -0.2806
vn 0.5633 -0.4752 0.6759
vn 0.2449 0.7703 0.5888
vn -0.6890 0.0956 0.7184
vn 0.8476 0.3242 -0.4202
vn 0.4366 -0.4002 -0.8058
vn 0.7811 0.0764 -0.6197
vn 0.7813 0.0768 -0.6194
vn 0.7815 0.0771 -0.6192
vn -0.7446 0.0060 0.6674
vn -0.7781 -0.0691 0.6244
vn 0.4263 -0.7298 0.5346
vn 0.5275 -0.6115 0.5898
vn 0.5277 -0.6115 0.5896
vn -0.4781 0.7312 -0.4866
vn -0.5270 0.6115 -0.5902
vn -0.5268 0.6114 -0.5904
vn -0.5277 0.6115 -0.5896
vn -0.5275 0.6115 -0.5898
vn 0.5268 -0.6114 0.5904
vn 0.5270 -0.6115 0.5902
vn -0.6912 0.0968 0.7161
vn -0.7388 0.0128 0.6738
vn 0.6858 -0.1054 -0.7201
vn 0.6242 0.7474 0.2278
vn 0.6648 0.0636 -0.7443
vn 0.7987 -0.0930 -0.5946
vn 0.7013 -0.0793 -0.7084
vn 0.7811 0.0763 -0.6197
vn -0.7584 -0.6516 -0.0111
vn 0.6224 -0.6194 0.4786
vn -0.4840 -0.7829 -0.3910
vn -0.4212 0.5895 -0.6893
vn 0.6957 -0.0887 -0.7129
vn -0.4860 0.5978 -0.6375
vn 0.8502 0.4231 -0.3134
vn 0.5668 -0.6209 0.5415
vt 0.607102 0.283883
vt 0.628943 0.305942
vt 0.624185 0.308795
vt 0.604203 0.288613
vt 0.611919 0.320939
vt 0.591937 0.300757
vt 0.549531 0.340883
vt 0.571372 0.362943
vt 0.566613 0.365795
vt 0.546631 0.345613
vt 0.547247 0.255004
vt 0.527265 0.234822
vt 0.539531 0.222678
vt 0.559513 0.242860
vt 0.563916 0.246217
vt 0.550509 0.259491
vt 0.652769 0.362776
vt 0.666176 0.349502
vt 0.669490 0.353938
vt 0.657224 0.366082
vt 0.628639 0.312102
vt 0.615233 0.325376
vt 0.645033 0.355067
vt 0.658440 0.341793
vt 0.587533 0.297399
vt 0.600940 0.284125
vt 0.571547 0.254030
vt 0.558140 0.267304
vt 0.609026 0.325661
vt 0.587186 0.303602
vt 0.557292 0.333199
vt 0.579133 0.355259
vt 0.649508 0.243757
vt 0.669490 0.263939
vt 0.666598 0.268661
vt 0.644757 0.246601
vt 0.614863 0.276199
vt 0.636704 0.298258
vt 0.658837 0.276345
vt 0.636996 0.254285
vt 0.601266 0.333345
vt 0.579425 0.311286
vt 0.579902 0.289586
vt 0.593309 0.276312
vt 0.636376 0.319810
vt 0.622969 0.333084
vt 0.819950 0.314074
vt 0.835532 0.314074
vt 0.831201 0.346513
vt 0.824423 0.346513
vt 0.653857 0.341221
vt 0.636938 0.324363
vt 0.627551 0.333657
vt 0.644471 0.350514
vt 0.768968 0.525648
vt 0.775745 0.525648
vt 0.774045 0.552571
vt 0.770533 0.552571
vt 0.890918 0.372330
vt 0.918619 0.377483
vt 0.913543 0.404043
vt 0.895462 0.404741
vt 0.764564 0.498968
vt 0.780147 0.498968
vt 0.835532 0.435782
vt 0.863225 0.430587
vt 0.858671 0.463016
vt 0.840590 0.462345
vt 0.829756 0.382512
vt 0.826243 0.382512
vt 0.826204 0.376797
vt 0.829717 0.376797
vt 0.841147 0.487778
vt 0.835532 0.488844
vt 0.918619 0.430530
vt 0.913003 0.429473
vt 0.628943 0.305942
vt 0.624185 0.308795
vt 0.611919 0.320939
vt 0.549531 0.340883
vt 0.547247 0.255004
vt 0.563916 0.246217
vt 0.666176 0.349502
vt 0.669490 0.353938
vt 0.628640 0.312102
vt 0.645033 0.355067
vt 0.658440 0.341793
vt 0.571547 0.254030
vt 0.649508 0.243757
vt 0.658837 0.276345
vt 0.636996 0.254285
vt 0.579425 0.311286
vt 0.636376 0.319810
vt 0.622969 0.333084
vt 0.819950 0.382512
vt 0.835532 0.382512
vt 0.831201 0.414951
vt 0.824423 0.414951
vt 0.653857 0.341221
vt 0.644471 0.350514
vt 0.737802 0.525648
vt 0.744579 0.525648
vt 0.742879 0.552571
vt 0.739367 0.552571
vt 0.721281 0.440768
vt 0.748981 0.445921
vt 0.743905 0.472481
vt 0.725825 0.473179
vt 0.733398 0.498968
vt 0.748981 0.498968
vt 0.835532 0.377525
vt 0.863225 0.372330
vt 0.858671 0.404759
vt 0.840590 0.404088
vt 0.829756 0.450950
vt 0.826243 0.450950
vt 0.826204 0.445235
vt 0.829717 0.445235
vt 0.841147 0.429521
vt 0.835532 0.430587
vt 0.748981 0.498968
vt 0.743365 0.497911
vt 0.591937 0.300757
vt 0.549531 0.340883
vt 0.566613 0.365795
vt 0.527265 0.234822
vt 0.539531 0.222678
vt 0.669490 0.353938
vt 0.557292 0.333199
vt 0.669490 0.263939
vt 0.666598 0.268661
vt 0.644757 0.246601
vt 0.658837 0.276345
vt 0.601266 0.333345
vt 0.579425 0.311286
vt 0.579902 0.289586
vt 0.804367 0.314074
vt 0.815618 0.346513
vt 0.808840 0.346513
vt 0.722219 0.525648
vt 0.728996 0.525648
vt 0.727296 0.552571
vt 0.723784 0.552571
vt 0.918619 0.372273
vt 0.946319 0.377425
vt 0.941243 0.403985
vt 0.923163 0.404684
vt 0.717815 0.498968
vt 0.863225 0.435782
vt 0.890918 0.430587
vt 0.886364 0.463016
vt 0.868283 0.462345
vt 0.814173 0.382512
vt 0.810660 0.382512
vt 0.810621 0.376797
vt 0.814134 0.376797
vt 0.868839 0.487778
vt 0.863225 0.488844
vt 0.946319 0.430473
vt 0.940704 0.429415
vt 0.607102 0.283883
vt 0.628943 0.305942
vt 0.624184 0.308795
vt 0.604203 0.288613
vt 0.611919 0.320939
vt 0.591937 0.300757
vt 0.549531 0.340883
vt 0.571372 0.362943
vt 0.566613 0.365795
vt 0.546631 0.345613
vt 0.547247 0.255004
vt 0.550509 0.259491
vt 0.652769 0.362776
vt 0.666176 0.349502
vt 0.628639 0.312102
vt 0.615233 0.325376
vt 0.645033 0.355067
vt 0.587533 0.297399
vt 0.600940 0.284125
vt 0.571547 0.254030
vt 0.558140 0.267304
vt 0.609026 0.325661
vt 0.587186 0.303602
vt 0.557292 0.333199
vt 0.579133 0.355259
vt 0.649508 0.243757
vt 0.669490 0.263939
vt 0.666598 0.268661
vt 0.644757 0.246601
vt 0.614863 0.276199
vt 0.636704 0.298258
vt 0.658837 0.276345
vt 0.636996 0.254285
vt 0.601266 0.333345
vt 0.579425 0.311286
vt 0.579902 0.289586
vt 0.593309 0.276312
vt 0.636376 0.319810
vt 0.804367 0.382512
vt 0.819949 0.382512
vt 0.815618 0.414951
vt 0.808840 0.414951
vt 0.653857 0.341221
vt 0.636938 0.324363
vt 0.627551 0.333657
vt 0.644471 0.350514
vt 0.938605 0.510756
vt 0.945382 0.510756
vt 0.943683 0.537679
vt 0.940170 0.537679
vt 0.792249 0.450950
vt 0.819950 0.456102
vt 0.814874 0.482662
vt 0.796793 0.483360
vt 0.934201 0.484076
vt 0.949784 0.484076
vt 0.863225 0.377525
vt 0.890918 0.372330
vt 0.886364 0.404759
vt 0.868283 0.404088
vt 0.814173 0.450950
vt 0.810660 0.450950
vt 0.810621 0.445235
vt 0.814134 0.445235
vt 0.868839 0.429521
vt 0.819950 0.509149
vt 0.814334 0.508092
vt 0.604202 0.288613
vt 0.547247 0.255004
vt 0.559513 0.242860
vt 0.666176 0.349502
vt 0.645033 0.355067
vt 0.587533 0.297399
vt 0.609026 0.325661
vt 0.587186 0.303602
vt 0.579133 0.355259
vt 0.649508 0.243757
vt 0.669490 0.263939
vt 0.666598 0.268661
vt 0.644757 0.246601
vt 0.636996 0.254285
vt 0.773201 0.314074
vt 0.788784 0.314074
vt 0.784452 0.346513
vt 0.777675 0.346513
vt 0.636938 0.324363
vt 0.627551 0.333657
vt 0.923022 0.510756
vt 0.929799 0.510756
vt 0.928100 0.537679
vt 0.924587 0.537679
vt 0.890918 0.314074
vt 0.918619 0.319226
vt 0.913543 0.345786
vt 0.895462 0.346484
vt 0.918619 0.484076
vt 0.863225 0.319268
vt 0.890918 0.314074
vt 0.886364 0.346502
vt 0.868283 0.345831
vt 0.783007 0.382512
vt 0.779494 0.382512
vt 0.779456 0.376797
vt 0.782968 0.376797
vt 0.868839 0.371264
vt 0.918619 0.372273
vt 0.913003 0.371216
vt 0.624184 0.308795
vt 0.604202 0.288613
vt 0.611919 0.320939
vt 0.566613 0.365795
vt 0.527265 0.234822
vt 0.563916 0.246217
vt 0.587533 0.297399
vt 0.600940 0.284125
vt 0.609026 0.325661
vt 0.587186 0.303602
vt 0.666598 0.268661
vt 0.644757 0.246601
vt 0.658837 0.276345
vt 0.636996 0.254285
vt 0.593309 0.276312
vt 0.742035 0.314074
vt 0.757618 0.314074
vt 0.753286 0.346513
vt 0.746509 0.346513
vt 0.867629 0.515523
vt 0.874406 0.515523
vt 0.872706 0.542447
vt 0.869194 0.542447
vt 0.918619 0.435739
vt 0.913543 0.462299
vt 0.895462 0.462998
vt 0.863225 0.488844
vt 0.878808 0.488844
vt 0.776674 0.387706
vt 0.804367 0.382512
vt 0.799813 0.414940
vt 0.781731 0.414269
vt 0.751841 0.382512
vt 0.748329 0.382512
vt 0.748290 0.376798
vt 0.751802 0.376797
vt 0.782288 0.439703
vt 0.776674 0.440768
vt 0.918619 0.488787
vt 0.913003 0.487729
vt 0.607102 0.283883
vt 0.628943 0.305942
vt 0.624184 0.308795
vt 0.591937 0.300757
vt 0.571372 0.362943
vt 0.527265 0.234822
vt 0.539531 0.222678
vt 0.559513 0.242860
vt 0.563916 0.246217
vt 0.550509 0.259491
vt 0.666176 0.349502
vt 0.669490 0.353938
vt 0.615232 0.325376
vt 0.645033 0.355067
vt 0.571547 0.254030
vt 0.587186 0.303602
vt 0.579132 0.355259
vt 0.669490 0.263939
vt 0.614863 0.276199
vt 0.636704 0.298258
vt 0.636996 0.254285
vt 0.579425 0.311286
vt 0.593309 0.276312
vt 0.622969 0.333084
vt 0.773201 0.314074
vt 0.768869 0.346513
vt 0.762092 0.346513
vt 0.653857 0.341221
vt 0.923022 0.457152
vt 0.929799 0.457152
vt 0.928100 0.484076
vt 0.924587 0.484076
vt 0.890918 0.488787
vt 0.918619 0.493939
vt 0.913543 0.520499
vt 0.895462 0.521197
vt 0.918619 0.430473
vt 0.934201 0.430473
vt 0.748981 0.387706
vt 0.776674 0.382512
vt 0.772120 0.414940
vt 0.754039 0.414269
vt 0.767424 0.382512
vt 0.763911 0.382512
vt 0.763873 0.376797
vt 0.767385 0.376797
vt 0.754595 0.439703
vt 0.748981 0.440768
vt 0.918619 0.546986
vt 0.913003 0.545929
vt 0.571371 0.362943
vt 0.566613 0.365795
vt 0.546631 0.345613
vt 0.539531 0.222677
vt 0.550509 0.259491
vt 0.666176 0.349502
vt 0.657224 0.366082
vt 0.658440 0.341793
vt 0.600940 0.284125
vt 0.571547 0.254030
vt 0.557292 0.333199
vt 0.579132 0.355259
vt 0.614863 0.276199
vt 0.636376 0.319810
vt 0.622969 0.333084
vt 0.710869 0.314074
vt 0.726452 0.314074
vt 0.722120 0.346513
vt 0.715343 0.346513
vt 0.636938 0.324363
vt 0.627551 0.333657
vt 0.644470 0.350514
vt 0.796652 0.535829
vt 0.803430 0.535829
vt 0.801730 0.562752
vt 0.798217 0.562752
vt 0.835525 0.488844
vt 0.863225 0.493996
vt 0.858149 0.520556
vt 0.840069 0.521255
vt 0.792249 0.509149
vt 0.807832 0.509149
vt 0.721288 0.387706
vt 0.748981 0.382512
vt 0.744427 0.414940
vt 0.726346 0.414269
vt 0.720675 0.382512
vt 0.717163 0.382512
vt 0.717124 0.376798
vt 0.720636 0.376798
vt 0.726902 0.439703
vt 0.721288 0.440768
vt 0.863225 0.547043
vt 0.857610 0.545986
vt 0.607102 0.283883
vt 0.628943 0.305942
vt 0.624184 0.308795
vt 0.604202 0.288613
vt 0.611918 0.320939
vt 0.591937 0.300757
vt 0.549531 0.340883
vt 0.571371 0.362943
vt 0.566613 0.365795
vt 0.546631 0.345613
vt 0.547247 0.255004
vt 0.652769 0.362776
vt 0.666176 0.349502
vt 0.669490 0.353938
vt 0.657224 0.366082
vt 0.628639 0.312102
vt 0.615232 0.325376
vt 0.645033 0.355067
vt 0.658439 0.341794
vt 0.587533 0.297399
vt 0.609026 0.325661
vt 0.587185 0.303602
vt 0.557292 0.333199
vt 0.579132 0.355259
vt 0.649508 0.243757
vt 0.669490 0.263939
vt 0.666598 0.268661
vt 0.644757 0.246601
vt 0.614863 0.276199
vt 0.636704 0.298258
vt 0.658837 0.276345
vt 0.636996 0.254285
vt 0.601265 0.333345
vt 0.579425 0.311286
vt 0.579902 0.289586
vt 0.593309 0.276312
vt 0.636376 0.319810
vt 0.622969 0.333084
vt 0.804367 0.314074
vt 0.800035 0.346513
vt 0.793257 0.346513
vt 0.653857 0.341221
vt 0.636938 0.324363
vt 0.627551 0.333657
vt 0.644470 0.350514
vt 0.753385 0.525648
vt 0.760162 0.525648
vt 0.758462 0.552571
vt 0.754950 0.552571
vt 0.918619 0.314074
vt 0.946319 0.319226
vt 0.941243 0.345786
vt 0.923163 0.346484
vt 0.748981 0.498968
vt 0.764564 0.498968
vt 0.835532 0.319268
vt 0.863225 0.314074
vt 0.858671 0.346502
vt 0.840590 0.345831
vt 0.798590 0.382512
vt 0.795077 0.382512
vt 0.795038 0.376797
vt 0.798551 0.376797
vt 0.841146 0.371264
vt 0.835532 0.372330
vt 0.946319 0.372273
vt 0.940704 0.371216
vt 0.607103 0.283882
vt 0.628944 0.305942
vt 0.624185 0.308795
vt 0.604203 0.288613
vt 0.611919 0.320939
vt 0.591937 0.300757
vt 0.549531 0.340883
vt 0.571372 0.362943
vt 0.566614 0.365795
vt 0.546632 0.345613
vt 0.547247 0.255004
vt 0.527265 0.234822
vt 0.559513 0.242860
vt 0.563916 0.246217
vt 0.550509 0.259491
vt 0.652770 0.362776
vt 0.666177 0.349502
vt 0.669490 0.353938
vt 0.657225 0.366082
vt 0.628640 0.312102
vt 0.615233 0.325376
vt 0.645033 0.355067
vt 0.658440 0.341794
vt 0.587534 0.297399
vt 0.600940 0.284125
vt 0.571547 0.254030
vt 0.558140 0.267304
vt 0.609027 0.325661
vt 0.587186 0.303602
vt 0.557292 0.333199
vt 0.579133 0.355259
vt 0.649508 0.243756
vt 0.669490 0.263938
vt 0.666599 0.268660
vt 0.644758 0.246601
vt 0.614864 0.276199
vt 0.636705 0.298258
vt 0.658838 0.276344
vt 0.636997 0.254285
vt 0.601266 0.333345
vt 0.579425 0.311286
vt 0.579903 0.289586
vt 0.593310 0.276312
vt 0.636377 0.319810
vt 0.622970 0.333084
vt 0.742035 0.314074
vt 0.737703 0.346513
vt 0.730926 0.346513
vt 0.653858 0.341221
vt 0.636939 0.324363
vt 0.627552 0.333657
vt 0.644471 0.350514
vt 0.938605 0.457152
vt 0.945382 0.457152
vt 0.943682 0.484076
vt 0.940170 0.484076
vt 0.776682 0.445921
vt 0.771606 0.472481
vt 0.753525 0.473179
vt 0.949784 0.430473
vt 2.630658 1.712081
vt 2.651120 1.708243
vt 2.647755 1.732203
vt 2.634395 1.731708
vt 0.736258 0.382512
vt 0.732746 0.382512
vt 0.732707 0.376797
vt 0.736219 0.376797
vt 2.634806 1.750500
vt 2.630658 1.751287
vt 0.776682 0.498968
vt 0.771066 0.497911
vt 0.575817 0.449315
vt 0.548544 0.421769
vt 0.554486 0.418207
vt 0.579438 0.443408
vt 0.569803 0.403042
vt 0.594754 0.428244
vt 0.647706 0.378138
vt 0.620433 0.350592
vt 0.626375 0.347031
vt 0.651326 0.372232
vt 0.650558 0.485375
vt 0.675510 0.510576
vt 0.660193 0.525740
vt 0.635242 0.500539
vt 0.629744 0.496347
vt 0.646485 0.479772
vt 0.518793 0.350801
vt 0.502051 0.367376
vt 0.497914 0.361836
vt 0.513230 0.346672
vt 0.548923 0.414077
vt 0.565665 0.397502
vt 0.528453 0.360427
vt 0.511712 0.377002
vt 0.600253 0.432437
vt 0.583512 0.449012
vt 0.620215 0.486591
vt 0.636956 0.470016
vt 0.573414 0.397146
vt 0.600687 0.424691
vt 0.638015 0.387733
vt 0.610742 0.360187
vt 0.522865 0.499420
vt 0.497914 0.474218
vt 0.501525 0.468322
vt 0.528798 0.495868
vt 0.566126 0.458909
vt 0.538853 0.431364
vt 0.511216 0.458727
vt 0.538489 0.486273
vt 0.583105 0.387551
vt 0.610378 0.415096
vt 0.609781 0.442193
vt 0.593040 0.458768
vt 0.539263 0.404452
vt 0.556004 0.387877
vt 0.675510 0.346672
vt 0.692004 0.346672
vt 0.687419 0.381009
vt 0.680245 0.381009
vt 0.517434 0.377717
vt 0.538561 0.398767
vt 0.550282 0.387162
vt 0.529155 0.366112
vt 0.696665 0.390615
vt 0.703839 0.390615
vt 0.702039 0.419113
vt 0.698321 0.419113
vt 0.675510 0.480777
vt 0.704830 0.486231
vt 0.699458 0.514344
vt 0.680319 0.515083
vt 0.692004 0.362375
vt 0.708498 0.362375
vt 0.675510 0.424611
vt 0.704822 0.419113
vt 0.700002 0.453438
vt 0.680863 0.452728
vt 0.685889 0.419113
vt 0.682171 0.419113
vt 0.682130 0.413065
vt 0.685848 0.413065
vt 0.681452 0.479649
vt 0.704830 0.542380
vt 0.698886 0.541261
vt 0.575817 0.449315
vt 0.548544 0.421769
vt 0.554486 0.418207
vt 0.579438 0.443408
vt 0.569803 0.403042
vt 0.594754 0.428244
vt 0.647706 0.378138
vt 0.620433 0.350593
vt 0.626375 0.347031
vt 0.651327 0.372232
vt 0.650558 0.485375
vt 0.675510 0.510576
vt 0.660193 0.525741
vt 0.635242 0.500540
vt 0.629744 0.496347
vt 0.646485 0.479772
vt 0.518793 0.350801
vt 0.502052 0.367376
vt 0.497914 0.361836
vt 0.513230 0.346672
vt 0.548923 0.414077
vt 0.565665 0.397503
vt 0.528453 0.360427
vt 0.511712 0.377002
vt 0.600253 0.432437
vt 0.583512 0.449012
vt 0.620215 0.486591
vt 0.636956 0.470016
vt 0.573414 0.397146
vt 0.600687 0.424691
vt 0.638015 0.387733
vt 0.610742 0.360188
vt 0.522865 0.499420
vt 0.497914 0.474219
vt 0.501525 0.468322
vt 0.528797 0.495868
vt 0.566126 0.458910
vt 0.538853 0.431364
vt 0.511216 0.458727
vt 0.538488 0.486273
vt 0.583105 0.387551
vt 0.610377 0.415097
vt 0.609781 0.442193
vt 0.593040 0.458768
vt 0.539263 0.404452
vt 0.556004 0.387877
vt 0.675510 0.346672
vt 0.692004 0.346672
vt 0.687419 0.381009
vt 0.680245 0.381009
vt 0.517434 0.377717
vt 0.538561 0.398767
vt 0.550282 0.387162
vt 0.529155 0.366112
vt 0.696665 0.390615
vt 0.703839 0.390615
vt 0.702039 0.419113
vt 0.698322 0.419113
vt 0.675510 0.480777
vt 0.704830 0.486230
vt 0.699458 0.514344
vt 0.680320 0.515083
vt 0.692004 0.362375
vt 0.708498 0.362375
vt 0.675510 0.424611
vt 0.704822 0.419113
vt 0.700002 0.453438
vt 0.680863 0.452728
vt 0.685889 0.419113
vt 0.682171 0.419113
vt 0.682130 0.413064
vt 0.685848 0.413064
vt 0.681452 0.479649
vt 0.704830 0.542380
vt 0.698886 0.541261
vt 0.575817 0.449315
vt 0.548544 0.421770
vt 0.554487 0.418207
vt 0.579438 0.443409
vt 0.569803 0.403043
vt 0.594754 0.428244
vt 0.647706 0.378139
vt 0.620434 0.350593
vt 0.626375 0.347031
vt 0.651327 0.372233
vt 0.650558 0.485375
vt 0.675510 0.510577
vt 0.660194 0.525741
vt 0.635242 0.500540
vt 0.629744 0.496347
vt 0.646485 0.479772
vt 0.518793 0.350801
vt 0.502052 0.367376
vt 0.497914 0.361837
vt 0.513231 0.346672
vt 0.548924 0.414078
vt 0.565665 0.397503
vt 0.528453 0.360427
vt 0.511713 0.377002
vt 0.600253 0.432437
vt 0.583512 0.449012
vt 0.620215 0.486592
vt 0.636956 0.470016
vt 0.573414 0.397146
vt 0.600687 0.424692
vt 0.638015 0.387734
vt 0.610743 0.360188
vt 0.522865 0.499420
vt 0.497914 0.474219
vt 0.501525 0.468323
vt 0.528798 0.495868
vt 0.566126 0.458910
vt 0.538853 0.431364
vt 0.511216 0.458728
vt 0.538489 0.486273
vt 0.583105 0.387551
vt 0.610378 0.415097
vt 0.609782 0.442193
vt 0.593040 0.458768
vt 0.539263 0.404453
vt 0.556004 0.387878
vt 0.675510 0.346672
vt 0.692004 0.346672
vt 0.687419 0.381009
vt 0.680245 0.381009
vt 0.517434 0.377717
vt 0.538561 0.398767
vt 0.550282 0.387162
vt 0.529155 0.366112
vt 0.696665 0.390615
vt 0.703839 0.390615
vt 0.702039 0.419113
vt 0.698322 0.419113
vt 0.675510 0.480777
vt 0.704831 0.486231
vt 0.699458 0.514344
vt 0.680320 0.515083
vt 0.692004 0.362375
vt 0.708498 0.362375
vt 0.675510 0.424612
vt 0.704822 0.419113
vt 0.700002 0.453438
vt 0.680863 0.452728
vt 0.685890 0.419113
vt 0.682172 0.419113
vt 0.682131 0.413065
vt 0.685848 0.413065
vt 0.681452 0.479649
vt 0.675510 0.480777
vt 0.704831 0.542381
vt 0.698887 0.541261
vt 0.575817 0.449315
vt 0.548544 0.421769
vt 0.554486 0.418207
vt 0.579438 0.443409
vt 0.569803 0.403043
vt 0.594754 0.428244
vt 0.647706 0.378139
vt 0.620433 0.350593
vt 0.626375 0.347031
vt 0.651327 0.372233
vt 0.650558 0.485375
vt 0.675510 0.510577
vt 0.660193 0.525741
vt 0.635242 0.500540
vt 0.629744 0.496347
vt 0.646485 0.479772
vt 0.518793 0.350801
vt 0.502052 0.367376
vt 0.497914 0.361837
vt 0.513230 0.346672
vt 0.548923 0.414078
vt 0.565664 0.397503
vt 0.528453 0.360427
vt 0.511712 0.377002
vt 0.600253 0.432437
vt 0.583512 0.449012
vt 0.620215 0.486591
vt 0.636956 0.470016
vt 0.573414 0.397146
vt 0.600687 0.424692
vt 0.638015 0.387734
vt 0.610742 0.360188
vt 0.522865 0.499420
vt 0.497914 0.474219
vt 0.501525 0.468323
vt 0.528797 0.495868
vt 0.566126 0.458910
vt 0.538853 0.431364
vt 0.511216 0.458728
vt 0.538488 0.486273
vt 0.583105 0.387551
vt 0.610377 0.415097
vt 0.609781 0.442193
vt 0.593040 0.458768
vt 0.539263 0.404453
vt 0.556004 0.387877
vt 0.675510 0.346672
vt 0.687419 0.381009
vt 0.680245 0.381009
vt 0.517434 0.377717
vt 0.538561 0.398767
vt 0.550282 0.387162
vt 0.529155 0.366112
vt 0.696665 0.390615
vt 0.703839 0.390615
vt 0.702039 0.419113
vt 0.698321 0.419113
vt 0.675510 0.480777
vt 0.704830 0.486231
vt 0.699458 0.514344
vt 0.680320 0.515083
vt 0.692004 0.362375
vt 0.708498 0.362375
vt 0.675510 0.424612
vt 0.704822 0.419113
vt 0.700002 0.453438
vt 0.680863 0.452728
vt 0.685889 0.419113
vt 0.682172 0.419113
vt 0.682130 0.413065
vt 0.685848 0.413065
vt 0.681452 0.479649
vt 0.675510 0.480777
vt 0.704830 0.542380
vt 0.698886 0.541261
vt 0.548544 0.421769
vt 0.554487 0.418207
vt 0.579438 0.443408
vt 0.569803 0.403042
vt 0.594754 0.428244
vt 0.647706 0.378138
vt 0.620433 0.350592
vt 0.626375 0.347031
vt 0.651326 0.372232
vt 0.675510 0.510576
vt 0.660193 0.525741
vt 0.635242 0.500539
vt 0.629744 0.496347
vt 0.646485 0.479772
vt 0.518793 0.350801
vt 0.502052 0.367376
vt 0.497914 0.361836
vt 0.513230 0.346672
vt 0.548923 0.414077
vt 0.565664 0.397502
vt 0.528453 0.360426
vt 0.511712 0.377002
vt 0.600253 0.432437
vt 0.583512 0.449012
vt 0.620215 0.486591
vt 0.636956 0.470016
vt 0.573414 0.397146
vt 0.600687 0.424691
vt 0.638015 0.387733
vt 0.610742 0.360187
vt 0.522865 0.499420
vt 0.497914 0.474218
vt 0.501525 0.468322
vt 0.528797 0.495868
vt 0.566126 0.458909
vt 0.538853 0.431364
vt 0.511216 0.458727
vt 0.538489 0.486273
vt 0.583105 0.387551
vt 0.610378 0.415096
vt 0.609781 0.442193
vt 0.593040 0.458768
vt 0.539263 0.404452
vt 0.556004 0.387877
vt 0.675510 0.346672
vt 0.692004 0.346672
vt 0.680245 0.381009
vt 0.517434 0.377717
vt 0.538561 0.398767
vt 0.550282 0.387162
vt 0.529155 0.366112
vt 0.696665 0.390615
vt 0.703839 0.390615
vt 0.702039 0.419113
vt 0.675510 0.480777
vt 0.704830 0.486231
vt 0.699458 0.514344
vt 0.680320 0.515083
vt 0.692004 0.362375
vt 0.675510 0.424611
vt 0.704822 0.419113
vt 0.700002 0.453438
vt 0.680863 0.452728
vt 0.685889 0.419113
vt 0.682171 0.419113
vt 0.682130 0.413065
vt 0.685848 0.413065
vt 0.681452 0.479649
vt 0.704830 0.542380
vt 0.698886 0.541261
vt 0.575817 0.449315
vt 0.548544 0.421769
vt 0.554486 0.418207
vt 0.579438 0.443408
vt 0.569802 0.403043
vt 0.594754 0.428244
vt 0.647706 0.378138
vt 0.620433 0.350593
vt 0.626375 0.347031
vt 0.651326 0.372232
vt 0.650558 0.485375
vt 0.675510 0.510576
vt 0.660193 0.525741
vt 0.635242 0.500539
vt 0.629744 0.496347
vt 0.646485 0.479772
vt 0.518792 0.350801
vt 0.502051 0.367376
vt 0.497914 0.361836
vt 0.513230 0.346672
vt 0.548923 0.414078
vt 0.565664 0.397503
vt 0.528453 0.360427
vt 0.511712 0.377002
vt 0.600253 0.432437
vt 0.583512 0.449012
vt 0.620215 0.486591
vt 0.636956 0.470016
vt 0.573414 0.397146
vt 0.600687 0.424692
vt 0.638015 0.387733
vt 0.610742 0.360187
vt 0.522865 0.499420
vt 0.497914 0.474219
vt 0.501525 0.468322
vt 0.528797 0.495868
vt 0.566126 0.458910
vt 0.538853 0.431364
vt 0.511216 0.458727
vt 0.538488 0.486273
vt 0.583105 0.387551
vt 0.609781 0.442193
vt 0.593040 0.458768
vt 0.539263 0.404452
vt 0.556004 0.387877
vt 0.675510 0.346672
vt 0.692004 0.346672
vt 0.687419 0.381009
vt 0.517434 0.377717
vt 0.538561 0.398767
vt 0.550282 0.387162
vt 0.529155 0.366112
vt 0.696665 0.390615
vt 0.703839 0.390615
vt 0.702039 0.419113
vt 0.698321 0.419113
vt 0.675510 0.480777
vt 0.704830 0.486231
vt 0.699458 0.514344
vt 0.680320 0.515083
vt 0.692004 0.362375
vt 0.708498 0.362375
vt 0.675510 0.424611
vt 0.704822 0.419113
vt 0.700002 0.453438
vt 0.680863 0.452728
vt 0.685889 0.419113
vt 0.682130 0.413065
vt 0.685848 0.413065
vt 0.681452 0.479649
vt 0.675510 0.480777
vt 0.704830 0.542380
vt 0.698886 0.541261
vt 0.575817 0.449315
vt 0.548544 0.421769
vt 0.554487 0.418207
vt 0.579438 0.443408
vt 0.569803 0.403043
vt 0.594755 0.428244
vt 0.647706 0.378138
vt 0.620434 0.350593
vt 0.626375 0.347031
vt 0.651327 0.372233
vt 0.650558 0.485375
vt 0.675510 0.510576
vt 0.660194 0.525741
vt 0.635242 0.500540
vt 0.629744 0.496347
vt 0.646485 0.479772
vt 0.518793 0.350801
vt 0.502052 0.367376
vt 0.497914 0.361837
vt 0.513231 0.346672
vt 0.548924 0.414078
vt 0.565665 0.397503
vt 0.528454 0.360427
vt 0.511712 0.377002
vt 0.600253 0.432437
vt 0.583512 0.449012
vt 0.620215 0.486591
vt 0.636956 0.470016
vt 0.573414 0.397146
vt 0.600687 0.424692
vt 0.638015 0.387733
vt 0.610743 0.360188
vt 0.522866 0.499420
vt 0.497914 0.474219
vt 0.501525 0.468322
vt 0.528798 0.495868
vt 0.566126 0.458910
vt 0.538854 0.431364
vt 0.511216 0.458728
vt 0.538489 0.486273
vt 0.583105 0.387551
vt 0.610378 0.415097
vt 0.609782 0.442193
vt 0.593041 0.458768
vt 0.539263 0.404452
vt 0.556004 0.387877
vt 0.675510 0.346672
vt 0.692004 0.346672
vt 0.687419 0.381009
vt 0.517434 0.377717
vt 0.538561 0.398767
vt 0.550282 0.387162
vt 0.529155 0.366112
vt 0.696665 0.390615
vt 0.703839 0.390615
vt 0.702039 0.419113
vt 0.698322 0.419113
vt 0.675510 0.480777
vt 0.704831 0.486231
vt 0.699458 0.514344
vt 0.680320 0.515083
vt 0.692004 0.362375
vt 0.708498 0.362375
vt 0.675510 0.424611
vt 0.704822 0.419113
vt 0.700002 0.453438
vt 0.680863 0.452728
vt 0.685889 0.419113
vt 0.682172 0.419113
vt 0.682130 0.413064
vt 0.685848 0.413065
vt 0.681452 0.479649
vt 0.704831 0.542380
vt 0.698886 0.541261
vt 0.575817 0.449315
vt 0.548544 0.421769
vt 0.554486 0.418207
vt 0.579438 0.443408
vt 0.569803 0.403043
vt 0.594754 0.428244
vt 0.647706 0.378138
vt 0.620433 0.350592
vt 0.626375 0.347031
vt 0.651326 0.372232
vt 0.650558 0.485375
vt 0.675510 0.510576
vt 0.660193 0.525741
vt 0.635242 0.500539
vt 0.629744 0.496347
vt 0.646485 0.479772
vt 0.518793 0.350801
vt 0.502051 0.367376
vt 0.497914 0.361837
vt 0.513230 0.346672
vt 0.548923 0.414077
vt 0.565664 0.397502
vt 0.528453 0.360427
vt 0.511712 0.377002
vt 0.600253 0.432437
vt 0.583512 0.449012
vt 0.620215 0.486591
vt 0.636956 0.470016
vt 0.573414 0.397146
vt 0.600687 0.424691
vt 0.638015 0.387733
vt 0.610742 0.360188
vt 0.522865 0.499420
vt 0.497914 0.474219
vt 0.501525 0.468322
vt 0.528798 0.495868
vt 0.566126 0.458910
vt 0.538489 0.486273
vt 0.583105 0.387551
vt 0.610378 0.415096
vt 0.609781 0.442193
vt 0.593040 0.458768
vt 0.539263 0.404452
vt 0.687419 0.381009
vt 0.680245 0.381009
vt 0.517434 0.377717
vt 0.538561 0.398767
vt 0.550282 0.387162
vt 0.529155 0.366112
vt 0.696665 0.390615
vt 0.703839 0.390615
vt 0.702040 0.419113
vt 0.698322 0.419113
vt 0.675510 0.480777
vt 0.704830 0.486230
vt 0.680320 0.515083
vt 0.692004 0.362375
vt 0.708498 0.362375
vt 0.675510 0.424611
vt 0.704822 0.419113
vt 0.700002 0.453438
vt 0.680863 0.452728
vt 0.685889 0.419113
vt 0.682172 0.419113
vt 0.682130 0.413064
vt 0.685848 0.413064
vt 0.681452 0.479649
vt 0.704830 0.542380
vt 0.698886 0.541261
vt 0.575817 0.449315
vt 0.548544 0.421769
vt 0.554486 0.418207
vt 0.579438 0.443408
vt 0.569803 0.403043
vt 0.594754 0.428244
vt 0.647706 0.378139
vt 0.620434 0.350593
vt 0.626376 0.347031
vt 0.651327 0.372233
vt 0.650558 0.485376
vt 0.675509 0.510577
vt 0.660193 0.525742
vt 0.635242 0.500540
vt 0.629743 0.496348
vt 0.646485 0.479773
vt 0.518793 0.350801
vt 0.502052 0.367376
vt 0.497914 0.361836
vt 0.548923 0.414077
vt 0.565665 0.397503
vt 0.528453 0.360427
vt 0.511712 0.377002
vt 0.600253 0.432437
vt 0.583512 0.449012
vt 0.620215 0.486591
vt 0.636956 0.470017
vt 0.573414 0.397146
vt 0.600687 0.424692
vt 0.638015 0.387734
vt 0.610743 0.360188
vt 0.522865 0.499420
vt 0.497914 0.474219
vt 0.501525 0.468322
vt 0.528797 0.495868
vt 0.566126 0.458910
vt 0.538853 0.431364
vt 0.511216 0.458727
vt 0.538488 0.486273
vt 0.583105 0.387551
vt 0.610378 0.415097
vt 0.609781 0.442194
vt 0.593040 0.458768
vt 0.539263 0.404452
vt 0.556004 0.387877
vt 0.675509 0.346672
vt 0.692004 0.346672
vt 0.687418 0.381009
vt 0.680245 0.381009
vt 0.517434 0.377717
vt 0.538561 0.398767
vt 0.550282 0.387162
vt 0.529155 0.366112
vt 0.703838 0.390615
vt 0.702039 0.419113
vt 0.698322 0.419113
vt 0.675509 0.480777
vt 0.704830 0.486231
vt 0.699457 0.514344
vt 0.680319 0.515083
vt 0.692003 0.362375
vt 0.675509 0.424612
vt 0.704822 0.419113
vt 0.700002 0.453439
vt 0.680862 0.452728
vt 0.685889 0.419113
vt 0.682171 0.419113
vt 0.682130 0.413065
vt 0.685848 0.413065
vt 0.681452 0.479649
vt 0.675509 0.480777
vt 0.704830 0.542381
vt 0.698886 0.541261
vt 0.575817 0.449314
vt 0.548545 0.421769
vt 0.554486 0.418207
vt 0.579438 0.443408
vt 0.569803 0.403042
vt 0.594754 0.428244
vt 0.647706 0.378138
vt 0.620434 0.350592
vt 0.626375 0.347031
vt 0.651327 0.372232
vt 0.650558 0.485375
vt 0.675509 0.510576
vt 0.660193 0.525741
vt 0.635241 0.500539
vt 0.629744 0.496347
vt 0.646484 0.479771
vt 0.518793 0.350801
vt 0.497914 0.361836
vt 0.513230 0.346672
vt 0.548923 0.414077
vt 0.565664 0.397502
vt 0.528453 0.360426
vt 0.511712 0.377001
vt 0.600253 0.432436
vt 0.583512 0.449012
vt 0.620215 0.486591
vt 0.636956 0.470016
vt 0.573414 0.397145
vt 0.600687 0.424691
vt 0.638015 0.387733
vt 0.610743 0.360187
vt 0.522865 0.499419
vt 0.497914 0.474218
vt 0.501525 0.468322
vt 0.528797 0.495867
vt 0.566126 0.458909
vt 0.538854 0.431364
vt 0.511216 0.458727
vt 0.538489 0.486272
vt 0.583105 0.387550
vt 0.610378 0.415096
vt 0.609781 0.442193
vt 0.593040 0.458768
vt 0.539263 0.404452
vt 0.556004 0.387877
vt 0.675509 0.346672
vt 0.692004 0.346672
vt 0.687418 0.381009
vt 0.680245 0.381009
vt 0.517434 0.377717
vt 0.538561 0.398766
vt 0.550282 0.387162
vt 0.529155 0.366112
vt 0.696665 0.390615
vt 0.703839 0.390615
vt 0.702040 0.419113
vt 0.698321 0.419113
vt 0.675509 0.480777
vt 0.704830 0.486230
vt 0.699457 0.514344
vt 0.680319 0.515083
vt 0.692004 0.362375
vt 0.708498 0.362375
vt 0.675509 0.424611
vt 0.704821 0.419113
vt 0.700001 0.453438
vt 0.680862 0.452728
vt 0.685889 0.419113
vt 0.682171 0.419113
vt 0.682130 0.413064
vt 0.685847 0.413064
vt 0.681451 0.479648
vt 0.675509 0.480777
vt 0.704830 0.542380
vt 0.698886 0.541261
vt 0.575817 0.449315
vt 0.548544 0.421770
vt 0.554487 0.418208
vt 0.579438 0.443409
vt 0.569803 0.403043
vt 0.594754 0.428244
vt 0.647706 0.378139
vt 0.620434 0.350593
vt 0.626375 0.347031
vt 0.651327 0.372233
vt 0.650558 0.485376
vt 0.675509 0.510577
vt 0.660193 0.525742
vt 0.635242 0.500540
vt 0.629743 0.496348
vt 0.646485 0.479772
vt 0.518793 0.350802
vt 0.502051 0.367377
vt 0.497914 0.361837
vt 0.513230 0.346673
vt 0.548924 0.414078
vt 0.565665 0.397503
vt 0.528453 0.360427
vt 0.511712 0.377002
vt 0.600253 0.432437
vt 0.583512 0.449013
vt 0.620215 0.486592
vt 0.636956 0.470017
vt 0.600687 0.424692
vt 0.638015 0.387734
vt 0.610742 0.360188
vt 0.522865 0.499420
vt 0.497914 0.474219
vt 0.501525 0.468323
vt 0.528797 0.495868
vt 0.566126 0.458910
vt 0.538853 0.431364
vt 0.511216 0.458728
vt 0.538488 0.486273
vt 0.583105 0.387551
vt 0.610378 0.415097
vt 0.609781 0.442193
vt 0.593040 0.458769
vt 0.539263 0.404453
vt 0.556004 0.387877
vt 0.687419 0.381009
vt 0.680245 0.381009
vt 0.517434 0.377717
vt 0.538561 0.398767
vt 0.550282 0.387163
vt 0.529155 0.366112
vt 0.696665 0.390615
vt 0.703839 0.390615
vt 0.702040 0.419113
vt 0.698322 0.419113
vt 0.675510 0.480777
vt 0.704830 0.486230
vt 0.699457 0.514344
vt 0.680320 0.515083
vt 0.708498 0.362375
vt 0.675510 0.424611
vt 0.704822 0.419113
vt 0.700002 0.453438
vt 0.680863 0.452728
vt 0.685889 0.419113
vt 0.682171 0.419113
vt 0.682130 0.413064
vt 0.685848 0.413064
vt 0.681452 0.479649
vt 0.704830 0.542380
vt 0.698886 0.541261
vt 0.575817 0.449314
vt 0.548544 0.421769
vt 0.554487 0.418207
vt 0.579438 0.443408
vt 0.569803 0.403042
vt 0.594754 0.428244
vt 0.647707 0.378138
vt 0.620434 0.350592
vt 0.626376 0.347031
vt 0.651327 0.372233
vt 0.650558 0.485375
vt 0.675509 0.510577
vt 0.660193 0.525741
vt 0.635242 0.500540
vt 0.629744 0.496347
vt 0.646485 0.479772
vt 0.518793 0.350801
vt 0.502052 0.367376
vt 0.497914 0.361836
vt 0.513230 0.346672
vt 0.548924 0.414077
vt 0.565665 0.397502
vt 0.528454 0.360426
vt 0.511712 0.377001
vt 0.600253 0.432437
vt 0.583512 0.449012
vt 0.620215 0.486591
vt 0.636956 0.470016
vt 0.573415 0.397146
vt 0.600687 0.424691
vt 0.638015 0.387733
vt 0.610743 0.360187
vt 0.522865 0.499420
vt 0.497914 0.474218
vt 0.501525 0.468322
vt 0.528798 0.495867
vt 0.566126 0.458909
vt 0.538854 0.431364
vt 0.511216 0.458727
vt 0.538489 0.486273
vt 0.583105 0.387551
vt 0.610378 0.415097
vt 0.609782 0.442193
vt 0.593041 0.458768
vt 0.539264 0.404452
vt 0.556004 0.387877
vt 0.675509 0.346672
vt 0.692003 0.346672
vt 0.687418 0.381009
vt 0.680244 0.381009
vt 0.517434 0.377717
vt 0.538561 0.398767
vt 0.550282 0.387162
vt 0.529155 0.366112
vt 0.696665 0.390614
vt 0.703838 0.390614
vt 0.702039 0.419113
vt 0.698321 0.419113
vt 0.675509 0.480777
vt 0.704830 0.486230
vt 0.699457 0.514344
vt 0.680319 0.515083
vt 0.692003 0.362375
vt 0.708498 0.362375
vt 0.675509 0.424611
vt 0.704822 0.419113
vt 0.700002 0.453438
vt 0.680862 0.452728
vt 0.685889 0.419113
vt 0.682171 0.419113
vt 0.682130 0.413064
vt 0.685848 0.413064
vt 0.681452 0.479649
vt 0.704830 0.542380
vt 0.698886 0.541261
vt 0.575817 0.449315
vt 0.548545 0.421769
vt 0.554487 0.418207
vt 0.579438 0.443408
vt 0.569803 0.403042
vt 0.594754 0.428244
vt 0.647706 0.378138
vt 0.620434 0.350593
vt 0.626375 0.347031
vt 0.651327 0.372232
vt 0.650558 0.485375
vt 0.675509 0.510576
vt 0.660193 0.525741
vt 0.635241 0.500539
vt 0.629744 0.496347
vt 0.646484 0.479772
vt 0.518793 0.350801
vt 0.502052 0.367376
vt 0.497914 0.361837
vt 0.513230 0.346672
vt 0.548923 0.414077
vt 0.565665 0.397502
vt 0.528454 0.360427
vt 0.511712 0.377002
vt 0.600253 0.432437
vt 0.583512 0.449012
vt 0.636956 0.470016
vt 0.573414 0.397145
vt 0.638015 0.387733
vt 0.610743 0.360188
vt 0.522866 0.499420
vt 0.497914 0.474218
vt 0.501525 0.468322
vt 0.528798 0.495867
vt 0.566126 0.458909
vt 0.538854 0.431364
vt 0.511216 0.458727
vt 0.538489 0.486273
vt 0.583105 0.387551
vt 0.610378 0.415096
vt 0.609781 0.442193
vt 0.593040 0.458768
vt 0.539263 0.404452
vt 0.556004 0.387877
vt 0.675509 0.346672
vt 0.692004 0.346672
vt 0.687418 0.381009
vt 0.680245 0.381009
vt 0.517434 0.377717
vt 0.538561 0.398767
vt 0.550282 0.387162
vt 0.529155 0.366112
vt 0.696665 0.390614
vt 0.703838 0.390614
vt 0.702039 0.419113
vt 0.698322 0.419113
vt 0.675509 0.480776
vt 0.704830 0.486230
vt 0.699457 0.514343
vt 0.680319 0.515083
vt 0.692004 0.362374
vt 0.708498 0.362374
vt 0.675509 0.424611
vt 0.704821 0.419113
vt 0.700001 0.453438
vt 0.680862 0.452728
vt 0.685889 0.419113
vt 0.682171 0.419113
vt 0.682130 0.413064
vt 0.685848 0.413064
vt 0.681451 0.479648
vt 0.704830 0.542380
vt 0.698886 0.541260
vt 0.575817 0.449315
vt 0.548544 0.421770
vt 0.554487 0.418208
vt 0.579438 0.443409
vt 0.569803 0.403043
vt 0.594754 0.428244
vt 0.647706 0.378139
vt 0.620434 0.350593
vt 0.626376 0.347032
vt 0.651327 0.372233
vt 0.650558 0.485376
vt 0.675510 0.510577
vt 0.660193 0.525742
vt 0.635242 0.500540
vt 0.629744 0.496348
vt 0.646485 0.479773
vt 0.518793 0.350802
vt 0.502051 0.367377
vt 0.513230 0.346673
vt 0.548924 0.414078
vt 0.565665 0.397503
vt 0.528453 0.360427
vt 0.511712 0.377002
vt 0.600253 0.432438
vt 0.583512 0.449013
vt 0.620215 0.486592
vt 0.636956 0.470017
vt 0.573414 0.397146
vt 0.600687 0.424692
vt 0.638015 0.387734
vt 0.610742 0.360188
vt 0.522865 0.499420
vt 0.501525 0.468323
vt 0.528797 0.495868
vt 0.566126 0.458910
vt 0.538853 0.431365
vt 0.511216 0.458728
vt 0.538488 0.486273
vt 0.583105 0.387551
vt 0.610378 0.415097
vt 0.609781 0.442194
vt 0.593041 0.458769
vt 0.539263 0.404453
vt 0.556004 0.387878
vt 0.687419 0.381009
vt 0.680245 0.381009
vt 0.538561 0.398767
vt 0.550282 0.387163
vt 0.529155 0.366112
vt 0.696665 0.390614
vt 0.703839 0.390614
vt 0.702040 0.419113
vt 0.698322 0.419113
vt 0.675510 0.480777
vt 0.704830 0.486230
vt 0.699457 0.514344
vt 0.680320 0.515083
vt 0.692004 0.362374
vt 0.708498 0.362374
vt 0.675510 0.424611
vt 0.704822 0.419113
vt 0.700002 0.453438
vt 0.680863 0.452728
vt 0.685889 0.419113
vt 0.682171 0.419113
vt 0.682130 0.413064
vt 0.681452 0.479648
vt 0.704830 0.542380
vt 0.698886 0.541261
vt 0.575817 0.449315
vt 0.548545 0.421769
vt 0.554487 0.418207
vt 0.579438 0.443408
vt 0.569803 0.403043
vt 0.594754 0.428244
vt 0.647706 0.378139
vt 0.620434 0.350593
vt 0.626376 0.347031
vt 0.651327 0.372233
vt 0.650558 0.485376
vt 0.675509 0.510577
vt 0.660193 0.525741
vt 0.635242 0.500540
vt 0.629744 0.496348
vt 0.646485 0.479772
vt 0.518793 0.350801
vt 0.502052 0.367376
vt 0.497914 0.361836
vt 0.513230 0.346672
vt 0.548924 0.414078
vt 0.565665 0.397503
vt 0.528454 0.360427
vt 0.511712 0.377002
vt 0.600253 0.432437
vt 0.583512 0.449012
vt 0.620215 0.486591
vt 0.636956 0.470016
vt 0.573415 0.397146
vt 0.600687 0.424692
vt 0.638015 0.387733
vt 0.610743 0.360188
vt 0.522865 0.499420
vt 0.497914 0.474219
vt 0.501525 0.468322
vt 0.528798 0.495868
vt 0.566126 0.458910
vt 0.538854 0.431364
vt 0.511216 0.458727
vt 0.538489 0.486273
vt 0.583105 0.387551
vt 0.610378 0.415097
vt 0.609782 0.442193
vt 0.593040 0.458768
vt 0.539264 0.404453
vt 0.556004 0.387877
vt 0.687419 0.381009
vt 0.680245 0.381009
vt 0.517434 0.377717
vt 0.538561 0.398767
vt 0.550282 0.387162
vt 0.529156 0.366112
vt 0.696665 0.390614
vt 0.703839 0.390614
vt 0.702040 0.419112
vt 0.698321 0.419112
vt 0.675509 0.480776
vt 0.704830 0.486230
vt 0.699457 0.514343
vt 0.680319 0.515082
vt 0.692004 0.362375
vt 0.708498 0.362375
vt 0.675509 0.424611
vt 0.704821 0.419112
vt 0.700001 0.453438
vt 0.680862 0.452727
vt 0.685889 0.419112
vt 0.682171 0.419112
vt 0.682130 0.413064
vt 0.685848 0.413064
vt 0.681451 0.479648
vt 0.704830 0.542379
vt 0.698886 0.541260
vt 0.575817 0.449315
vt 0.548545 0.421770
vt 0.554487 0.418207
vt 0.579438 0.443409
vt 0.569803 0.403043
vt 0.594754 0.428244
vt 0.647706 0.378139
vt 0.620434 0.350593
vt 0.626376 0.347031
vt 0.651327 0.372233
vt 0.650559 0.485376
vt 0.675510 0.510577
vt 0.660193 0.525742
vt 0.635242 0.500540
vt 0.629744 0.496348
vt 0.646485 0.479772
vt 0.518793 0.350801
vt 0.502052 0.367377
vt 0.497914 0.361837
vt 0.513231 0.346673
vt 0.548924 0.414078
vt 0.565665 0.397503
vt 0.528454 0.360427
vt 0.511712 0.377002
vt 0.600253 0.432437
vt 0.583512 0.449013
vt 0.620215 0.486592
vt 0.636956 0.470016
vt 0.573415 0.397146
vt 0.600687 0.424692
vt 0.638016 0.387734
vt 0.610743 0.360188
vt 0.522866 0.499420
vt 0.497914 0.474219
vt 0.501525 0.468323
vt 0.528797 0.495868
vt 0.566126 0.458910
vt 0.538854 0.431364
vt 0.511216 0.458728
vt 0.538489 0.486273
vt 0.583106 0.387551
vt 0.610378 0.415097
vt 0.609782 0.442193
vt 0.593041 0.458768
vt 0.539263 0.404453
vt 0.556005 0.387878
vt 0.675510 0.346672
vt 0.687419 0.381009
vt 0.680245 0.381009
vt 0.517434 0.377717
vt 0.538561 0.398767
vt 0.550283 0.387162
vt 0.529155 0.366112
vt 0.696665 0.390614
vt 0.703838 0.390614
vt 0.702040 0.419112
vt 0.698322 0.419112
vt 0.675510 0.480776
vt 0.704830 0.486230
vt 0.699457 0.514343
vt 0.680320 0.515082
vt 0.692004 0.362374
vt 0.708498 0.362374
vt 0.675510 0.424610
vt 0.704822 0.419112
vt 0.700002 0.453437
vt 0.680863 0.452727
vt 0.685889 0.419112
vt 0.682171 0.419112
vt 0.682130 0.413064
vt 0.685848 0.413064
vt 0.681452 0.479648
vt 0.675510 0.480776
vt 0.704830 0.542379
vt 0.698886 0.541260
vt 0.575817 0.449315
vt 0.548544 0.421769
vt 0.579438 0.443408
vt 0.594754 0.428244
vt 0.647706 0.378138
vt 0.620434 0.350593
vt 0.626375 0.347031
vt 0.650558 0.485376
vt 0.675509 0.510577
vt 0.660193 0.525741
vt 0.635242 0.500540
vt 0.629743 0.496347
vt 0.646484 0.479772
vt 0.518792 0.350801
vt 0.502051 0.367376
vt 0.513230 0.346672
vt 0.528453 0.360427
vt 0.511712 0.377002
vt 0.600253 0.432437
vt 0.583512 0.449012
vt 0.620215 0.486591
vt 0.636956 0.470016
vt 0.573414 0.397146
vt 0.600686 0.424691
vt 0.638015 0.387733
vt 0.610742 0.360188
vt 0.522865 0.499420
vt 0.497914 0.474219
vt 0.528797 0.495868
vt 0.566126 0.458910
vt 0.538853 0.431364
vt 0.511216 0.458727
vt 0.538488 0.486273
vt 0.583105 0.387551
vt 0.610378 0.415096
vt 0.609781 0.442193
vt 0.593040 0.458768
vt 0.539263 0.404452
vt 0.556004 0.387877
vt 0.675509 0.346673
vt 0.687418 0.381009
vt 0.680244 0.381009
vt 0.517434 0.377717
vt 0.538561 0.398767
vt 0.550282 0.387162
vt 0.529155 0.366112
vt 0.696665 0.390614
vt 0.703838 0.390614
vt 0.702039 0.419113
vt 0.698322 0.419113
vt 0.675509 0.480777
vt 0.680319 0.515083
vt 0.692004 0.362374
vt 0.708498 0.362374
vt 0.675509 0.424611
vt 0.704821 0.419113
vt 0.700001 0.453438
vt 0.685889 0.419113
vt 0.682171 0.419113
vt 0.682130 0.413064
vt 0.685848 0.413064
vt 0.675509 0.480777
vt 0.704830 0.542380
vt 0.698886 0.541261
vt 0.575817 0.449315
vt 0.548544 0.421769
vt 0.554486 0.418207
vt 0.579438 0.443409
vt 0.569803 0.403043
vt 0.594754 0.428244
vt 0.647707 0.378139
vt 0.620434 0.350593
vt 0.626376 0.347031
vt 0.651327 0.372233
vt 0.650558 0.485376
vt 0.675510 0.510577
vt 0.660193 0.525742
vt 0.635242 0.500540
vt 0.629744 0.496348
vt 0.518793 0.350801
vt 0.502051 0.367376
vt 0.497914 0.361836
vt 0.513230 0.346672
vt 0.528453 0.360427
vt 0.511712 0.377002
vt 0.600253 0.432437
vt 0.583512 0.449013
vt 0.620215 0.486592
vt 0.636956 0.470017
vt 0.573415 0.397146
vt 0.600687 0.424692
vt 0.638015 0.387734
vt 0.610743 0.360188
vt 0.522865 0.499420
vt 0.497914 0.474219
vt 0.501525 0.468323
vt 0.528797 0.495868
vt 0.566126 0.458909
vt 0.538854 0.431364
vt 0.511216 0.458728
vt 0.538488 0.486273
vt 0.583105 0.387551
vt 0.610378 0.415097
vt 0.609782 0.442194
vt 0.593040 0.458768
vt 0.539263 0.404453
vt 0.556004 0.387877
vt 0.687419 0.381009
vt 0.680245 0.381009
vt 0.517434 0.377717
vt 0.538561 0.398767
vt 0.550282 0.387162
vt 0.529155 0.366112
vt 0.696665 0.390614
vt 0.703839 0.390614
vt 0.702040 0.419113
vt 0.698322 0.419113
vt 0.675510 0.480777
vt 0.704831 0.486230
vt 0.699458 0.514344
vt 0.680320 0.515083
vt 0.692004 0.362374
vt 0.708498 0.362374
vt 0.675510 0.424611
vt 0.704822 0.419113
vt 0.700002 0.453438
vt 0.680863 0.452728
vt 0.685889 0.419113
vt 0.682171 0.419113
vt 0.682130 0.413064
vt 0.685848 0.413064
vt 0.681452 0.479648
vt 0.704831 0.542380
vt 0.575817 0.449315
vt 0.548545 0.421769
vt 0.554487 0.418207
vt 0.579438 0.443408
vt 0.569803 0.403043
vt 0.594755 0.428244
vt 0.647706 0.378138
vt 0.620434 0.350593
vt 0.626376 0.347031
vt 0.651327 0.372233
vt 0.650559 0.485376
vt 0.675510 0.510577
vt 0.660194 0.525741
vt 0.635242 0.500540
vt 0.629744 0.496348
vt 0.646485 0.479772
vt 0.502052 0.367376
vt 0.513230 0.346672
vt 0.548924 0.414078
vt 0.565665 0.397502
vt 0.511712 0.377002
vt 0.600253 0.432437
vt 0.583512 0.449012
vt 0.620215 0.486591
vt 0.636956 0.470016
vt 0.573415 0.397146
vt 0.600687 0.424692
vt 0.638015 0.387733
vt 0.610743 0.360188
vt 0.522866 0.499420
vt 0.497914 0.474219
vt 0.501525 0.468322
vt 0.528798 0.495868
vt 0.566126 0.458910
vt 0.538854 0.431364
vt 0.538489 0.486273
vt 0.583105 0.387551
vt 0.610378 0.415097
vt 0.609782 0.442193
vt 0.593041 0.458768
vt 0.539263 0.404452
vt 0.556005 0.387877
vt 0.687418 0.381009
vt 0.680245 0.381009
vt 0.517434 0.377717
vt 0.538561 0.398767
vt 0.550282 0.387162
vt 0.696665 0.390614
vt 0.703839 0.390614
vt 0.702040 0.419112
vt 0.698322 0.419113
vt 0.675510 0.480776
vt 0.704830 0.486230
vt 0.699457 0.514343
vt 0.680320 0.515083
vt 0.675510 0.424611
vt 0.704822 0.419113
vt 0.700002 0.453438
vt 0.680863 0.452728
vt 0.685889 0.419113
vt 0.682171 0.419113
vt 0.682130 0.413064
vt 0.685848 0.413064
vt 0.681452 0.479648
vt 0.704830 0.542380
vt 0.698886 0.541261
vt 0.575817 0.449315
vt 0.548544 0.421769
vt 0.554487 0.418207
vt 0.569803 0.403042
vt 0.594754 0.428244
vt 0.647706 0.378138
vt 0.620434 0.350593
vt 0.626376 0.347031
vt 0.651327 0.372233
vt 0.675509 0.510577
vt 0.660193 0.525741
vt 0.635242 0.500540
vt 0.629743 0.496347
vt 0.646484 0.479772
vt 0.518793 0.350801
vt 0.502052 0.367376
vt 0.497914 0.361836
vt 0.513230 0.346672
vt 0.565665 0.397502
vt 0.528453 0.360426
vt 0.511712 0.377002
vt 0.600253 0.432437
vt 0.583512 0.449012
vt 0.636956 0.470016
vt 0.573414 0.397146
vt 0.600687 0.424691
vt 0.638015 0.387733
vt 0.610742 0.360187
vt 0.522865 0.499420
vt 0.501525 0.468322
vt 0.538853 0.431364
vt 0.511216 0.458727
vt 0.538488 0.486273
vt 0.583105 0.387551
vt 0.610378 0.415097
vt 0.539263 0.404452
vt 0.556004 0.387877
vt 0.675510 0.346672
vt 0.692004 0.346672
vt 0.687419 0.381009
vt 0.680245 0.381009
vt 0.517434 0.377717
vt 0.529155 0.366112
vt 0.696665 0.390614
vt 0.703838 0.390614
vt 0.702040 0.419113
vt 0.698321 0.419113
vt 0.675510 0.480777
vt 0.680320 0.515083
vt 0.692004 0.362374
vt 0.708498 0.362374
vt 0.700002 0.453438
vt 0.685889 0.419113
vt 0.682171 0.419113
vt 0.682130 0.413064
vt 0.681452 0.479648
vt 0.704830 0.542380
vt 0.698886 0.541261
vt 0.575817 0.449315
vt 0.548545 0.421769
vt 0.554487 0.418207
vt 0.579438 0.443408
vt 0.569803 0.403042
vt 0.594754 0.428244
vt 0.620434 0.350593
vt 0.626376 0.347031
vt 0.651327 0.372233
vt 0.650558 0.485375
vt 0.675510 0.510577
vt 0.660193 0.525741
vt 0.635242 0.500540
vt 0.646485 0.479772
vt 0.518793 0.350801
vt 0.502052 0.367376
vt 0.497914 0.361836
vt 0.513231 0.346672
vt 0.548924 0.414077
vt 0.565665 0.397502
vt 0.528454 0.360427
vt 0.511713 0.377001
vt 0.600253 0.432437
vt 0.583512 0.449012
vt 0.620215 0.486591
vt 0.636956 0.470016
vt 0.573415 0.397146
vt 0.600687 0.424691
vt 0.638015 0.387733
vt 0.610743 0.360188
vt 0.522866 0.499420
vt 0.497914 0.474218
vt 0.501525 0.468322
vt 0.528798 0.495868
vt 0.566126 0.458909
vt 0.538854 0.431364
vt 0.511217 0.458727
vt 0.538489 0.486273
vt 0.583105 0.387551
vt 0.610378 0.415097
vt 0.609782 0.442193
vt 0.593041 0.458768
vt 0.539264 0.404452
vt 0.556005 0.387877
vt 0.675509 0.346672
vt 0.692004 0.346672
vt 0.687418 0.381009
vt 0.680245 0.381009
vt 0.538561 0.398767
vt 0.550283 0.387162
vt 0.529156 0.366112
vt 0.696665 0.390614
vt 0.703839 0.390614
vt 0.702040 0.419113
vt 0.698322 0.419113
vt 0.675510 0.480776
vt 0.699457 0.514343
vt 0.680320 0.515083
vt 0.692004 0.362374
vt 0.708498 0.362374
vt 0.675510 0.424611
vt 0.704822 0.419113
vt 0.700002 0.453438
vt 0.685889 0.419113
vt 0.682171 0.419112
vt 0.682130 0.413064
vt 0.685848 0.413064
vt 0.704830 0.542380
vt 0.698886 0.541260
vt 0.575817 0.449314
vt 0.548545 0.421769
vt 0.554487 0.418207
vt 0.579438 0.443408
vt 0.569803 0.403042
vt 0.594754 0.428243
vt 0.647706 0.378138
vt 0.620434 0.350592
vt 0.626375 0.347031
vt 0.651327 0.372232
vt 0.650558 0.485375
vt 0.675510 0.510576
vt 0.660194 0.525741
vt 0.635242 0.500540
vt 0.629744 0.496347
vt 0.646485 0.479771
vt 0.518793 0.350801
vt 0.502052 0.367376
vt 0.497914 0.361836
vt 0.513230 0.346672
vt 0.548924 0.414077
vt 0.565665 0.397502
vt 0.528454 0.360426
vt 0.511712 0.377001
vt 0.600253 0.432436
vt 0.583512 0.449012
vt 0.620215 0.486591
vt 0.636956 0.470016
vt 0.573414 0.397145
vt 0.600687 0.424691
vt 0.638015 0.387733
vt 0.610743 0.360187
vt 0.522866 0.499420
vt 0.497914 0.474219
vt 0.501525 0.468322
vt 0.566126 0.458909
vt 0.538854 0.431364
vt 0.511216 0.458727
vt 0.538489 0.486273
vt 0.583105 0.387551
vt 0.610378 0.415096
vt 0.609782 0.442193
vt 0.593041 0.458768
vt 0.539263 0.404452
vt 0.556004 0.387877
vt 0.687419 0.381009
vt 0.680245 0.381009
vt 0.517434 0.377717
vt 0.538561 0.398767
vt 0.550282 0.387162
vt 0.529155 0.366111
vt 0.696665 0.390614
vt 0.703839 0.390614
vt 0.702040 0.419113
vt 0.698322 0.419113
vt 0.675509 0.480777
vt 0.704830 0.486230
vt 0.699457 0.514344
vt 0.708498 0.362374
vt 0.675509 0.424611
vt 0.704822 0.419113
vt 0.700002 0.453438
vt 0.680863 0.452728
vt 0.685889 0.419113
vt 0.682171 0.419113
vt 0.682130 0.413064
vt 0.685848 0.413064
vt 0.681452 0.479649
vt 0.704830 0.542380
vt 0.575817 0.449315
vt 0.548544 0.421769
vt 0.554487 0.418207
vt 0.569803 0.403043
vt 0.594754 0.428244
vt 0.647707 0.378139
vt 0.620434 0.350593
vt 0.626376 0.347032
vt 0.651328 0.372233
vt 0.650558 0.485377
vt 0.675509 0.510578
vt 0.660193 0.525742
vt 0.635242 0.500540
vt 0.629743 0.496348
vt 0.646485 0.479773
vt 0.518793 0.350801
vt 0.502052 0.367376
vt 0.497914 0.361836
vt 0.513230 0.346672
vt 0.548924 0.414078
vt 0.565665 0.397503
vt 0.528453 0.360427
vt 0.511712 0.377002
vt 0.600253 0.432437
vt 0.583512 0.449013
vt 0.620215 0.486592
vt 0.636956 0.470017
vt 0.573415 0.397146
vt 0.600687 0.424692
vt 0.638016 0.387734
vt 0.610743 0.360188
vt 0.522865 0.499420
vt 0.497914 0.474219
vt 0.528797 0.495868
vt 0.566126 0.458910
vt 0.511216 0.458727
vt 0.538488 0.486273
vt 0.583105 0.387551
vt 0.610378 0.415097
vt 0.609782 0.442194
vt 0.593041 0.458769
vt 0.539263 0.404453
vt 0.556004 0.387877
vt 0.675509 0.346672
vt 0.687418 0.381009
vt 0.680245 0.381009
vt 0.517434 0.377717
vt 0.538561 0.398767
vt 0.550283 0.387162
vt 0.529156 0.366112
vt 0.696665 0.390615
vt 0.703838 0.390615
vt 0.702039 0.419113
vt 0.675509 0.480777
vt 0.704830 0.486231
vt 0.699457 0.514344
vt 0.680319 0.515083
vt 0.692004 0.362375
vt 0.708498 0.362375
vt 0.675509 0.424611
vt 0.700002 0.453438
vt 0.680863 0.452728
vt 0.685889 0.419113
vt 0.682171 0.419113
vt 0.682130 0.413064
vt 0.685848 0.413064
vt 0.681452 0.479649
vt 0.704830 0.542381
vt 0.698886 0.541261
vt 0.575817 0.449315
vt 0.548545 0.421769
vt 0.554487 0.418207
vt 0.579438 0.443408
vt 0.569803 0.403042
vt 0.594754 0.428244
vt 0.647707 0.378139
vt 0.620434 0.350593
vt 0.626376 0.347031
vt 0.651328 0.372233
vt 0.650558 0.485376
vt 0.675510 0.510577
vt 0.635242 0.500540
vt 0.629744 0.496348
vt 0.646485 0.479773
vt 0.518793 0.350801
vt 0.502052 0.367376
vt 0.497914 0.361836
vt 0.513231 0.346672
vt 0.548924 0.414077
vt 0.565665 0.397502
vt 0.528454 0.360427
vt 0.511712 0.377001
vt 0.600253 0.432437
vt 0.583512 0.449012
vt 0.620215 0.486591
vt 0.636956 0.470016
vt 0.573415 0.397146
vt 0.600687 0.424691
vt 0.638015 0.387733
vt 0.610743 0.360188
vt 0.522865 0.499420
vt 0.497914 0.474219
vt 0.501525 0.468322
vt 0.528798 0.495868
vt 0.566126 0.458910
vt 0.538854 0.431364
vt 0.538489 0.486273
vt 0.583106 0.387551
vt 0.610378 0.415096
vt 0.609782 0.442193
vt 0.593041 0.458768
vt 0.539263 0.404452
vt 0.556005 0.387877
vt 0.675510 0.346672
vt 0.517435 0.377717
vt 0.538561 0.398767
vt 0.550282 0.387162
vt 0.529156 0.366112
vt 0.703839 0.390614
vt 0.675510 0.480777
vt 0.704831 0.486230
vt 0.699458 0.514344
vt 0.680320 0.515083
vt 0.692004 0.362374
vt 0.708498 0.362374
vt 0.675510 0.424611
vt 0.704822 0.419113
vt 0.700002 0.453438
vt 0.680863 0.452728
vt 0.682171 0.419113
vt 0.682130 0.413064
vt 0.685848 0.413064
vt 0.681452 0.479649
vt 0.704831 0.542380
vt 0.698886 0.541261
vt 0.575816 0.449314
vt 0.548544 0.421769
vt 0.579438 0.443408
vt 0.569803 0.403043
vt 0.594754 0.428244
vt 0.647706 0.378138
vt 0.620433 0.350593
vt 0.626375 0.347031
vt 0.651326 0.372232
vt 0.650558 0.485376
vt 0.675509 0.510577
vt 0.660193 0.525741
vt 0.635241 0.500540
vt 0.629743 0.496347
vt 0.646484 0.479772
vt 0.518792 0.350802
vt 0.502051 0.367377
vt 0.497914 0.361837
vt 0.513230 0.346672
vt 0.565664 0.397503
vt 0.528453 0.360427
vt 0.511712 0.377002
vt 0.600253 0.432437
vt 0.583512 0.449012
vt 0.620214 0.486591
vt 0.573414 0.397146
vt 0.600686 0.424691
vt 0.638015 0.387733
vt 0.610743 0.360188
vt 0.497914 0.474218
vt 0.501525 0.468322
vt 0.528798 0.495868
vt 0.566126 0.458910
vt 0.538853 0.431363
vt 0.511216 0.458727
vt 0.538489 0.486273
vt 0.583105 0.387551
vt 0.610378 0.415097
vt 0.609781 0.442193
vt 0.593040 0.458768
vt 0.539263 0.404453
vt 0.556004 0.387877
vt 0.675510 0.346672
vt 0.687419 0.381009
vt 0.680245 0.381009
vt 0.517434 0.377717
vt 0.538561 0.398767
vt 0.550282 0.387162
vt 0.529155 0.366112
vt 0.696665 0.390614
vt 0.703839 0.390614
vt 0.704830 0.486230
vt 0.699457 0.514344
vt 0.692004 0.362375
vt 0.708498 0.362375
vt 0.704822 0.419113
vt 0.700002 0.453438
vt 0.680863 0.452728
vt 0.685889 0.419113
vt 0.682171 0.419113
vt 0.682130 0.413065
vt 0.685848 0.413065
vt 0.681452 0.479649
vt 0.704830 0.542380
vt 0.698886 0.541261
vt 0.548544 0.421770
vt 0.554487 0.418207
vt 0.579438 0.443409
vt 0.569803 0.403043
vt 0.594754 0.428244
vt 0.647706 0.378139
vt 0.620433 0.350593
vt 0.626375 0.347031
vt 0.651327 0.372233
vt 0.650558 0.485376
vt 0.675510 0.510577
vt 0.660193 0.525742
vt 0.629744 0.496347
vt 0.646485 0.479772
vt 0.518793 0.350802
vt 0.502052 0.367377
vt 0.497914 0.361838
vt 0.548924 0.414078
vt 0.565665 0.397503
vt 0.528453 0.360427
vt 0.511712 0.377002
vt 0.600253 0.432438
vt 0.583512 0.449012
vt 0.620215 0.486591
vt 0.636956 0.470016
vt 0.573414 0.397146
vt 0.600687 0.424691
vt 0.638015 0.387733
vt 0.610743 0.360188
vt 0.522865 0.499420
vt 0.497914 0.474219
vt 0.501525 0.468323
vt 0.528798 0.495868
vt 0.566127 0.458910
vt 0.538853 0.431364
vt 0.511216 0.458728
vt 0.538489 0.486273
vt 0.583105 0.387551
vt 0.610378 0.415097
vt 0.609782 0.442194
vt 0.593040 0.458768
vt 0.539263 0.404453
vt 0.556004 0.387878
vt 0.692004 0.346672
vt 0.687419 0.381009
vt 0.680245 0.381009
vt 0.517434 0.377718
vt 0.550282 0.387162
vt 0.529155 0.366113
vt 0.696665 0.390615
vt 0.703839 0.390615
vt 0.702040 0.419113
vt 0.698322 0.419113
vt 0.704830 0.486231
vt 0.699458 0.514344
vt 0.692004 0.362375
vt 0.675510 0.424611
vt 0.704822 0.419113
vt 0.700002 0.453438
vt 0.680863 0.452728
vt 0.685889 0.419113
vt 0.682171 0.419113
vt 0.682130 0.413065
vt 0.685848 0.413065
vt 0.681452 0.479649
vt 0.704830 0.542380
vt 0.698886 0.541261
vt 0.575817 0.449314
vt 0.548544 0.421769
vt 0.554486 0.418207
vt 0.579437 0.443408
vt 0.569802 0.403043
vt 0.594754 0.428244
vt 0.647705 0.378138
vt 0.620433 0.350592
vt 0.626374 0.347031
vt 0.651326 0.372232
vt 0.650558 0.485375
vt 0.675509 0.510576
vt 0.660193 0.525740
vt 0.635242 0.500539
vt 0.629743 0.496346
vt 0.646485 0.479771
vt 0.518792 0.350802
vt 0.502051 0.367377
vt 0.497914 0.361838
vt 0.513229 0.346672
vt 0.548923 0.414077
vt 0.565664 0.397503
vt 0.528452 0.360427
vt 0.511712 0.377002
vt 0.600252 0.432437
vt 0.583512 0.449012
vt 0.620215 0.486590
vt 0.636956 0.470015
vt 0.573413 0.397146
vt 0.600686 0.424691
vt 0.638014 0.387733
vt 0.610742 0.360187
vt 0.522866 0.499420
vt 0.497914 0.474218
vt 0.501525 0.468323
vt 0.528798 0.495868
vt 0.566126 0.458909
vt 0.538853 0.431364
vt 0.511216 0.458727
vt 0.538489 0.486273
vt 0.583104 0.387550
vt 0.610377 0.415096
vt 0.609781 0.442193
vt 0.593040 0.458768
vt 0.539263 0.404453
vt 0.556003 0.387877
vt 0.680245 0.381009
vt 0.517433 0.377717
vt 0.538560 0.398767
vt 0.550282 0.387162
vt 0.529155 0.366113
vt 0.696665 0.390614
vt 0.703838 0.390614
vt 0.702039 0.419113
vt 0.698321 0.419113
vt 0.675510 0.480777
vt 0.704830 0.486230
vt 0.699457 0.514344
vt 0.680319 0.515083
vt 0.692004 0.362374
vt 0.700002 0.453438
vt 0.680863 0.452728
vt 0.685889 0.419113
vt 0.682171 0.419113
vt 0.682130 0.413065
vt 0.685848 0.413065
vt 0.681452 0.479649
vt 0.704830 0.542380
vt 0.698886 0.541261
vt 0.575817 0.449314
vt 0.548544 0.421769
vt 0.554486 0.418206
vt 0.579437 0.443408
vt 0.569803 0.403042
vt 0.594754 0.428243
vt 0.647706 0.378138
vt 0.620433 0.350592
vt 0.626375 0.347031
vt 0.651326 0.372232
vt 0.650558 0.485375
vt 0.675509 0.510576
vt 0.660193 0.525740
vt 0.635242 0.500539
vt 0.629743 0.496346
vt 0.646484 0.479771
vt 0.518793 0.350801
vt 0.502052 0.367377
vt 0.497914 0.361837
vt 0.513230 0.346672
vt 0.548923 0.414077
vt 0.528453 0.360426
vt 0.511712 0.377001
vt 0.600252 0.432437
vt 0.583512 0.449012
vt 0.620215 0.486591
vt 0.636956 0.470016
vt 0.573414 0.397145
vt 0.600686 0.424691
vt 0.638015 0.387733
vt 0.610742 0.360187
vt 0.522865 0.499419
vt 0.497914 0.474217
vt 0.501526 0.468322
vt 0.528798 0.495867
vt 0.566126 0.458909
vt 0.538853 0.431363
vt 0.511216 0.458726
vt 0.538488 0.486272
vt 0.583105 0.387550
vt 0.610378 0.415096
vt 0.609781 0.442193
vt 0.593040 0.458767
vt 0.539263 0.404452
vt 0.556004 0.387877
vt 0.692004 0.346672
vt 0.687419 0.381009
vt 0.680245 0.381009
vt 0.517434 0.377717
vt 0.538561 0.398766
vt 0.550282 0.387161
vt 0.529156 0.366112
vt 0.696665 0.390614
vt 0.703839 0.390614
vt 0.702040 0.419113
vt 0.698322 0.419113
vt 0.675509 0.480776
vt 0.704830 0.486230
vt 0.699457 0.514343
vt 0.680319 0.515082
vt 0.692004 0.362374
vt 0.708498 0.362374
vt 0.675509 0.424611
vt 0.704822 0.419113
vt 0.700002 0.453438
vt 0.680862 0.452728
vt 0.685889 0.419113
vt 0.682171 0.419113
vt 0.682130 0.413065
vt 0.685848 0.413064
vt 0.681452 0.479648
vt 0.675509 0.480776
vt 0.704830 0.542379
vt 0.698886 0.541260
vt 0.575817 0.449315
vt 0.548544 0.421769
vt 0.554486 0.418207
vt 0.579437 0.443409
vt 0.569803 0.403044
vt 0.594754 0.428245
vt 0.647706 0.378139
vt 0.620434 0.350593
vt 0.626375 0.347032
vt 0.651327 0.372234
vt 0.650557 0.485376
vt 0.675509 0.510578
vt 0.660192 0.525742
vt 0.635241 0.500541
vt 0.629743 0.496348
vt 0.646484 0.479773
vt 0.518792 0.350801
vt 0.502051 0.367376
vt 0.497914 0.361837
vt 0.513230 0.346673
vt 0.548923 0.414078
vt 0.565664 0.397503
vt 0.528453 0.360427
vt 0.511712 0.377002
vt 0.600252 0.432438
vt 0.583511 0.449013
vt 0.620214 0.486592
vt 0.636956 0.470017
vt 0.573414 0.397146
vt 0.600687 0.424692
vt 0.638015 0.387734
vt 0.610743 0.360189
vt 0.522865 0.499420
vt 0.497914 0.474219
vt 0.501525 0.468323
vt 0.528797 0.495868
vt 0.566126 0.458910
vt 0.538853 0.431364
vt 0.511215 0.458728
vt 0.538487 0.486273
vt 0.583105 0.387551
vt 0.610377 0.415098
vt 0.609781 0.442194
vt 0.593040 0.458768
vt 0.539263 0.404453
vt 0.556004 0.387878
vt 0.675509 0.346672
vt 0.692004 0.346673
vt 0.687418 0.381009
vt 0.680244 0.381009
vt 0.517434 0.377717
vt 0.538561 0.398767
vt 0.550282 0.387162
vt 0.529155 0.366113
vt 0.696665 0.390614
vt 0.703839 0.390614
vt 0.702039 0.419112
vt 0.698322 0.419113
vt 0.675509 0.480777
vt 0.704830 0.486230
vt 0.699457 0.514343
vt 0.680319 0.515083
vt 0.692004 0.362374
vt 0.708498 0.362374
vt 0.675509 0.424611
vt 0.704821 0.419113
vt 0.700001 0.453438
vt 0.680862 0.452728
vt 0.685888 0.419113
vt 0.682171 0.419113
vt 0.682129 0.413065
vt 0.685847 0.413064
vt 0.681451 0.479648
vt 0.704830 0.542380
vt 0.698886 0.541261
vt 0.575817 0.449315
vt 0.548544 0.421769
vt 0.554486 0.418206
vt 0.579438 0.443408
vt 0.569803 0.403043
vt 0.594754 0.428243
vt 0.647706 0.378138
vt 0.620434 0.350592
vt 0.626376 0.347031
vt 0.651327 0.372232
vt 0.650558 0.485376
vt 0.675509 0.510578
vt 0.660193 0.525742
vt 0.635242 0.500540
vt 0.629743 0.496347
vt 0.646485 0.479772
vt 0.518793 0.350800
vt 0.502052 0.367376
vt 0.497914 0.361836
vt 0.513231 0.346672
vt 0.548923 0.414077
vt 0.565665 0.397502
vt 0.528454 0.360426
vt 0.511712 0.377001
vt 0.583512 0.449012
vt 0.620215 0.486591
vt 0.636956 0.470016
vt 0.573414 0.397145
vt 0.600687 0.424691
vt 0.638016 0.387733
vt 0.610743 0.360188
vt 0.522865 0.499420
vt 0.497914 0.474218
vt 0.501525 0.468322
vt 0.528797 0.495868
vt 0.566126 0.458910
vt 0.538853 0.431363
vt 0.511216 0.458727
vt 0.538488 0.486272
vt 0.583105 0.387550
vt 0.610378 0.415097
vt 0.609781 0.442193
vt 0.593040 0.458768
vt 0.539264 0.404452
vt 0.556004 0.387877
vt 0.692004 0.346672
vt 0.687418 0.381009
vt 0.680246 0.381009
vt 0.517434 0.377716
vt 0.538561 0.398766
vt 0.550282 0.387161
vt 0.529156 0.366112
vt 0.696665 0.390615
vt 0.703838 0.390615
vt 0.702039 0.419113
vt 0.698321 0.419113
vt 0.675509 0.480777
vt 0.704830 0.486231
vt 0.699457 0.514344
vt 0.680319 0.515083
vt 0.692004 0.362375
vt 0.708498 0.362375
vt 0.675509 0.424611
vt 0.704822 0.419113
vt 0.700002 0.453438
vt 0.685889 0.419113
vt 0.682130 0.413065
vt 0.685848 0.413064
vt 0.681452 0.479649
vt 0.698886 0.541261
vt 0.575816 0.449315
vt 0.548544 0.421769
vt 0.579437 0.443408
vt 0.569803 0.403043
vt 0.594754 0.428244
vt 0.647705 0.378138
vt 0.620433 0.350593
vt 0.626375 0.347031
vt 0.651326 0.372232
vt 0.650557 0.485375
vt 0.675509 0.510577
vt 0.660193 0.525742
vt 0.635241 0.500540
vt 0.629743 0.496347
vt 0.646484 0.479772
vt 0.518792 0.350801
vt 0.502051 0.367376
vt 0.513230 0.346672
vt 0.548923 0.414077
vt 0.565664 0.397502
vt 0.528453 0.360426
vt 0.511712 0.377002
vt 0.600252 0.432437
vt 0.583511 0.449012
vt 0.620214 0.486591
vt 0.636956 0.470017
vt 0.573414 0.397145
vt 0.600686 0.424691
vt 0.610742 0.360188
vt 0.497914 0.474218
vt 0.501525 0.468322
vt 0.528797 0.495868
vt 0.566126 0.458910
vt 0.538853 0.431363
vt 0.511215 0.458727
vt 0.538488 0.486273
vt 0.583105 0.387551
vt 0.610378 0.415097
vt 0.609781 0.442193
vt 0.593040 0.458768
vt 0.539263 0.404453
vt 0.556004 0.387877
vt 0.675509 0.346672
vt 0.687418 0.381009
vt 0.680244 0.381009
vt 0.517434 0.377717
vt 0.538560 0.398766
vt 0.550281 0.387162
vt 0.529155 0.366112
vt 0.696665 0.390615
vt 0.703838 0.390615
vt 0.702039 0.419113
vt 0.698322 0.419113
vt 0.675509 0.480777
vt 0.704830 0.486231
vt 0.699457 0.514344
vt 0.680319 0.515083
vt 0.692003 0.362375
vt 0.708498 0.362375
vt 0.675509 0.424611
vt 0.704821 0.419113
vt 0.700001 0.453438
vt 0.680862 0.452728
vt 0.685888 0.419113
vt 0.682170 0.419113
vt 0.682129 0.413065
vt 0.685847 0.413065
vt 0.681451 0.479649
vt 0.704830 0.542380
vt 0.698886 0.541261
vt 0.575817 0.449315
vt 0.548544 0.421770
vt 0.554486 0.418207
vt 0.579438 0.443409
vt 0.569802 0.403043
vt 0.594754 0.428245
vt 0.647705 0.378139
vt 0.620433 0.350594
vt 0.626375 0.347032
vt 0.651326 0.372233
vt 0.650558 0.485376
vt 0.675509 0.510577
vt 0.660193 0.525742
vt 0.635241 0.500540
vt 0.629743 0.496347
vt 0.646484 0.479772
vt 0.518791 0.350801
vt 0.502051 0.367377
vt 0.497914 0.361838
vt 0.513229 0.346673
vt 0.548923 0.414078
vt 0.565664 0.397503
vt 0.528453 0.360427
vt 0.511712 0.377003
vt 0.600252 0.432438
vt 0.583511 0.449012
vt 0.620215 0.486592
vt 0.636956 0.470017
vt 0.573414 0.397146
vt 0.600686 0.424692
vt 0.638015 0.387733
vt 0.610742 0.360188
vt 0.522865 0.499420
vt 0.501525 0.468323
vt 0.528797 0.495868
vt 0.566126 0.458910
vt 0.538853 0.431364
vt 0.511216 0.458728
vt 0.538488 0.486273
vt 0.583104 0.387551
vt 0.610377 0.415097
vt 0.609781 0.442194
vt 0.593040 0.458768
vt 0.539263 0.404453
vt 0.556003 0.387878
vt 0.517433 0.377718
vt 0.538561 0.398768
vt 0.550281 0.387162
vt 0.529155 0.366113
vt 0.696665 0.390614
vt 0.703839 0.390614
vt 0.675509 0.480777
vt 0.704830 0.486230
vt 0.699457 0.514344
vt 0.680319 0.515083
vt 0.692003 0.362374
vt 0.708498 0.362374
vt 0.675509 0.424611
vt 0.704821 0.419113
vt 0.700001 0.453438
vt 0.680862 0.452728
vt 0.685889 0.419113
vt 0.682170 0.419113
vt 0.681451 0.479649
vt 0.704830 0.542380
vt 0.698886 0.541261
vt 0.575817 0.449315
vt 0.548545 0.421769
vt 0.554487 0.418207
vt 0.579439 0.443409
vt 0.569803 0.403043
vt 0.594755 0.428244
vt 0.647707 0.378139
vt 0.620434 0.350593
vt 0.626376 0.347032
vt 0.651327 0.372233
vt 0.650558 0.485376
vt 0.675510 0.510578
vt 0.660193 0.525742
vt 0.635242 0.500541
vt 0.629744 0.496348
vt 0.646485 0.479773
vt 0.518793 0.350801
vt 0.502052 0.367377
vt 0.497915 0.361837
vt 0.513231 0.346672
vt 0.548924 0.414078
vt 0.565665 0.397503
vt 0.528453 0.360426
vt 0.511713 0.377002
vt 0.600253 0.432438
vt 0.583512 0.449013
vt 0.620216 0.486592
vt 0.636957 0.470017
vt 0.573415 0.397146
vt 0.600688 0.424692
vt 0.638016 0.387734
vt 0.610743 0.360188
vt 0.522866 0.499420
vt 0.497915 0.474219
vt 0.501526 0.468323
vt 0.566126 0.458910
vt 0.538854 0.431364
vt 0.511216 0.458727
vt 0.538488 0.486273
vt 0.583106 0.387551
vt 0.610378 0.415097
vt 0.609782 0.442194
vt 0.593041 0.458768
vt 0.539264 0.404453
vt 0.556005 0.387877
vt 0.675509 0.346672
vt 0.692003 0.346672
vt 0.687418 0.381009
vt 0.680244 0.381009
vt 0.517434 0.377717
vt 0.538561 0.398767
vt 0.550283 0.387162
vt 0.529156 0.366113
vt 0.696665 0.390614
vt 0.703839 0.390614
vt 0.702040 0.419113
vt 0.698321 0.419113
vt 0.675509 0.480777
vt 0.704830 0.486230
vt 0.699457 0.514344
vt 0.680319 0.515083
vt 0.692004 0.362374
vt 0.708498 0.362374
vt 0.675509 0.424611
vt 0.704822 0.419113
vt 0.700002 0.453438
vt 0.680863 0.452728
vt 0.685888 0.419113
vt 0.682171 0.419113
vt 0.682129 0.413065
vt 0.685847 0.413065
vt 0.681452 0.479649
vt 0.704830 0.542380
vt 0.698886 0.541261
vt 0.548544 0.421769
vt 0.554486 0.418206
vt 0.579437 0.443408
vt 0.569803 0.403043
vt 0.594754 0.428244
vt 0.647706 0.378138
vt 0.620433 0.350593
vt 0.626375 0.347031
vt 0.651326 0.372232
vt 0.650557 0.485375
vt 0.675509 0.510577
vt 0.660193 0.525742
vt 0.635241 0.500540
vt 0.629743 0.496347
vt 0.646484 0.479772
vt 0.497914 0.361837
vt 0.513230 0.346672
vt 0.548923 0.414077
vt 0.565664 0.397502
vt 0.528453 0.360426
vt 0.511712 0.377002
vt 0.600252 0.432437
vt 0.583511 0.449012
vt 0.620215 0.486591
vt 0.636956 0.470016
vt 0.573414 0.397146
vt 0.600687 0.424692
vt 0.638015 0.387733
vt 0.610743 0.360188
vt 0.522865 0.499419
vt 0.497914 0.474219
vt 0.528797 0.495868
vt 0.566126 0.458909
vt 0.538853 0.431363
vt 0.511216 0.458727
vt 0.538488 0.486272
vt 0.583105 0.387551
vt 0.610378 0.415097
vt 0.609781 0.442194
vt 0.539263 0.404452
vt 0.556005 0.387877
vt 0.687419 0.381009
vt 0.680245 0.381009
vt 0.517434 0.377717
vt 0.538561 0.398767
vt 0.550282 0.387162
vt 0.529156 0.366112
vt 0.702039 0.419113
vt 0.698321 0.419113
vt 0.704830 0.486230
vt 0.699457 0.514343
vt 0.680319 0.515082
vt 0.692004 0.362374
vt 0.708498 0.362374
vt 0.675509 0.424611
vt 0.704821 0.419113
vt 0.700001 0.453438
vt 0.680862 0.452728
vt 0.682171 0.419113
vt 0.685847 0.413064
vt 0.681451 0.479648
vt 0.704830 0.542379
vt 0.698886 0.541260
vt 0.575817 0.449315
vt 0.548544 0.421769
vt 0.554487 0.418208
vt 0.579437 0.443408
vt 0.569803 0.403043
vt 0.594754 0.428244
vt 0.647706 0.378139
vt 0.620433 0.350593
vt 0.626375 0.347032
vt 0.651326 0.372233
vt 0.650557 0.485376
vt 0.675509 0.510578
vt 0.660193 0.525742
vt 0.635241 0.500540
vt 0.629743 0.496347
vt 0.646484 0.479773
vt 0.518792 0.350801
vt 0.502051 0.367377
vt 0.497914 0.361837
vt 0.528453 0.360427
vt 0.511712 0.377002
vt 0.600253 0.432438
vt 0.583511 0.449013
vt 0.620215 0.486592
vt 0.636956 0.470017
vt 0.573414 0.397146
vt 0.600687 0.424692
vt 0.638015 0.387734
vt 0.610743 0.360189
vt 0.522865 0.499420
vt 0.497914 0.474219
vt 0.501525 0.468322
vt 0.566126 0.458910
vt 0.538853 0.431364
vt 0.511216 0.458728
vt 0.538488 0.486273
vt 0.583105 0.387551
vt 0.610378 0.415097
vt 0.609781 0.442194
vt 0.593040 0.458768
vt 0.539264 0.404454
vt 0.556004 0.387878
vt 0.680245 0.381009
vt 0.538561 0.398767
vt 0.550282 0.387162
vt 0.529155 0.366113
vt 0.698321 0.419113
vt 0.675509 0.480777
vt 0.704830 0.486230
vt 0.699457 0.514344
vt 0.680319 0.515083
vt 0.692004 0.362374
vt 0.708498 0.362374
vt 0.675509 0.424611
vt 0.704821 0.419113
vt 0.700001 0.453438
vt 0.680862 0.452728
vt 0.685888 0.419113
vt 0.682171 0.419113
vt 0.685847 0.413065
vt 0.681451 0.479649
vt 0.675509 0.480777
vt 0.704830 0.542380
vt 0.698886 0.541261
vt 0.575816 0.449315
vt 0.548544 0.421769
vt 0.579437 0.443408
vt 0.569803 0.403043
vt 0.594754 0.428244
vt 0.647705 0.378138
vt 0.620433 0.350593
vt 0.651326 0.372232
vt 0.650558 0.485376
vt 0.675509 0.510577
vt 0.660193 0.525741
vt 0.635241 0.500540
vt 0.629743 0.496347
vt 0.646484 0.479772
vt 0.518792 0.350801
vt 0.502051 0.367376
vt 0.497914 0.361837
vt 0.513230 0.346672
vt 0.528453 0.360426
vt 0.511712 0.377002
vt 0.600252 0.432437
vt 0.583511 0.449012
vt 0.620215 0.486591
vt 0.636956 0.470017
vt 0.573413 0.397146
vt 0.600686 0.424691
vt 0.638014 0.387734
vt 0.610742 0.360188
vt 0.522865 0.499420
vt 0.497914 0.474219
vt 0.501525 0.468322
vt 0.528797 0.495868
vt 0.566126 0.458910
vt 0.538853 0.431363
vt 0.511216 0.458727
vt 0.538488 0.486273
vt 0.583105 0.387551
vt 0.610377 0.415097
vt 0.609781 0.442193
vt 0.593040 0.458767
vt 0.539263 0.404453
vt 0.556004 0.387877
vt 0.517433 0.377717
vt 0.538560 0.398766
vt 0.550282 0.387161
vt 0.529155 0.366112
vt 0.696665 0.390614
vt 0.704830 0.486230
vt 0.699457 0.514344
vt 0.692003 0.362374
vt 0.708498 0.362374
vt 0.680862 0.452728
vt 0.682130 0.413065
vt 0.685847 0.413065
vt 0.681451 0.479649
vt 0.704830 0.542380
vt 0.575817 0.449315
vt 0.548544 0.421769
vt 0.554486 0.418207
vt 0.579438 0.443408
vt 0.569803 0.403043
vt 0.647706 0.378138
vt 0.620433 0.350593
vt 0.626375 0.347032
vt 0.651327 0.372233
vt 0.650558 0.485376
vt 0.675509 0.510577
vt 0.660193 0.525741
vt 0.635241 0.500540
vt 0.629743 0.496347
vt 0.646484 0.479772
vt 0.502051 0.367376
vt 0.497914 0.361838
vt 0.513230 0.346672
vt 0.548923 0.414077
vt 0.565664 0.397502
vt 0.528453 0.360426
vt 0.511712 0.377002
vt 0.600253 0.432437
vt 0.583511 0.449012
vt 0.620215 0.486591
vt 0.636956 0.470016
vt 0.573414 0.397146
vt 0.600686 0.424691
vt 0.638015 0.387733
vt 0.610742 0.360188
vt 0.522865 0.499420
vt 0.497914 0.474218
vt 0.501525 0.468323
vt 0.528797 0.495868
vt 0.566126 0.458910
vt 0.511216 0.458727
vt 0.538488 0.486273
vt 0.583105 0.387550
vt 0.610378 0.415097
vt 0.609781 0.442193
vt 0.593040 0.458768
vt 0.539263 0.404453
vt 0.556004 0.387877
vt 0.675509 0.346672
vt 0.517434 0.377717
vt 0.538561 0.398767
vt 0.550282 0.387161
vt 0.529155 0.366112
vt 0.696665 0.390614
vt 0.703838 0.390614
vt 0.702039 0.419113
vt 0.698321 0.419113
vt 0.675509 0.480777
vt 0.704830 0.486230
vt 0.699457 0.514344
vt 0.680319 0.515083
vt 0.692003 0.362375
vt 0.708498 0.362375
vt 0.704821 0.419113
vt 0.680862 0.452728
vt 0.685888 0.419113
vt 0.682171 0.419113
vt 0.682130 0.413064
vt 0.704830 0.542380
vt 0.575817 0.449315
vt 0.548545 0.421769
vt 0.554486 0.418207
vt 0.569802 0.403043
vt 0.594754 0.428244
vt 0.647705 0.378138
vt 0.620433 0.350593
vt 0.626375 0.347031
vt 0.651326 0.372232
vt 0.650558 0.485375
vt 0.675510 0.510577
vt 0.635242 0.500540
vt 0.629744 0.496346
vt 0.646485 0.479771
vt 0.518792 0.350802
vt 0.502051 0.367377
vt 0.497914 0.361838
vt 0.513230 0.346672
vt 0.548924 0.414078
vt 0.565665 0.397503
vt 0.528453 0.360427
vt 0.511712 0.377002
vt 0.600253 0.432437
vt 0.583512 0.449012
vt 0.620215 0.486591
vt 0.636956 0.470016
vt 0.573414 0.397146
vt 0.600687 0.424692
vt 0.638014 0.387733
vt 0.610742 0.360188
vt 0.522866 0.499420
vt 0.497914 0.474219
vt 0.501525 0.468323
vt 0.528798 0.495868
vt 0.566126 0.458910
vt 0.511216 0.458728
vt 0.538488 0.486273
vt 0.583104 0.387550
vt 0.609782 0.442194
vt 0.593040 0.458767
vt 0.539263 0.404453
vt 0.556004 0.387878
vt 0.692004 0.346672
vt 0.687419 0.381009
vt 0.517434 0.377717
vt 0.538561 0.398767
vt 0.550282 0.387162
vt 0.529156 0.366113
vt 0.696666 0.390615
vt 0.703839 0.390615
vt 0.698322 0.419113
vt 0.675510 0.480777
vt 0.704830 0.486230
vt 0.699457 0.514343
vt 0.680319 0.515083
vt 0.692004 0.362375
vt 0.708498 0.362375
vt 0.675510 0.424611
vt 0.704822 0.419113
vt 0.700002 0.453438
vt 0.680863 0.452728
vt 0.685889 0.419113
vt 0.682171 0.419113
vt 0.682130 0.413064
vt 0.685848 0.413064
vt 0.681452 0.479648
vt 0.704830 0.542380
vt 0.698886 0.541261
vt 0.548544 0.421769
vt 0.554486 0.418206
vt 0.579438 0.443408
vt 0.569803 0.403042
vt 0.594754 0.428243
vt 0.620434 0.350593
vt 0.626375 0.347031
vt 0.651326 0.372232
vt 0.650557 0.485375
vt 0.675509 0.510577
vt 0.660193 0.525741
vt 0.635241 0.500539
vt 0.629743 0.496346
vt 0.646484 0.479771
vt 0.518793 0.350801
vt 0.502052 0.367376
vt 0.513231 0.346672
vt 0.548923 0.414077
vt 0.565664 0.397502
vt 0.511712 0.377002
vt 0.600252 0.432437
vt 0.583511 0.449012
vt 0.620215 0.486591
vt 0.636956 0.470016
vt 0.573414 0.397145
vt 0.600687 0.424691
vt 0.638015 0.387733
vt 0.610743 0.360188
vt 0.522865 0.499419
vt 0.497914 0.474218
vt 0.501525 0.468322
vt 0.528798 0.495868
vt 0.566126 0.458909
vt 0.538853 0.431363
vt 0.511216 0.458727
vt 0.538488 0.486272
vt 0.583105 0.387551
vt 0.610378 0.415097
vt 0.609781 0.442193
vt 0.593040 0.458767
vt 0.539263 0.404452
vt 0.556004 0.387877
vt 0.692004 0.346673
vt 0.687418 0.381009
vt 0.680245 0.381009
vt 0.517434 0.377717
vt 0.538561 0.398766
vt 0.550282 0.387162
vt 0.529156 0.366112
vt 0.696665 0.390615
vt 0.703839 0.390615
vt 0.702040 0.419113
vt 0.698321 0.419113
vt 0.675509 0.480777
vt 0.704830 0.486231
vt 0.699457 0.514344
vt 0.680319 0.515083
vt 0.692004 0.362375
vt 0.708498 0.362375
vt 0.675509 0.424612
vt 0.704821 0.419113
vt 0.700001 0.453438
vt 0.680862 0.452728
vt 0.685888 0.419113
vt 0.682170 0.419113
vt 0.682129 0.413065
vt 0.685847 0.413065
vt 0.675509 0.480777
vt 0.704830 0.542380
vt 0.698886 0.541261
vt 0.575817 0.449315
vt 0.548544 0.421770
vt 0.554487 0.418207
vt 0.579438 0.443408
vt 0.569803 0.403043
vt 0.594755 0.428244
vt 0.647706 0.378138
vt 0.620434 0.350593
vt 0.626375 0.347031
vt 0.651327 0.372233
vt 0.675510 0.510578
vt 0.660194 0.525742
vt 0.635242 0.500541
vt 0.646484 0.479772
vt 0.518793 0.350801
vt 0.497914 0.361837
vt 0.513230 0.346673
vt 0.548923 0.414078
vt 0.565665 0.397503
vt 0.528453 0.360426
vt 0.511712 0.377002
vt 0.600253 0.432438
vt 0.583512 0.449013
vt 0.620215 0.486592
vt 0.636956 0.470017
vt 0.573414 0.397146
vt 0.600687 0.424692
vt 0.638016 0.387734
vt 0.610743 0.360188
vt 0.522865 0.499420
vt 0.501525 0.468323
vt 0.528798 0.495868
vt 0.566126 0.458911
vt 0.538853 0.431364
vt 0.511216 0.458728
vt 0.538489 0.486273
vt 0.583106 0.387551
vt 0.610378 0.415097
vt 0.609782 0.442194
vt 0.539264 0.404453
vt 0.556004 0.387878
vt 0.675510 0.346672
vt 0.687420 0.381009
vt 0.680246 0.381009
vt 0.517434 0.377717
vt 0.538561 0.398767
vt 0.550282 0.387162
vt 0.696664 0.390615
vt 0.703838 0.390615
vt 0.702039 0.419113
vt 0.698321 0.419113
vt 0.675509 0.480777
vt 0.704830 0.486231
vt 0.699457 0.514344
vt 0.680319 0.515084
vt 0.675509 0.424612
vt 0.704822 0.419113
vt 0.700002 0.453439
vt 0.680862 0.452729
vt 0.685889 0.419113
vt 0.682172 0.419113
vt 0.682130 0.413065
vt 0.681452 0.479649
vt 0.704830 0.542381
vt 0.698886 0.541262
s 1
usemtl Material.001
f 201/227/298 204/228/298 196/229/298 195/230/298
f 195/230/299 196/229/299 200/231/299 199/232/299
f 205/233/300 208/234/300 198/235/300 197/236/300
f 197/237/301 198/238/301 194/239/301 193/240/301
f 202/241/302 205/242/302 197/237/302 193/240/302
f 208/243/303 203/244/303 194/245/303 198/246/303
f 200/231/304 196/229/304 204/247/304 207/248/304
f 220/249/305 217/250/305 203/244/305 208/243/305
f 195/230/306 199/232/306 206/251/306 201/252/306
f 210/253/307 213/254/307 205/242/307 202/241/307
f 199/232/308 200/231/308 207/255/308 206/256/308
f 213/257/309 220/258/309 208/234/310 205/233/310
f 193/259/311 194/260/311 203/261/311 202/262/311
f 209/263/312 218/264/312 204/228/313 201/227/313
f 202/262/314 203/261/314 217/265/315 210/266/315
f 210/266/315 217/265/315 218/264/312 209/263/312
f 206/256/316 207/255/316 219/267/317 214/268/318
f 214/268/318 219/267/317 220/258/309 213/257/309
f 201/252/319 206/251/319 214/269/319 209/270/319
f 209/270/320 214/269/320 213/254/320 210/253/320
f 207/248/321 204/247/321 218/271/322 219/272/323
f 211/273/324 216/274/324 224/275/324 221/276/324
f 211/277/325 212/278/325 218/271/325 217/250/325
f 215/279/326 216/280/326 220/249/326 219/272/326
f 212/278/327 215/279/327 219/272/323 218/271/322
f 216/280/328 211/277/328 217/250/328 220/249/328
f 223/281/329 222/282/329 226/283/329 227/284/329
f 216/285/330 215/286/330 223/287/330 224/288/330
f 215/289/331 212/290/331 222/282/331 223/281/331
f 212/291/332 211/292/332 221/293/332 222/294/332
f 227/295/333 226/296/333 225/297/333 228/298/333
f 222/294/334 221/293/334 225/299/334 226/300/334
f 221/276/335 224/275/335 228/298/335 225/297/335
f 224/288/336 223/287/336 227/301/336 228/302/336
f 237/227/337 240/303/337 232/304/337 231/230/337
f 231/230/338 232/304/338 236/305/338 235/232/338
f 241/306/339 244/234/339 234/235/339 233/236/339
f 233/307/340 234/238/340 230/239/340 229/240/340
f 238/308/341 241/242/341 233/307/341 229/240/341
f 244/243/342 239/309/342 230/310/342 234/246/342
f 236/305/343 232/304/343 240/311/343 243/248/343
f 256/312/344 253/313/345 239/309/346 244/243/346
f 231/230/347 235/232/347 242/251/347 237/252/347
f 246/314/348 249/254/348 241/242/348 238/308/348
f 235/232/349 236/305/349 243/255/349 242/256/349
f 249/257/350 256/258/350 244/234/351 241/306/351
f 229/315/352 230/260/352 239/261/352 238/262/352
f 245/263/353 254/264/353 240/303/354 237/227/354
f 238/262/355 239/261/355 253/316/356 246/317/356
f 246/317/356 253/316/356 254/264/353 245/263/353
f 242/256/357 243/255/357 255/267/358 250/318/358
f 250/318/358 255/267/358 256/258/350 249/257/350
f 237/252/359 242/251/359 250/269/359 245/270/359
f 245/270/360 250/269/360 249/254/360 246/314/360
f 243/248/361 240/311/361 254/319/361 255/320/361
f 247/321/362 252/322/362 260/323/362 257/324/362
f 247/325/363 248/278/363 254/319/363 253/313/363
f 251/279/364 252/326/364 256/312/364 255/320/364
f 248/278/365 251/279/365 255/320/365 254/319/365
f 252/326/345 247/325/345 253/313/345 256/312/344
f 259/327/366 258/328/366 262/329/366 263/330/366
f 252/331/367 251/332/367 259/333/367 260/334/367
f 251/335/368 248/336/368 258/328/368 259/327/368
f 248/337/369 247/338/369 257/339/369 258/340/369
f 263/341/370 262/342/370 261/343/370 264/344/370
f 258/340/371 257/339/371 261/345/371 262/346/371
f 257/324/372 260/323/372 264/344/372 261/343/372
f 260/334/373 259/333/373 263/347/373 264/348/373
f 273/227/374 276/228/374 268/229/374 267/230/374
f 267/230/375 268/229/375 272/231/375 271/349/375
f 277/350/376 280/234/376 270/351/376 269/236/376
f 269/237/377 270/352/377 266/353/377 265/240/377
f 274/308/378 277/242/378 269/237/378 265/240/378
f 280/243/379 275/309/379 266/354/379 270/246/379
f 272/231/380 268/229/380 276/247/380 279/248/380
f 292/249/381 289/250/381 275/309/381 280/243/381
f 267/230/382 271/349/382 278/251/382 273/252/382
f 282/253/383 285/254/383 277/242/383 274/308/383
f 271/349/384 272/231/384 279/255/384 278/256/384
f 285/355/385 292/258/385 280/234/386 277/350/386
f 265/259/387 266/356/387 275/357/387 274/358/387
f 281/263/388 290/264/388 276/228/389 273/227/389
f 274/358/390 275/357/390 289/359/391 282/266/391
f 282/266/391 289/359/391 290/264/388 281/263/388
f 278/256/392 279/255/392 291/360/393 286/361/394
f 286/361/394 291/360/393 292/258/385 285/355/385
f 273/252/395 278/251/395 286/362/395 281/270/395
f 281/270/396 286/362/396 285/254/396 282/253/396
f 279/248/397 276/247/397 290/319/397 291/272/397
f 283/363/398 288/273/398 296/364/398 293/365/398
f 283/277/399 284/278/399 290/319/399 289/250/399
f 287/279/400 288/280/400 292/249/400 291/272/400
f 284/278/401 287/279/401 291/272/401 290/319/401
f 288/280/402 283/277/402 289/250/402 292/249/402
f 295/366/403 294/367/403 298/368/403 299/369/403
f 288/370/404 287/371/404 295/372/404 296/373/404
f 287/374/405 284/335/405 294/367/405 295/366/405
f 284/375/406 283/376/406 293/377/406 294/378/406
f 299/379/407 298/380/407 297/381/407 300/382/407
f 294/378/408 293/377/408 297/383/408 298/384/408
f 293/365/409 296/364/409 300/382/409 297/381/409
f 296/373/410 295/372/410 299/385/410 300/386/410
f 309/387/411 312/388/411 304/389/411 303/390/411
f 303/390/412 304/389/412 308/391/412 307/392/412
f 313/393/413 316/394/413 306/395/413 305/396/413
f 305/397/414 306/238/414 302/353/414 301/240/414
f 310/308/415 313/398/415 305/397/415 301/240/415
f 316/399/416 311/400/416 302/354/416 306/246/416
f 308/391/417 304/389/417 312/401/417 315/402/417
f 328/403/418 325/250/418 311/400/418 316/399/418
f 303/390/419 307/392/419 314/404/419 309/405/419
f 318/406/420 321/407/420 313/398/420 310/308/420
f 307/392/421 308/391/421 315/408/421 314/409/421
f 321/410/422 328/411/422 316/394/423 313/393/423
f 301/412/424 302/413/424 311/414/424 310/415/424
f 317/416/425 326/417/426 312/388/427 309/387/427
f 310/415/428 311/414/428 325/418/429 318/419/429
f 318/419/429 325/418/429 326/417/426 317/416/425
f 314/409/430 315/408/430 327/420/431 322/421/431
f 322/421/431 327/420/431 328/411/422 321/410/422
f 309/405/432 314/404/432 322/422/432 317/423/432
f 317/423/433 322/422/433 321/407/433 318/406/433
f 315/402/434 312/401/434 326/424/435 327/272/436
f 319/425/437 324/426/437 332/427/437 329/428/437
f 319/429/438 320/430/438 326/424/438 325/250/438
f 323/431/439 324/432/439 328/403/439 327/272/439
f 320/430/436 323/431/436 327/272/436 326/424/435
f 324/432/440 319/429/440 325/250/440 328/403/440
f 331/433/441 330/434/441 334/435/441 335/436/441
f 324/437/442 323/438/442 331/439/442 332/440/442
f 323/441/443 320/442/443 330/434/443 331/433/443
f 320/443/444 319/444/444 329/445/444 330/446/444
f 335/447/445 334/448/445 333/449/445 336/450/445
f 330/446/446 329/445/446 333/451/446 334/292/446
f 329/428/447 332/427/447 336/450/447 333/449/447
f 332/440/448 331/439/448 335/452/448 336/453/448
f 345/387/449 348/388/449 340/389/449 339/454/449
f 339/454/450 340/389/450 344/391/450 343/392/450
f 349/393/451 352/394/451 342/395/451 341/396/451
f 341/455/452 342/238/452 338/353/452 337/456/452
f 346/308/453 349/398/453 341/455/453 337/456/453
f 352/243/454 347/457/454 338/354/454 342/246/454
f 344/391/455 340/389/455 348/401/455 351/402/455
f 364/458/456 361/250/456 347/457/456 352/243/456
f 339/454/457 343/392/457 350/459/457 345/405/457
f 354/406/458 357/407/458 349/398/458 346/308/458
f 343/392/459 344/391/459 351/460/459 350/461/459
f 357/410/460 364/462/460 352/394/460 349/393/460
f 337/463/461 338/464/461 347/465/461 346/466/461
f 353/416/462 362/417/462 348/388/462 345/387/462
f 346/466/462 347/465/462 361/418/462 354/467/462
f 354/467/462 361/418/462 362/417/462 353/416/462
f 350/461/460 351/460/460 363/420/460 358/421/460
f 358/421/460 363/420/460 364/462/460 357/410/460
f 345/405/458 350/459/458 358/422/458 353/423/458
f 353/423/458 358/422/458 357/407/458 354/406/458
f 351/402/456 348/401/456 362/424/456 363/272/456
f 355/468/463 360/469/463 368/470/463 365/471/463
f 355/277/456 356/472/456 362/424/456 361/250/456
f 359/473/456 360/326/456 364/458/456 363/272/456
f 356/472/456 359/473/456 363/272/456 362/424/456
f 360/326/456 355/277/456 361/250/456 364/458/456
f 367/474/464 366/475/464 370/476/464 371/477/464
f 360/478/465 359/479/465 367/480/465 368/481/465
f 359/482/466 356/441/466 366/475/466 367/474/466
f 356/483/467 355/484/467 365/485/467 366/486/467
f 371/487/468 370/488/468 369/489/468 372/490/468
f 366/486/469 365/485/469 369/491/469 370/338/469
f 365/471/470 368/470/470 372/490/470 369/489/470
f 368/481/471 367/480/471 371/492/471 372/493/471
f 381/387/472 384/388/472 376/494/472 375/495/472
f 375/495/473 376/494/473 380/496/473 379/392/473
f 385/393/474 388/394/474 378/497/474 377/396/474
f 377/307/475 378/498/475 374/353/475 373/456/475
f 382/499/476 385/242/476 377/307/476 373/456/476
f 388/243/477 383/457/477 374/354/477 378/246/477
f 380/496/478 376/494/478 384/247/478 387/402/478
f 400/249/456 397/313/456 383/457/456 388/243/456
f 375/495/479 379/392/479 386/500/479 381/501/479
f 390/406/458 393/407/458 385/242/458 382/499/458
f 379/392/480 380/496/480 387/502/480 386/503/480
f 393/410/460 400/258/460 388/394/460 385/393/460
f 373/412/481 374/413/481 383/504/481 382/505/481
f 389/416/462 398/417/462 384/388/462 381/387/462
f 382/505/462 383/504/462 397/506/462 390/507/462
f 390/507/462 397/506/462 398/417/462 389/416/462
f 386/503/460 387/502/460 399/420/460 394/421/460
f 394/421/460 399/420/460 400/258/460 393/410/460
f 381/501/458 386/500/458 394/422/458 389/508/458
f 389/508/458 394/422/458 393/407/458 390/406/458
f 387/402/456 384/247/456 398/424/456 399/272/456
f 391/509/482 396/510/482 404/511/482 401/512/482
f 391/277/456 392/472/456 398/424/456 397/313/456
f 395/473/456 396/280/456 400/249/456 399/272/456
f 392/472/456 395/473/456 399/272/456 398/424/456
f 396/280/456 391/277/456 397/313/456 400/249/456
f 403/513/483 402/514/483 406/515/483 407/516/483
f 396/376/465 395/517/465 403/518/465 404/519/465
f 395/520/484 392/521/484 402/514/484 403/513/484
f 392/522/467 391/523/467 401/524/467 402/525/467
f 407/526/468 406/527/468 405/528/468 408/529/468
f 402/525/485 401/524/485 405/530/485 406/531/485
f 401/512/486 404/511/486 408/529/486 405/528/486
f 404/519/487 403/518/487 407/532/487 408/533/487
f 417/534/488 420/535/488 412/536/488 411/495/488
f 411/495/489 412/536/489 416/496/489 415/537/489
f 421/393/490 424/538/490 414/395/490 413/396/490
f 413/455/491 414/539/491 410/540/491 409/541/491
f 418/542/492 421/543/492 413/455/492 409/541/492
f 424/243/493 419/544/493 410/545/493 414/246/493
f 416/496/494 412/536/494 420/401/494 423/546/494
f 436/547/456 433/250/456 419/544/456 424/243/456
f 411/495/495 415/537/495 422/500/495 417/405/495
f 426/548/458 429/407/458 421/543/458 418/542/458
f 415/537/496 416/496/496 423/408/496 422/549/496
f 429/410/460 436/550/460 424/538/460 421/393/460
f 409/412/497 410/551/497 419/504/497 418/466/497
f 425/552/462 434/553/462 420/535/462 417/534/462
f 418/466/462 419/504/462 433/506/462 426/554/462
f 426/554/462 433/506/462 434/553/462 425/552/462
f 422/549/460 423/408/460 435/420/460 430/555/460
f 430/555/460 435/420/460 436/550/460 429/410/460
f 417/405/458 422/500/458 430/422/458 425/556/458
f 425/556/458 430/422/458 429/407/458 426/548/458
f 423/546/456 420/401/456 434/424/456 435/557/456
f 427/510/498 432/558/498 440/559/498 437/560/498
f 427/561/456 428/430/456 434/424/456 433/250/456
f 431/473/456 432/280/456 436/547/456 435/557/456
f 428/430/456 431/473/456 435/557/456 434/424/456
f 432/280/456 427/561/456 433/250/456 436/547/456
f 439/562/499 438/563/499 442/564/499 443/565/499
f 432/566/500 431/567/500 439/568/500 440/569/500
f 431/570/501 428/571/501 438/563/501 439/562/501
f 428/572/502 427/573/502 437/574/502 438/575/502
f 443/576/468 442/577/468 441/578/468 444/579/468
f 438/575/485 437/574/485 441/580/485 442/581/485
f 437/560/503 440/559/503 444/579/503 441/578/503
f 440/569/504 439/568/504 443/582/504 444/583/504
f 453/387/505 456/535/505 448/536/505 447/495/505
f 447/495/506 448/536/506 452/496/506 451/537/506
f 457/393/507 460/584/507 450/585/507 449/586/507
f 449/397/508 450/238/508 446/587/508 445/240/508
f 454/241/509 457/588/509 449/397/509 445/240/509
f 460/399/510 455/589/510 446/545/510 450/590/510
f 452/496/511 448/536/511 456/401/511 459/546/511
f 472/403/456 469/591/456 455/589/456 460/399/456
f 447/495/512 451/537/512 458/459/512 453/592/512
f 462/593/458 465/254/458 457/588/458 454/241/458
f 451/537/513 452/496/513 459/408/513 458/503/513
f 465/594/460 472/595/460 460/584/460 457/393/460
f 445/412/514 446/551/514 455/465/514 454/415/514
f 461/596/462 470/553/462 456/535/462 453/387/462
f 454/415/462 455/465/462 469/506/462 462/507/462
f 462/507/462 469/506/462 470/553/462 461/596/462
f 458/503/460 459/408/460 471/420/460 466/555/460
f 466/555/460 471/420/460 472/595/460 465/594/460
f 453/592/458 458/459/458 466/422/458 461/423/458
f 461/423/458 466/422/458 465/254/458 462/593/458
f 459/546/456 456/401/456 470/597/456 471/598/456
f 463/599/515 468/600/515 476/601/515 473/602/515
f 463/561/456 464/603/456 470/597/456 469/591/456
f 467/604/456 468/605/456 472/403/456 471/598/456
f 464/603/456 467/604/456 471/598/456 470/597/456
f 468/605/456 463/561/456 469/591/456 472/403/456
f 475/606/516 474/607/516 478/608/516 479/609/516
f 468/610/517 467/611/517 475/612/517 476/613/517
f 467/614/518 464/615/518 474/607/518 475/606/518
f 464/616/502 463/617/502 473/618/502 474/619/502
f 479/620/519 478/621/519 477/622/519 480/623/519
f 474/619/520 473/618/520 477/624/520 478/625/520
f 473/602/521 476/601/521 480/623/521 477/622/521
f 476/613/522 475/612/522 479/626/522 480/627/522
f 489/628/523 492/629/523 484/630/523 483/631/523
f 483/631/524 484/630/524 488/632/524 487/633/524
f 493/634/525 496/635/525 486/636/525 485/637/525
f 485/638/526 486/352/526 482/587/526 481/456/526
f 490/308/527 493/588/527 485/638/527 481/456/527
f 496/639/528 491/640/528 482/641/528 486/642/528
f 488/632/529 484/630/529 492/643/529 495/644/529
f 508/645/456 505/646/456 491/640/456 496/639/456
f 483/631/530 487/633/530 494/647/530 489/405/530
f 498/593/531 501/254/531 493/588/531 490/308/531
f 487/633/532 488/632/532 495/648/532 494/649/532
f 501/650/460 508/651/460 496/635/460 493/634/460
f 481/652/533 482/653/533 491/654/533 490/655/533
f 497/656/462 506/657/462 492/629/462 489/628/462
f 490/655/462 491/654/462 505/658/462 498/659/462
f 498/659/462 505/658/462 506/657/462 497/656/462
f 494/649/460 495/648/460 507/660/460 502/661/460
f 502/661/460 507/660/460 508/651/460 501/650/460
f 489/405/531 494/647/531 502/662/531 497/663/531
f 497/663/531 502/662/531 501/254/531 498/593/531
f 495/644/456 492/643/456 506/664/456 507/665/456
f 499/469/534 504/666/534 512/667/534 509/668/534
f 499/669/456 500/670/456 506/664/456 505/646/456
f 503/671/456 504/672/456 508/645/456 507/665/456
f 500/670/456 503/671/456 507/665/456 506/664/456
f 504/672/456 499/669/456 505/646/456 508/645/456
f 511/673/535 510/674/535 514/675/535 515/676/535
f 504/677/517 503/678/517 511/679/517 512/680/517
f 503/681/536 500/682/536 510/674/536 511/673/536
f 500/683/502 499/684/502 509/685/502 510/686/502
f 515/687/519 514/688/519 513/689/519 516/690/519
f 510/686/537 509/685/537 513/691/537 514/692/537
f 509/668/538 512/667/538 516/690/538 513/689/538
f 512/680/522 511/679/522 515/693/522 516/694/522
f 525/695/539 528/696/539 520/697/539 519/698/539
f 519/698/540 520/697/540 524/699/540 523/700/540
f 529/701/541 532/702/541 522/703/541 521/704/541
f 521/705/542 522/706/542 518/239/542 517/707/542
f 526/708/543 529/709/543 521/705/543 517/707/543
f 532/710/544 527/711/544 518/712/544 522/713/544
f 524/699/545 520/697/545 528/714/545 531/715/545
f 544/716/456 541/717/456 527/711/456 532/710/456
f 519/698/546 523/700/546 530/718/546 525/719/546
f 534/720/531 537/721/531 529/709/531 526/708/531
f 523/700/547 524/699/547 531/722/547 530/723/547
f 537/724/460 544/725/460 532/702/460 529/701/460
f 517/726/548 518/727/548 527/728/548 526/729/548
f 533/730/462 542/731/462 528/696/462 525/695/462
f 526/729/462 527/728/462 541/732/462 534/733/462
f 534/733/462 541/732/462 542/731/462 533/730/462
f 530/723/460 531/722/460 543/734/460 538/735/460
f 538/735/460 543/734/460 544/725/460 537/724/460
f 525/719/531 530/718/531 538/736/531 533/737/531
f 533/737/531 538/736/531 537/721/531 534/720/531
f 531/715/456 528/714/456 542/738/456 543/739/456
f 535/600/549 540/740/549 548/741/549 545/742/549
f 535/743/456 536/744/456 542/738/456 541/717/456
f 539/745/456 540/746/456 544/716/456 543/739/456
f 536/744/456 539/745/456 543/739/456 542/738/456
f 540/746/456 535/743/456 541/717/456 544/716/456
f 547/747/550 546/748/550 550/749/550 551/750/550
f 540/581/551 539/751/551 547/752/551 548/753/551
f 539/571/552 536/754/552 546/748/552 547/747/552
f 536/755/553 535/756/553 545/757/553 546/758/553
f 551/759/456 550/760/456 549/761/456 552/762/456
f 546/758/537 545/757/537 549/763/537 550/764/537
f 545/742/554 548/741/554 552/762/554 549/761/554
f 548/753/555 547/752/555 551/765/555 552/766/555
f 561/767/556 564/768/556 556/769/556 555/770/556
f 555/770/557 556/769/557 560/771/557 559/772/557
f 565/773/558 568/774/558 558/775/558 557/776/558
f 557/777/559 558/778/559 554/779/559 553/780/559
f 562/781/560 565/782/560 557/777/560 553/780/560
f 568/783/561 563/784/561 554/785/561 558/786/561
f 560/771/562 556/769/562 564/787/562 567/788/562
f 580/789/456 577/790/456 563/784/456 568/783/456
f 555/770/563 559/772/563 566/791/563 561/792/563
f 570/793/531 573/794/531 565/782/531 562/781/531
f 559/772/564 560/771/564 567/795/564 566/796/564
f 573/797/460 580/798/460 568/774/565 565/773/565
f 553/799/566 554/800/566 563/801/566 562/802/566
f 569/803/462 578/804/462 564/768/462 561/767/462
f 562/802/567 563/801/567 577/805/462 570/806/462
f 570/806/462 577/805/462 578/804/462 569/803/462
f 566/796/460 567/795/460 579/807/460 574/808/460
f 574/808/460 579/807/460 580/798/460 573/797/460
f 561/792/531 566/791/531 574/809/531 569/810/531
f 569/810/531 574/809/531 573/794/531 570/793/531
f 567/788/456 564/787/456 578/811/456 579/812/456
f 571/813/568 576/814/568 584/815/568 581/816/568
f 571/817/456 572/818/456 578/811/456 577/790/456
f 575/819/456 576/820/456 580/789/456 579/812/456
f 572/818/456 575/819/456 579/812/456 578/811/456
f 576/820/456 571/817/456 577/790/456 580/789/456
f 583/821/569 582/822/569 586/823/569 587/824/569
f 576/825/570 575/826/570 583/827/570 584/828/570
f 575/829/571 572/830/571 582/822/571 583/821/571
f 572/831/572 571/832/572 581/833/572 582/834/572
f 587/835/456 586/836/456 585/837/456 588/838/456
f 582/834/537 581/833/537 585/839/537 586/825/537
f 581/816/573 584/815/573 588/838/573 585/837/573
f 584/828/574 583/827/574 587/840/574 588/841/574
f 597/842/575 600/843/575 592/844/575 591/845/575
f 591/845/576 592/844/576 596/846/576 595/847/576
f 601/848/577 604/849/577 594/850/577 593/851/577
f 593/852/578 594/853/578 590/854/578 589/855/578
f 598/856/579 601/857/579 593/852/579 589/855/579
f 604/858/580 599/859/580 590/860/580 594/861/580
f 596/846/581 592/844/581 600/862/581 603/863/581
f 616/864/456 613/865/456 599/859/456 604/858/456
f 591/845/582 595/847/582 602/866/582 597/867/582
f 606/868/531 609/869/531 601/857/531 598/856/531
f 595/847/583 596/846/583 603/870/583 602/871/583
f 609/872/584 616/873/584 604/849/584 601/848/584
f 589/874/585 590/875/585 599/876/585 598/877/585
f 605/878/586 614/879/586 600/843/586 597/842/586
f 598/877/587 599/876/587 613/880/587 606/881/587
f 606/881/587 613/880/587 614/879/586 605/878/586
f 602/871/588 603/870/588 615/882/588 610/883/588
f 610/883/588 615/882/588 616/873/584 609/872/584
f 597/867/531 602/866/531 610/884/531 605/885/531
f 605/885/531 610/884/531 609/869/531 606/868/531
f 603/863/456 600/862/456 614/886/456 615/887/456
f 607/888/589 612/889/589 620/890/589 617/891/589
f 607/892/456 608/893/456 614/886/456 613/865/456
f 611/894/456 612/895/456 616/864/456 615/887/456
f 608/893/456 611/894/456 615/887/456 614/886/456
f 612/895/456 607/892/456 613/865/456 616/864/456
f 619/896/590 618/897/590 622/898/590 623/899/590
f 612/900/591 611/901/591 619/902/591 620/903/591
f 611/904/592 608/905/592 618/897/592 619/896/592
f 608/906/572 607/907/572 617/908/572 618/909/572
f 623/910/456 622/911/456 621/912/456 624/913/456
f 618/909/593 617/908/593 621/914/593 622/900/593
f 617/891/594 620/890/594 624/913/594 621/912/594
f 620/903/595 619/902/595 623/915/595 624/916/595
f 633/917/596 636/918/596 628/919/596 627/920/596
f 627/920/597 628/919/597 632/921/597 631/922/597
f 637/923/598 640/924/598 630/925/598 629/926/598
f 629/927/599 630/928/599 626/929/599 625/930/599
f 634/931/600 637/932/600 629/927/600 625/930/600
f 640/933/601 635/934/601 626/935/601 630/936/601
f 632/921/602 628/919/602 636/937/602 639/938/602
f 652/939/456 649/940/456 635/934/456 640/933/456
f 627/920/603 631/922/603 638/941/603 633/942/603
f 642/943/531 645/944/531 637/932/531 634/931/531
f 631/922/604 632/921/604 639/945/604 638/946/604
f 645/947/584 652/948/584 640/924/584 637/923/584
f 625/949/605 626/950/605 635/951/605 634/952/605
f 641/953/587 650/954/587 636/918/587 633/917/587
f 634/952/587 635/951/587 649/955/587 642/956/587
f 642/956/587 649/955/587 650/954/587 641/953/587
f 638/946/584 639/945/584 651/957/584 646/958/584
f 646/958/584 651/957/584 652/948/584 645/947/584
f 633/942/531 638/941/531 646/959/531 641/960/531
f 641/960/531 646/959/531 645/944/531 642/943/531
f 639/938/456 636/937/456 650/961/456 651/962/456
f 643/963/606 648/964/606 656/965/606 653/966/606
f 643/967/456 644/968/456 650/961/456 649/940/456
f 647/969/456 648/970/456 652/939/456 651/962/456
f 644/968/456 647/969/456 651/962/456 650/961/456
f 648/970/456 643/967/456 649/940/456 652/939/456
f 655/971/607 654/972/607 658/973/607 659/974/607
f 648/975/608 647/976/608 655/977/608 656/978/608
f 647/979/609 644/980/609 654/972/609 655/971/609
f 644/981/610 643/982/610 653/983/610 654/984/610
f 659/985/456 658/986/456 657/987/456 660/988/456
f 654/984/593 653/983/593 657/989/593 658/990/593
f 653/966/611 656/965/611 660/988/611 657/987/611
f 656/978/595 655/977/595 659/991/595 660/992/595
f 669/993/612 672/994/612 664/995/612 663/996/612
f 663/996/613 664/995/613 668/997/613 667/998/613
f 673/999/614 676/1000/614 666/1001/614 665/1002/614
f 665/1003/615 666/1004/615 662/1005/615 661/1006/615
f 670/1007/616 673/1008/616 665/1003/616 661/1006/616
f 676/1009/617 671/1010/617 662/1011/617 666/1012/617
f 668/997/618 664/995/618 672/1013/618 675/1014/618
f 688/1015/456 685/1016/456 671/1010/456 676/1009/456
f 663/996/619 667/998/619 674/1017/619 669/1018/619
f 678/1019/620 681/1020/620 673/1008/620 670/1007/620
f 667/998/621 668/997/621 675/1021/621 674/1022/621
f 681/1023/584 688/1024/584 676/1000/584 673/999/584
f 661/1025/622 662/1026/622 671/1027/622 670/1028/622
f 677/1029/587 686/1030/587 672/994/587 669/993/587
f 670/1028/587 671/1027/587 685/1031/587 678/1032/587
f 678/1032/587 685/1031/587 686/1030/587 677/1029/587
f 674/1022/584 675/1021/584 687/1033/584 682/1034/584
f 682/1034/584 687/1033/584 688/1024/584 681/1023/584
f 669/1018/620 674/1017/620 682/1035/620 677/1036/620
f 677/1036/620 682/1035/620 681/1020/620 678/1019/620
f 675/1014/456 672/1013/456 686/1037/456 687/1038/456
f 679/1039/623 684/889/623 692/1040/623 689/1041/623
f 679/1042/456 680/1043/456 686/1037/456 685/1016/456
f 683/1044/456 684/1045/456 688/1015/456 687/1038/456
f 680/1043/456 683/1044/456 687/1038/456 686/1037/456
f 684/1045/456 679/1042/456 685/1016/456 688/1015/456
f 691/1046/624 690/1047/624 694/1048/624 695/1049/624
f 684/1050/625 683/1051/625 691/1052/625 692/1053/625
f 683/1054/626 680/1055/626 690/1047/626 691/1046/626
f 680/1056/627 679/1057/627 689/1058/627 690/1059/627
f 695/1060/456 694/1061/456 693/1062/456 696/1063/456
f 690/1059/593 689/1058/593 693/1064/593 694/1065/593
f 689/1041/628 692/1040/628 696/1063/628 693/1062/628
f 692/1053/629 691/1052/629 695/1066/629 696/1067/629
f 705/767/630 708/1068/630 700/1069/630 699/1070/630
f 699/1070/631 700/1069/631 704/1071/631 703/1072/631
f 709/1073/632 712/1074/632 702/1075/632 701/1076/632
f 701/777/633 702/1077/633 698/1078/633 697/1079/633
f 706/1080/634 709/1081/634 701/777/634 697/1079/634
f 712/1082/635 707/1083/635 698/1084/635 702/1085/635
f 704/1071/636 700/1069/636 708/1086/636 711/1087/636
f 724/1088/456 721/1089/456 707/1083/637 712/1082/637
f 699/1070/638 703/1072/638 710/1090/638 705/1091/638
f 714/1092/620 717/1093/620 709/1081/620 706/1080/620
f 703/1072/639 704/1071/639 711/1094/639 710/1095/639
f 717/1096/584 724/1097/584 712/1074/584 709/1073/584
f 697/1098/640 698/1099/640 707/1100/640 706/1101/640
f 713/1102/587 722/1103/587 708/1068/587 705/767/587
f 706/1101/587 707/1100/587 721/1104/587 714/1105/587
f 714/1105/587 721/1104/587 722/1103/587 713/1102/587
f 710/1095/584 711/1094/584 723/1106/584 718/1107/584
f 718/1107/584 723/1106/584 724/1097/584 717/1096/584
f 705/1091/620 710/1090/620 718/1108/620 713/1109/620
f 713/1109/620 718/1108/620 717/1093/620 714/1092/620
f 711/1087/456 708/1086/456 722/1110/456 723/1111/456
f 715/1112/641 720/1113/641 728/815/641 725/1114/641
f 715/1115/456 716/1116/456 722/1110/456 721/1089/456
f 719/1117/456 720/1118/456 724/1088/456 723/1111/456
f 716/1116/456 719/1117/456 723/1111/456 722/1110/456
f 720/1118/456 715/1115/456 721/1089/456 724/1088/456
f 727/1119/642 726/1120/642 730/1121/642 731/974/642
f 720/1122/643 719/1123/643 727/1124/643 728/1125/643
f 719/1126/644 716/1055/644 726/1120/644 727/1119/644
f 716/1127/627 715/1128/627 725/1129/627 726/1130/627
f 731/1131/456 730/1132/456 729/1133/456 732/1134/456
f 726/1130/645 725/1129/645 729/1135/645 730/1122/645
f 725/1114/646 728/815/646 732/1134/646 729/1133/646
f 728/1125/629 727/1124/629 731/1136/629 732/1137/629
f 741/1138/647 744/1139/647 736/1140/647 735/1141/647
f 735/1141/648 736/1140/648 740/1142/648 739/1143/648
f 745/1144/649 748/1145/649 738/1146/649 737/1147/649
f 737/1148/650 738/1149/650 734/1150/650 733/1151/650
f 742/1152/651 745/1153/651 737/1148/651 733/1151/651
f 748/1154/652 743/1155/652 734/1156/652 738/1157/652
f 740/1142/653 736/1140/653 744/1158/653 747/1159/653
f 760/1160/456 757/1161/456 743/1155/456 748/1154/456
f 735/1141/654 739/1143/654 746/1162/654 741/1163/654
f 750/1164/620 753/1165/620 745/1153/620 742/1152/620
f 739/1143/655 740/1142/655 747/1166/655 746/1167/655
f 753/1168/584 760/1169/584 748/1145/584 745/1144/584
f 733/1170/656 734/1171/656 743/1172/656 742/1173/656
f 749/1174/587 758/1175/587 744/1139/587 741/1138/587
f 742/1173/587 743/1172/587 757/1176/587 750/1177/587
f 750/1177/587 757/1176/587 758/1175/587 749/1174/587
f 746/1167/584 747/1166/584 759/1178/584 754/883/584
f 754/883/584 759/1178/584 760/1169/584 753/1168/584
f 741/1163/620 746/1162/620 754/1179/620 749/1180/620
f 749/1180/620 754/1179/620 753/1165/620 750/1164/620
f 747/1159/456 744/1158/456 758/1181/456 759/1182/456
f 751/1183/657 756/1184/657 764/1185/657 761/1041/657
f 751/1186/456 752/1187/456 758/1181/456 757/1161/456
f 755/1188/456 756/1189/456 760/1160/456 759/1182/456
f 752/1187/456 755/1188/456 759/1182/456 758/1181/456
f 756/1189/456 751/1186/456 757/1161/456 760/1160/456
f 763/1190/658 762/1191/658 766/1192/658 767/1193/658
f 756/1194/659 755/1195/659 763/1196/659 764/1197/659
f 755/1198/660 752/1199/660 762/1191/660 763/1190/660
f 752/1200/661 751/1201/661 761/1202/661 762/1203/661
f 767/1204/637 766/1132/637 765/1205/637 768/1206/637
f 762/1203/645 761/1202/645 765/1207/645 766/1208/645
f 761/1041/662 764/1185/662 768/1206/662 765/1205/662
f 764/1197/663 763/1196/663 767/1209/663 768/1210/663
f 777/1211/664 780/1212/664 772/1213/664 771/1214/664
f 771/1214/665 772/1213/665 776/1215/665 775/1216/665
f 781/1217/666 784/1218/666 774/1219/666 773/1220/666
f 773/1221/667 774/1222/667 770/1223/667 769/1224/667
f 778/1225/668 781/1226/668 773/1221/668 769/1224/668
f 784/1227/669 779/1228/669 770/1229/669 774/1230/669
f 776/1215/670 772/1213/670 780/1231/670 783/1232/670
f 796/1233/456 793/1234/637 779/1228/456 784/1227/456
f 771/1214/671 775/1216/671 782/1235/671 777/1236/671
f 786/1237/620 789/1238/620 781/1226/620 778/1225/620
f 775/1216/672 776/1215/672 783/1239/672 782/1240/672
f 789/1241/584 796/1242/584 784/1218/584 781/1217/584
f 769/1243/673 770/1244/673 779/1245/673 778/1246/673
f 785/1247/587 794/1248/587 780/1212/587 777/1211/587
f 778/1246/587 779/1245/587 793/1249/587 786/1250/587
f 786/1250/587 793/1249/587 794/1248/587 785/1247/587
f 782/1240/584 783/1239/584 795/1251/584 790/1252/584
f 790/1252/584 795/1251/584 796/1242/584 789/1241/584
f 777/1236/620 782/1235/620 790/1253/620 785/1254/620
f 785/1254/620 790/1253/620 789/1238/620 786/1237/620
f 783/1232/456 780/1231/456 794/1255/456 795/1256/456
f 787/1257/674 792/1258/674 800/1259/674 797/1114/674
f 787/1260/637 788/1261/637 794/1255/456 793/1234/637
f 791/1262/456 792/1263/637 796/1233/456 795/1256/456
f 788/1261/637 791/1262/456 795/1256/456 794/1255/456
f 792/1263/637 787/1260/637 793/1234/637 796/1233/456
f 799/1264/675 798/1265/675 802/1266/675 803/1267/675
f 792/1268/676 791/1269/676 799/1270/676 800/1271/676
f 791/1272/677 788/1273/677 798/1265/677 799/1264/677
f 788/1274/678 787/1275/678 797/1276/678 798/1277/678
f 803/1278/637 802/1279/637 801/1280/637 804/1281/637
f 798/1277/679 797/1276/679 801/1282/679 802/1268/679
f 797/1114/680 800/1259/680 804/1281/680 801/1280/680
f 800/1271/681 799/1270/681 803/1283/681 804/1284/681
f 813/1285/682 816/1286/682 808/1287/682 807/1288/682
f 807/1288/683 808/1287/683 812/1289/683 811/1290/683
f 817/1291/684 820/1292/684 810/1293/684 809/1294/684
f 809/1295/685 810/1296/685 806/1297/685 805/1298/685
f 814/1299/686 817/1300/686 809/1295/686 805/1298/686
f 820/1301/687 815/1302/687 806/1303/687 810/1304/687
f 812/1289/688 808/1287/688 816/1305/688 819/1306/688
f 832/1307/456 829/1308/456 815/1302/637 820/1301/637
f 807/1288/689 811/1290/689 818/1309/689 813/1310/689
f 822/1311/620 825/1312/620 817/1300/620 814/1299/620
f 811/1290/690 812/1289/690 819/1313/690 818/1314/690
f 825/1315/691 832/1316/691 820/1292/691 817/1291/691
f 805/1317/692 806/1318/692 815/1319/692 814/1320/692
f 821/1321/587 830/879/587 816/1286/587 813/1285/587
f 814/1320/693 815/1319/693 829/805/693 822/1322/693
f 822/1322/693 829/805/693 830/879/587 821/1321/587
f 818/1314/584 819/1313/584 831/1323/584 826/1324/584
f 826/1324/584 831/1323/584 832/1316/691 825/1315/691
f 813/1310/620 818/1309/620 826/1325/620 821/1326/620
f 821/1326/620 826/1325/620 825/1312/620 822/1311/620
f 819/1306/637 816/1305/637 830/1327/456 831/812/456
f 823/1039/694 828/889/694 836/1328/694 833/1329/694
f 823/1330/456 824/1331/456 830/1327/456 829/1308/456
f 827/1332/456 828/1333/456 832/1307/456 831/812/456
f 824/1331/456 827/1332/456 831/812/456 830/1327/456
f 828/1333/456 823/1330/456 829/1308/456 832/1307/456
f 835/1334/695 834/1335/695 838/1336/695 839/1337/695
f 828/1338/696 827/1339/696 835/902/696 836/1340/696
f 827/1341/697 824/1342/697 834/1335/697 835/1334/697
f 824/1343/698 823/1344/698 833/1345/698 834/1346/698
f 839/1347/637 838/1348/637 837/1349/637 840/1350/637
f 834/1346/699 833/1345/699 837/1351/699 838/1338/699
f 833/1329/700 836/1328/700 840/1350/700 837/1349/700
f 836/1340/701 835/902/701 839/1352/701 840/1353/701
f 849/1354/702 852/1355/702 844/1356/702 843/1357/702
f 843/1357/703 844/1356/703 848/1358/703 847/1359/703
f 853/1360/704 856/1361/704 846/1362/704 845/1363/704
f 845/1364/705 846/1365/705 842/1366/705 841/1367/705
f 850/1368/706 853/1369/706 845/1364/706 841/1367/706
f 856/1370/707 851/1371/707 842/1372/707 846/786/707
f 848/1358/708 844/1356/708 852/1373/708 855/1374/708
f 868/1375/637 865/1376/637 851/1371/456 856/1370/456
f 843/1357/709 847/1359/709 854/1377/709 849/1378/709
f 858/1379/620 861/1380/620 853/1369/620 850/1368/620
f 847/1359/710 848/1358/710 855/1381/710 854/1382/710
f 861/1383/691 868/1384/691 856/1361/691 853/1360/691
f 841/1385/711 842/1386/711 851/1387/711 850/1388/711
f 857/1389/693 866/1390/693 852/1355/693 849/1354/693
f 850/1388/693 851/1387/693 865/1391/693 858/1392/693
f 858/1392/693 865/1391/693 866/1390/693 857/1389/693
f 854/1382/691 855/1381/691 867/1393/691 862/1394/691
f 862/1394/691 867/1393/691 868/1384/691 861/1383/691
f 849/1378/620 854/1377/620 862/1395/620 857/1396/620
f 857/1396/620 862/1395/620 861/1380/620 858/1379/620
f 855/1374/637 852/1373/637 866/1397/637 867/1398/456
f 859/1399/712 864/1400/712 872/1401/712 869/1402/712
f 859/1403/637 860/1404/637 866/1397/637 865/1376/637
f 863/1405/456 864/1406/637 868/1375/637 867/1398/456
f 860/1404/637 863/1405/456 867/1398/456 866/1397/637
f 864/1406/637 859/1403/637 865/1376/637 868/1375/637
f 871/821/713 870/1407/713 874/1408/713 875/1409/713
f 864/1410/714 863/1411/714 871/1412/714 872/1413/714
f 863/1414/715 860/980/715 870/1407/715 871/821/715
f 860/1415/716 859/1416/716 869/1417/716 870/1418/716
f 875/1419/717 874/1420/717 873/1421/717 876/1422/717
f 870/1418/699 869/1417/699 873/1423/699 874/1424/699
f 869/1402/718 872/1401/718 876/1422/718 873/1421/718
f 872/1413/719 871/1412/719 875/1425/719 876/1426/719
f 885/1427/720 888/1428/720 880/1429/720 879/1430/720
f 879/1430/721 880/1429/721 884/1431/721 883/1432/721
f 889/1433/722 892/1434/722 882/1435/722 881/1436/722
f 881/1437/723 882/1438/723 878/1439/723 877/1440/723
f 886/1441/724 889/1442/724 881/1437/724 877/1440/724
f 892/1443/725 887/1083/725 878/1444/725 882/1445/725
f 884/1431/726 880/1429/726 888/1446/726 891/1447/726
f 904/1448/456 901/1449/637 887/1083/637 892/1443/637
f 879/1430/727 883/1432/727 890/1450/727 885/1451/727
f 894/1452/620 897/1453/620 889/1442/620 886/1441/620
f 883/1432/728 884/1431/728 891/1454/728 890/1455/728
f 897/1456/691 904/1457/691 892/1434/691 889/1433/691
f 877/1458/729 878/1459/729 887/1460/729 886/1461/729
f 893/1462/693 902/1463/693 888/1428/693 885/1427/693
f 886/1461/693 887/1460/693 901/1464/693 894/1465/693
f 894/1465/693 901/1464/693 902/1463/693 893/1462/693
f 890/1455/691 891/1454/691 903/1466/691 898/1467/691
f 898/1467/691 903/1466/691 904/1457/691 897/1456/691
f 885/1451/620 890/1450/620 898/1468/620 893/1469/620
f 893/1469/620 898/1468/620 897/1453/620 894/1452/620
f 891/1447/637 888/1446/637 902/1470/637 903/1471/456
f 895/1472/730 900/1473/730 908/1474/730 905/1475/730
f 895/1476/456 896/1477/456 902/1470/637 901/1449/637
f 899/1478/456 900/1479/456 904/1448/456 903/1471/456
f 896/1477/456 899/1478/456 903/1471/456 902/1470/637
f 900/1479/456 895/1476/456 901/1449/637 904/1448/456
f 907/1480/731 906/1481/731 910/1482/731 911/1483/731
f 900/1484/732 899/1485/732 907/1486/732 908/1487/732
f 899/1488/733 896/1489/733 906/1481/733 907/1480/733
f 896/1490/734 895/1491/734 905/1492/734 906/1493/734
f 911/1494/717 910/1495/717 909/1496/717 912/1497/717
f 906/1493/699 905/1492/699 909/1498/699 910/1499/699
f 905/1475/735 908/1474/735 912/1497/735 909/1496/735
f 908/1487/736 907/1486/736 911/1500/736 912/1501/736
f 921/1502/737 924/1503/737 916/1504/737 915/1505/737
f 915/1505/738 916/1504/738 920/1506/738 919/1507/738
f 925/1508/739 928/1509/739 918/1510/739 917/1511/739
f 917/1512/740 918/1513/740 914/1514/740 913/1515/740
f 922/1516/741 925/1517/741 917/1512/741 913/1515/741
f 928/1518/742 923/1519/742 914/1520/742 918/1521/742
f 920/1506/743 916/1504/743 924/1522/743 927/1523/743
f 940/1524/637 937/1525/637 923/1519/637 928/1518/637
f 915/1505/744 919/1507/744 926/1526/744 921/1527/744
f 930/1528/620 933/1529/620 925/1517/620 922/1516/620
f 919/1507/745 920/1506/745 927/1021/745 926/1530/745
f 933/1531/691 940/1532/691 928/1509/691 925/1508/691
f 913/1533/746 914/1534/746 923/1535/746 922/1536/746
f 929/1537/693 938/1538/693 924/1503/693 921/1502/693
f 922/1536/693 923/1535/693 937/1539/693 930/1540/693
f 930/1540/693 937/1539/693 938/1538/693 929/1537/693
f 926/1530/691 927/1021/691 939/1541/691 934/1542/691
f 934/1542/691 939/1541/691 940/1532/691 933/1531/691
f 921/1527/620 926/1526/620 934/1543/620 929/1544/620
f 929/1544/620 934/1543/620 933/1529/620 930/1528/620
f 927/1523/637 924/1522/637 938/1545/637 939/1546/456
f 931/1183/747 936/1258/747 944/1547/747 941/1548/747
f 931/1549/637 932/1550/637 938/1545/637 937/1525/637
f 935/1551/456 936/1552/637 940/1524/637 939/1546/456
f 932/1550/637 935/1551/456 939/1546/456 938/1545/637
f 936/1552/637 931/1549/637 937/1525/637 940/1524/637
f 943/1553/748 942/1554/748 946/1555/748 947/1556/748
f 936/1557/749 935/1558/749 943/1559/749 944/1560/749
f 935/1272/750 932/1561/750 942/1554/750 943/1553/750
f 932/1562/734 931/1563/734 941/1564/734 942/1565/734
f 947/1566/717 946/1567/717 945/1568/717 948/1569/717
f 942/1565/751 941/1564/751 945/1570/751 946/1557/751
f 941/1548/752 944/1547/752 948/1569/752 945/1568/752
f 944/1560/753 943/1559/753 947/1571/753 948/1572/753
f 957/1573/754 960/1574/754 952/1575/754 951/1576/754
f 951/1576/755 952/1575/755 956/1577/755 955/1578/755
f 961/1579/756 964/1580/756 954/1581/756 953/1582/756
f 953/1583/757 954/1584/757 950/1585/757 949/1586/757
f 958/1587/758 961/1588/758 953/1583/758 949/1586/758
f 964/1589/759 959/1590/759 950/1591/759 954/1592/759
f 956/1577/760 952/1575/760 960/1593/760 963/1594/760
f 976/1595/637 973/1596/637 959/1590/637 964/1589/637
f 951/1576/761 955/1578/761 962/1597/761 957/1598/761
f 966/1599/620 969/1600/620 961/1588/620 958/1587/620
f 955/1578/762 956/1577/762 963/1601/762 962/1602/762
f 969/1603/691 976/1604/691 964/1580/691 961/1579/691
f 949/1605/763 950/1606/763 959/1607/763 958/1608/763
f 965/1609/693 974/1610/693 960/1574/693 957/1573/693
f 958/1608/693 959/1607/693 973/1611/693 966/1612/693
f 966/1612/693 973/1611/693 974/1610/693 965/1609/693
f 962/1602/691 963/1601/691 975/1613/691 970/1614/691
f 970/1614/691 975/1613/691 976/1604/691 969/1603/691
f 957/1598/620 962/1597/620 970/1615/620 965/1616/620
f 965/1616/620 970/1615/620 969/1600/620 966/1599/620
f 963/1594/637 960/1593/637 974/1617/637 975/1618/637
f 967/1619/764 972/1620/764 980/1621/764 977/1622/764
f 967/1623/456 968/1624/456 974/1617/637 973/1596/637
f 971/1625/456 972/1626/456 976/1595/637 975/1618/637
f 968/1624/456 971/1625/456 975/1618/637 974/1617/637
f 972/1626/456 967/1623/456 973/1596/637 976/1595/637
f 979/1627/765 978/1628/765 982/1629/765 983/1630/765
f 972/1631/766 971/1632/766 979/1633/766 980/1634/766
f 971/1635/767 968/1636/767 978/1628/767 979/1627/767
f 968/1637/768 967/1638/768 977/1639/768 978/1640/768
f 983/1641/717 982/1642/717 981/1643/717 984/1644/717
f 978/1640/751 977/1639/751 981/1645/751 982/1631/751
f 977/1622/769 980/1621/769 984/1644/769 981/1643/769
f 980/1634/770 979/1633/770 983/1646/770 984/1647/770
f 993/1648/771 996/1649/771 988/1650/771 987/1651/771
f 987/1651/772 988/1650/772 992/1652/772 991/1653/772
f 997/1654/773 1000/1655/773 990/1656/773 989/1657/773
f 989/1658/774 990/1659/774 986/1660/774 985/1661/774
f 994/1662/775 997/1663/775 989/1658/775 985/1661/775
f 1000/1664/776 995/1665/776 986/1666/776 990/1667/776
f 992/1652/777 988/1650/777 996/1668/777 999/1669/777
f 1012/1670/637 1009/1671/637 995/1665/637 1000/1664/637
f 987/1651/778 991/1653/778 998/1672/778 993/1673/778
f 1002/1092/620 1005/1674/620 997/1663/620 994/1662/620
f 991/1653/779 992/1652/779 999/1675/779 998/1095/779
f 1005/1676/691 1012/1677/691 1000/1655/691 997/1654/691
f 985/1678/780 986/1679/780 995/1680/780 994/1681/780
f 1001/1682/693 1010/1683/693 996/1649/693 993/1648/693
f 994/1681/693 995/1680/693 1009/1684/693 1002/1685/693
f 1002/1685/693 1009/1684/693 1010/1683/693 1001/1682/693
f 998/1095/691 999/1675/691 1011/1686/691 1006/1687/691
f 1006/1687/691 1011/1686/691 1012/1677/691 1005/1676/691
f 993/1673/620 998/1672/620 1006/1688/620 1001/1689/620
f 1001/1689/620 1006/1688/620 1005/1674/620 1002/1092/620
f 999/1669/637 996/1668/637 1010/1690/637 1011/1691/637
f 1003/1692/781 1008/1693/781 1016/1694/781 1013/1695/781
f 1003/1696/456 1004/1697/456 1010/1690/637 1009/1671/637
f 1007/1698/456 1008/1699/456 1012/1670/637 1011/1691/637
f 1004/1697/456 1007/1698/456 1011/1691/637 1010/1690/637
f 1008/1699/456 1003/1696/456 1009/1671/637 1012/1670/637
f 1015/1700/782 1014/1701/782 1018/1702/782 1019/1703/782
f 1008/1704/783 1007/1705/783 1015/1706/783 1016/1707/783
f 1007/1708/784 1004/1709/784 1014/1701/784 1015/1700/784
f 1004/1710/785 1003/1711/785 1013/1712/785 1014/1713/785
f 1019/1714/786 1018/1715/786 1017/1716/786 1020/1717/786
f 1014/1713/787 1013/1712/787 1017/1718/787 1018/1704/787
f 1013/1695/788 1016/1694/788 1020/1717/788 1017/1716/788
f 1016/1707/789 1015/1706/789 1019/1719/789 1020/1720/789
f 1029/1721/790 1032/1722/790 1024/1723/790 1023/1724/790
f 1023/1724/791 1024/1723/791 1028/1725/791 1027/1726/791
f 1033/1727/792 1036/1728/792 1026/1729/792 1025/1730/792
f 1025/1731/793 1026/1732/793 1022/1733/793 1021/1734/793
f 1030/1735/794 1033/1736/794 1025/1731/794 1021/1734/794
f 1036/1737/795 1031/1738/795 1022/1520/795 1026/1739/795
f 1028/1725/796 1024/1723/796 1032/1740/796 1035/1741/796
f 1048/1742/797 1045/1743/797 1031/1738/797 1036/1737/797
f 1023/1724/798 1027/1726/798 1034/1744/798 1029/1745/798
f 1038/1746/799 1041/1747/799 1033/1736/799 1030/1735/799
f 1027/1726/800 1028/1725/800 1035/1748/800 1034/1749/800
f 1041/1750/801 1048/1751/801 1036/1728/802 1033/1727/802
f 1021/1752/803 1022/1534/803 1031/1753/803 1030/1754/803
f 1037/1755/804 1046/1756/804 1032/1722/693 1029/1721/693
f 1030/1754/805 1031/1753/805 1045/1757/806 1038/1758/806
f 1038/1758/806 1045/1757/806 1046/1756/804 1037/1755/804
f 1034/1749/691 1035/1748/691 1047/1759/807 1042/1760/807
f 1042/1760/807 1047/1759/807 1048/1751/801 1041/1750/801
f 1029/1745/808 1034/1744/808 1042/1761/808 1037/1762/808
f 1037/1762/809 1042/1761/809 1041/1747/809 1038/1746/809
f 1035/1741/637 1032/1740/637 1046/1763/637 1047/1764/637
f 1039/1399/810 1044/1620/810 1052/1765/810 1049/1766/810
f 1039/1549/811 1040/1767/811 1046/1763/811 1045/1743/811
f 1043/1768/812 1044/1769/812 1048/1742/812 1047/1764/812
f 1040/1767/637 1043/1768/637 1047/1764/637 1046/1763/637
f 1044/1769/813 1039/1549/813 1045/1743/813 1048/1742/813
f 1051/1770/814 1050/1771/814 1054/1772/814 1055/1773/814
f 1044/1774/815 1043/1775/815 1051/1776/815 1052/1777/815
f 1043/1778/816 1040/1779/816 1050/1771/816 1051/1770/816
f 1040/1780/817 1039/1781/817 1049/1782/817 1050/1783/817
f 1055/1784/786 1054/1785/786 1053/1786/786 1056/1644/786
f 1050/1783/818 1049/1782/818 1053/1787/818 1054/1774/818
f 1049/1766/819 1052/1765/819 1056/1644/819 1053/1786/819
f 1052/1777/820 1051/1776/820 1055/1788/820 1056/1789/820
f 1065/1790/821 1068/1791/821 1060/1792/821 1059/1793/821
f 1059/1793/822 1060/1792/822 1064/1794/822 1063/1795/822
f 1069/1796/823 1072/1797/823 1062/1798/823 1061/1799/823
f 1061/1800/824 1062/1801/824 1058/1802/824 1057/1803/824
f 1066/1804/825 1069/1805/825 1061/1800/825 1057/1803/825
f 1072/1806/826 1067/1807/826 1058/1808/826 1062/1809/826
f 1064/1794/827 1060/1792/827 1068/1810/827 1071/1811/827
f 1084/1812/828 1081/1813/828 1067/1807/828 1072/1806/828
f 1059/1793/829 1063/1795/829 1070/1814/829 1065/1815/829
f 1074/1816/830 1077/1817/830 1069/1805/830 1066/1804/830
f 1063/1795/831 1064/1794/831 1071/1818/831 1070/1819/831
f 1077/1820/832 1084/1821/833 1072/1797/834 1069/1796/834
f 1057/1822/835 1058/1823/835 1067/1824/835 1066/1825/835
f 1073/1826/836 1082/1827/837 1068/1791/838 1065/1790/838
f 1066/1825/839 1067/1824/839 1081/1828/840 1074/1829/841
f 1074/1829/841 1081/1828/840 1082/1827/837 1073/1826/836
f 1070/1819/842 1071/1818/842 1083/1830/843 1078/1831/844
f 1078/1831/844 1083/1830/843 1084/1821/833 1077/1820/832
f 1065/1815/845 1070/1814/845 1078/1832/845 1073/1833/845
f 1073/1833/846 1078/1832/846 1077/1817/846 1074/1816/846
f 1071/1811/847 1068/1810/847 1082/1834/848 1083/1835/848
f 1075/1619/849 1080/1473/849 1088/1836/849 1085/1837/849
f 1075/1838/850 1076/1839/850 1082/1834/850 1081/1813/850
f 1079/1840/851 1080/1841/851 1084/1812/851 1083/1835/851
f 1076/1839/852 1079/1840/852 1083/1835/848 1082/1834/848
f 1080/1841/853 1075/1838/853 1081/1813/853 1084/1812/853
f 1087/1842/854 1086/1843/854 1090/1844/854 1091/1845/854
f 1080/1846/855 1079/1847/855 1087/1848/855 1088/1849/855
f 1079/1850/856 1076/1851/856 1086/1843/856 1087/1842/856
f 1076/1852/857 1075/1853/857 1085/1854/857 1086/1855/857
f 1091/1856/847 1090/1857/847 1089/1858/847 1092/1859/847
f 1086/1855/858 1085/1854/858 1089/1860/858 1090/1846/858
f 1085/1837/859 1088/1836/859 1092/1859/859 1089/1858/859
f 1088/1849/860 1087/1848/860 1091/1861/860 1092/1862/860
f 1101/1863/861 1104/1864/861 1096/1865/861 1095/1866/861
f 1095/1866/862 1096/1865/862 1100/1867/862 1099/1868/862
f 1105/1869/863 1108/1870/863 1098/1871/863 1097/1872/863
f 1097/1873/864 1098/1874/864 1094/1875/864 1093/1876/864
f 1102/1877/865 1105/1878/865 1097/1873/865 1093/1876/865
f 1108/1879/866 1103/1880/866 1094/1881/866 1098/1882/866
f 1100/1867/867 1096/1865/867 1104/1883/867 1107/1884/867
f 1120/1885/868 1117/1886/868 1103/1880/869 1108/1879/869
f 1095/1866/870 1099/1868/870 1106/1887/870 1101/1888/870
f 1110/1889/871 1113/1890/871 1105/1878/871 1102/1877/871
f 1099/1868/872 1100/1867/872 1107/1891/872 1106/1892/872
f 1113/1893/873 1120/1894/874 1108/1870/875 1105/1869/875
f 1093/1895/876 1094/1896/876 1103/1897/876 1102/1898/876
f 1109/1899/877 1118/1900/878 1104/1864/879 1101/1863/879
f 1102/1898/880 1103/1897/880 1117/1901/881 1110/1902/881
f 1110/1902/881 1117/1901/881 1118/1900/878 1109/1899/877
f 1106/1892/882 1107/1891/882 1119/1903/883 1114/1904/883
f 1114/1904/883 1119/1903/883 1120/1894/874 1113/1893/873
f 1101/1888/884 1106/1887/884 1114/1905/884 1109/1906/884
f 1109/1906/885 1114/1905/885 1113/1890/885 1110/1889/885
f 1107/1884/886 1104/1883/886 1118/1907/886 1119/1908/886
f 1111/1909/887 1116/1693/887 1124/1910/887 1121/1911/887
f 1111/1912/888 1112/1913/888 1118/1907/888 1117/1886/888
f 1115/1914/889 1116/1915/889 1120/1885/889 1119/1908/889
f 1112/1913/890 1115/1914/890 1119/1908/890 1118/1907/890
f 1116/1915/891 1111/1912/891 1117/1886/868 1120/1885/868
f 1123/1916/892 1122/1917/892 1126/1918/892 1127/1919/892
f 1116/1920/893 1115/1921/893 1123/1922/893 1124/1923/893
f 1115/1924/894 1112/1925/894 1122/1917/894 1123/1916/894
f 1112/1926/895 1111/1927/895 1121/1928/895 1122/1929/895
f 1127/1930/896 1126/1931/896 1125/1932/896 1128/1933/896
f 1122/1929/897 1121/1928/897 1125/1934/897 1126/1935/897
f 1121/1911/898 1124/1910/898 1128/1933/898 1125/1932/898
f 1124/1923/899 1123/1922/899 1127/1936/899 1128/1937/899
f 1137/1938/900 1140/1939/900 1132/1356/900 1131/1940/900
f 1131/1940/901 1132/1356/901 1136/846/901 1135/1941/901
f 1141/1942/902 1144/1943/902 1134/1944/902 1133/1220/902
f 1133/1945/903 1134/1946/903 1130/1947/903 1129/1948/903
f 1138/1949/904 1141/1950/904 1133/1945/904 1129/1948/904
f 1144/1951/905 1139/1952/905 1130/1011/905 1134/1953/905
f 1136/846/906 1132/1356/906 1140/1373/906 1143/1087/906
f 1156/1954/907 1153/1955/908 1139/1952/909 1144/1951/909
f 1131/1940/910 1135/1941/910 1142/1956/910 1137/1957/910
f 1146/1958/911 1149/1959/911 1141/1950/911 1138/1949/911
f 1135/1941/912 1136/846/912 1143/1960/912 1142/1961/912
f 1149/1962/913 1156/1963/913 1144/1943/914 1141/1942/914
f 1129/1964/915 1130/1965/915 1139/1824/915 1138/1966/915
f 1145/1967/916 1154/1968/917 1140/1939/918 1137/1938/918
f 1138/1966/919 1139/1824/919 1153/1969/920 1146/1970/920
f 1146/1970/920 1153/1969/920 1154/1968/917 1145/1967/916
f 1142/1961/921 1143/1960/921 1155/1971/922 1150/1972/922
f 1150/1972/922 1155/1971/922 1156/1963/913 1149/1962/913
f 1137/1957/923 1142/1956/923 1150/1973/923 1145/1974/923
f 1145/1974/924 1150/1973/924 1149/1959/924 1146/1958/924
f 1143/1087/925 1140/1373/925 1154/1975/925 1155/1976/925
f 1147/1977/926 1152/1693/926 1160/1978/926 1157/1979/926
f 1147/1980/927 1148/1981/927 1154/1975/927 1153/1955/927
f 1151/1982/928 1152/1983/928 1156/1954/928 1155/1976/928
f 1148/1981/929 1151/1982/929 1155/1976/929 1154/1975/929
f 1152/1983/930 1147/1980/930 1153/1955/908 1156/1954/907
f 1159/1984/931 1158/1985/931 1162/1986/931 1163/1987/931
f 1152/1988/932 1151/1485/932 1159/1486/932 1160/1989/932
f 1151/1990/933 1148/1991/933 1158/1985/933 1159/1984/933
f 1148/1992/934 1147/1993/934 1157/1994/934 1158/1493/934
f 1163/1995/935 1162/1996/935 1161/1997/935 1164/1998/935
f 1158/1493/936 1157/1994/936 1161/1498/936 1162/1999/936
f 1157/1979/937 1160/1978/937 1164/1998/937 1161/1997/937
f 1160/1989/938 1159/1486/938 1163/2000/938 1164/2001/938
f 1173/2002/939 1176/2003/939 1168/2004/939 1167/2005/939
f 1167/2005/940 1168/2004/940 1172/2006/940 1171/2007/940
f 1177/2008/941 1180/2009/941 1170/2010/941 1169/2011/941
f 1169/2012/942 1170/2013/942 1166/2014/942 1165/2015/942
f 1174/2016/943 1177/1736/943 1169/2012/943 1165/2015/943
f 1180/2017/944 1175/2018/944 1166/2019/944 1170/2020/944
f 1172/2006/945 1168/2004/945 1176/1231/945 1179/1232/945
f 1192/2021/946 1189/2022/946 1175/2018/946 1180/2017/946
f 1167/2005/947 1171/2007/947 1178/2023/947 1173/2024/947
f 1182/2025/948 1185/2026/948 1177/1736/948 1174/2016/948
f 1171/2007/949 1172/2006/949 1179/2027/949 1178/2028/949
f 1185/2029/950 1192/2030/951 1180/2009/952 1177/2008/952
f 1165/2031/953 1166/2032/953 1175/2033/953 1174/2034/953
f 1181/2035/954 1190/2036/954 1176/2003/955 1173/2002/955
f 1174/2034/956 1175/2033/956 1189/2037/957 1182/2038/957
f 1182/2038/957 1189/2037/957 1190/2036/954 1181/2035/954
f 1178/2028/958 1179/2027/958 1191/2039/959 1186/2040/959
f 1186/2040/959 1191/2039/959 1192/2030/951 1185/2029/950
f 1173/2024/960 1178/2023/960 1186/2041/960 1181/2042/960
f 1181/2042/961 1186/2041/961 1185/2026/961 1182/2025/961
f 1179/1232/962 1176/1231/962 1190/2043/963 1191/2044/964
f 1183/888/965 1188/1473/965 1196/2045/965 1193/2046/965
f 1183/2047/966 1184/2048/966 1190/2043/966 1189/2022/966
f 1187/2049/967 1188/2050/967 1192/2021/967 1191/2044/967
f 1184/2048/968 1187/2049/968 1191/2044/964 1190/2043/963
f 1188/2050/969 1183/2047/969 1189/2022/969 1192/2021/969
f 1195/2051/970 1194/2052/970 1198/2053/970 1199/2054/970
f 1188/2055/971 1187/2056/971 1195/2057/971 1196/2058/971
f 1187/2059/972 1184/2060/972 1194/2052/972 1195/2051/972
f 1184/2061/973 1183/2062/973 1193/2063/973 1194/2064/973
f 1199/2065/974 1198/2066/974 1197/2067/974 1200/2068/974
f 1194/2064/975 1193/2063/975 1197/2069/975 1198/2055/975
f 1193/2046/976 1196/2045/976 1200/2068/976 1197/2067/976
f 1196/2058/977 1195/2057/977 1199/2070/977 1200/1353/977
f 1209/2071/978 1212/2072/978 1204/2073/978 1203/2074/978
f 1203/2074/979 1204/2073/979 1208/2075/979 1207/2076/979
f 1213/2077/980 1216/2078/980 1206/2079/980 1205/2080/980
f 1205/2081/981 1206/2082/981 1202/2083/981 1201/2084/981
f 1210/2085/982 1213/2086/982 1205/2081/982 1201/2084/982
f 1216/1301/983 1211/2087/983 1202/1666/983 1206/2088/983
f 1208/2075/984 1204/2073/984 1212/2089/984 1215/2090/984
f 1228/1670/985 1225/2091/986 1211/2087/987 1216/1301/987
f 1203/2074/988 1207/2076/988 1214/2092/988 1209/2093/988
f 1218/2094/989 1221/2095/989 1213/2086/989 1210/2085/989
f 1207/2076/990 1208/2075/990 1215/2096/990 1214/2097/990
f 1221/2098/991 1228/2099/992 1216/2078/993 1213/2077/993
f 1201/2100/994 1202/2101/994 1211/2102/994 1210/2103/994
f 1217/2104/995 1226/2105/996 1212/2072/997 1209/2071/997
f 1210/2103/998 1211/2102/998 1225/1828/999 1218/2106/1000
f 1218/2106/1000 1225/1828/999 1226/2105/996 1217/2104/995
f 1214/2097/1001 1215/2096/1001 1227/2107/1002 1222/2108/1003
f 1222/2108/1003 1227/2107/1002 1228/2099/992 1221/2098/991
f 1209/2093/1004 1214/2092/1004 1222/2109/1004 1217/2110/1004
f 1217/2110/1005 1222/2109/1005 1221/2095/1005 1218/2094/1005
f 1215/2090/1006 1212/2089/1006 1226/2111/1007 1227/2112/1008
f 1219/1909/1009 1224/814/1009 1232/2113/1009 1229/2114/1009
f 1219/2115/1010 1220/2116/1010 1226/2111/1010 1225/2091/1010
f 1223/2117/1011 1224/1118/1011 1228/1670/1011 1227/2112/1011
f 1220/2116/1012 1223/2117/1012 1227/2112/1008 1226/2111/1007
f 1224/1118/1013 1219/2115/1013 1225/2091/986 1228/1670/985
f 1231/2118/1014 1230/2119/1014 1234/2120/1014 1235/2121/1014
f 1224/2122/1015 1223/2123/1015 1231/2124/1015 1232/2125/1015
f 1223/1341/1016 1220/1342/1016 1230/2119/1016 1231/2118/1016
f 1220/2126/1017 1219/2127/1017 1229/2128/1017 1230/2129/1017
f 1235/2130/1018 1234/2131/1018 1233/2132/1018 1236/2133/1018
f 1230/2129/1019 1229/2128/1019 1233/2134/1019 1234/2122/1019
f 1229/2114/1020 1232/2113/1020 1236/2133/1020 1233/2132/1020
f 1232/2125/1021 1231/2124/1021 1235/2135/1021 1236/2136/1021
f 1245/2137/1022 1248/2138/1022 1240/2139/1022 1239/845/1022
f 1239/845/1023 1240/2139/1023 1244/2140/1023 1243/2141/1023
f 1249/2142/1024 1252/2143/1024 1242/2144/1024 1241/2145/1024
f 1241/1800/1025 1242/2146/1025 1238/2147/1025 1237/2148/1025
f 1246/2149/1026 1249/2150/1026 1241/1800/1026 1237/2148/1026
f 1252/2151/1027 1247/2152/1027 1238/2153/1027 1242/2154/1027
f 1244/2140/1028 1240/2139/1028 1248/1373/1028 1251/2155/1028
f 1264/2156/620 1261/2157/620 1247/2152/620 1252/2151/620
f 1239/845/1029 1243/2141/1029 1250/2158/1029 1245/2159/1029
f 1254/1816/717 1257/2160/717 1249/2150/717 1246/2149/717
f 1243/2141/1030 1244/2140/1030 1251/2161/1030 1250/2162/1030
f 1257/2163/1031 1264/2164/1031 1252/2143/1031 1249/2142/1031
f 1237/2165/1032 1238/875/1032 1247/2166/1032 1246/877/1032
f 1253/1102/1033 1262/2167/1033 1248/2138/1033 1245/2137/1033
f 1246/877/1033 1247/2166/1033 1261/2168/1033 1254/2169/1033
f 1254/2169/1033 1261/2168/1033 1262/2167/1033 1253/1102/1033
f 1250/2162/1031 1251/2161/1031 1263/2170/1031 1258/2171/1031
f 1258/2171/1031 1263/2170/1031 1264/2164/1031 1257/2163/1031
f 1245/2159/1034 1250/2158/1034 1258/884/1035 1253/1974/1035
f 1253/1974/1035 1258/884/1035 1257/2160/717 1254/1816/717
f 1251/2155/1036 1248/1373/1036 1262/2172/1036 1263/2173/1036
f 1255/2174/1037 1260/2175/1037 1268/2176/1037 1265/2177/1037
f 1255/2178/620 1256/818/620 1262/2172/620 1261/2157/620
f 1259/1405/620 1260/2179/620 1264/2156/620 1263/2173/620
f 1256/818/620 1259/1405/620 1263/2173/620 1262/2172/620
f 1260/2179/620 1255/2178/620 1261/2157/620 1264/2156/620
f 1267/2180/1038 1266/2181/1038 1270/2182/1038 1271/2183/1038
f 1260/2184/1039 1259/1775/1039 1267/1776/1039 1268/2185/1039
f 1259/2186/1040 1256/2187/1040 1266/2181/1040 1267/2180/1040
f 1256/1780/1041 1255/1781/1041 1265/2188/1041 1266/1783/1041
f 1271/2189/1042 1270/2190/1042 1269/2191/1042 1272/913/1042
f 1266/1783/1043 1265/2188/1043 1269/2192/1043 1270/2184/1043
f 1265/2177/1044 1268/2176/1044 1272/913/1044 1269/2191/1044
f 1268/2185/1045 1267/1776/1045 1271/2193/1045 1272/2194/1045
f 1281/2195/1046 1284/2196/1046 1276/2197/1046 1275/2198/1046
f 1275/2198/1047 1276/2197/1047 1280/2199/1047 1279/2200/1047
f 1285/1796/1048 1288/2201/1048 1278/2202/1048 1277/2203/1048
f 1277/2204/1049 1278/2205/1049 1274/2206/1049 1273/2207/1049
f 1282/1587/1050 1285/2208/1050 1277/2204/1050 1273/2207/1050
f 1288/2209/1051 1283/2210/1051 1274/2211/1051 1278/2212/1051
f 1280/2199/1052 1276/2197/1052 1284/2213/1052 1287/2214/1052
f 1300/2215/620 1297/2216/620 1283/2210/620 1288/2209/620
f 1275/2198/1053 1279/2200/1053 1286/2217/1053 1281/2218/1053
f 1290/2219/717 1293/2220/717 1285/2208/717 1282/1587/717
f 1279/2200/1054 1280/2199/1054 1287/2221/1054 1286/2222/1054
f 1293/2223/1031 1300/2224/1031 1288/2201/1031 1285/1796/1031
f 1273/2225/1055 1274/2226/1055 1283/2227/1055 1282/2228/1055
f 1289/2229/1033 1298/2230/1033 1284/2196/1033 1281/2195/1033
f 1282/2228/1033 1283/2227/1033 1297/2231/1033 1290/2232/1033
f 1290/2232/1033 1297/2231/1033 1298/2230/1033 1289/2229/1033
f 1286/2222/1031 1287/2221/1031 1299/2233/1031 1294/2234/1031
f 1294/2234/1031 1299/2233/1031 1300/2224/1031 1293/2223/1031
f 1281/2218/717 1286/2217/717 1294/2235/717 1289/2236/717
f 1289/2236/717 1294/2235/717 1293/2220/717 1290/2219/717
f 1287/2214/620 1284/2213/620 1298/2237/620 1299/2238/620
f 1291/2239/1056 1296/2240/1056 1304/2241/1056 1301/2242/1056
f 1291/1838/620 1292/2243/620 1298/2237/620 1297/2216/620
f 1295/2244/620 1296/2245/620 1300/2215/620 1299/2238/620
f 1292/2243/620 1295/2244/620 1299/2238/620 1298/2237/620
f 1296/2245/620 1291/1838/620 1297/2216/620 1300/2215/620
f 1303/2246/1057 1302/2247/1057 1306/2248/1057 1307/2249/1057
f 1296/2250/1039 1295/2123/1039 1303/2251/1039 1304/2252/1039
f 1295/2253/1058 1292/2254/1058 1302/2247/1058 1303/2246/1058
f 1292/2255/1041 1291/2256/1041 1301/2257/1041 1302/2129/1041
f 1307/2258/1042 1306/2259/1042 1305/2260/1042 1308/2261/1042
f 1302/2129/1043 1301/2257/1043 1305/2134/1043 1306/2250/1043
f 1301/2242/1059 1304/2241/1059 1308/2261/1059 1305/2260/1059
f 1304/2252/1060 1303/2251/1060 1307/2262/1060 1308/2263/1060
f 1317/2264/1061 1320/2265/1061 1312/2266/1061 1311/2267/1061
f 1311/2267/1062 1312/2266/1062 1316/2268/1062 1315/2269/1062
f 1321/2270/1063 1324/2271/1063 1314/2272/1063 1313/2273/1063
f 1313/2274/1064 1314/2275/1064 1310/2276/1064 1309/2277/1064
f 1318/2278/1065 1321/2279/1065 1313/2274/1065 1309/2277/1065
f 1324/2280/1066 1319/2281/1066 1310/2282/1066 1314/2283/1066
f 1316/2268/1067 1312/2266/1067 1320/2284/1067 1323/2285/1067
f 1336/2286/620 1333/2287/620 1319/2281/620 1324/2280/620
f 1311/2267/1068 1315/2269/1068 1322/2288/1068 1317/2289/1068
f 1326/2290/717 1329/2291/717 1321/2279/717 1318/2278/717
f 1315/2269/1069 1316/2268/1069 1323/2292/1069 1322/2293/1069
f 1329/2294/1031 1336/2295/1031 1324/2271/1031 1321/2270/1031
f 1309/2296/1070 1310/2297/1070 1319/2298/1070 1318/1681/1070
f 1325/2299/1033 1334/2300/1033 1320/2265/1033 1317/2264/1033
f 1318/1681/1033 1319/2298/1033 1333/2301/1033 1326/2302/1033
f 1326/2302/1033 1333/2301/1033 1334/2300/1033 1325/2299/1033
f 1322/2293/1031 1323/2292/1031 1335/2303/1031 1330/2304/1031
f 1330/2304/1031 1335/2303/1031 1336/2295/1031 1329/2294/1031
f 1317/2289/717 1322/2288/717 1330/2305/717 1325/2306/717
f 1325/2306/717 1330/2305/717 1329/2291/717 1326/2290/717
f 1323/2285/620 1320/2284/620 1334/2307/620 1335/2308/620
f 1327/888/1071 1332/889/1071 1340/2309/1071 1337/2310/1071
f 1327/2311/620 1328/2312/620 1334/2307/620 1333/2287/620
f 1331/2313/620 1332/2314/620 1336/2286/620 1335/2308/620
f 1328/2312/620 1331/2313/620 1335/2308/620 1334/2307/620
f 1332/2314/620 1327/2311/620 1333/2287/620 1336/2286/620
f 1339/2315/1072 1338/2316/1072 1342/2317/1072 1343/2318/1072
f 1332/2319/1073 1331/2320/1073 1339/2321/1073 1340/828/1073
f 1331/2059/1074 1328/2322/1074 1338/2316/1074 1339/2315/1074
f 1328/2323/1041 1327/2324/1041 1337/2325/1041 1338/2326/1041
f 1343/2327/808 1342/2328/808 1341/2329/808 1344/2330/808
f 1338/2326/1043 1337/2325/1043 1341/2331/1043 1342/2319/1043
f 1337/2310/1075 1340/2309/1075 1344/2330/1075 1341/2329/1075
f 1340/828/1076 1339/2321/1076 1343/2332/1076 1344/841/1076
f 1353/2333/1077 1356/2334/1077 1348/2335/1077 1347/920/1077
f 1347/920/1078 1348/2335/1078 1352/2336/1078 1351/2337/1078
f 1357/2338/1079 1360/2339/1079 1350/2340/1079 1349/2341/1079
f 1349/2342/1080 1350/2343/1080 1346/2344/1080 1345/2345/1080
f 1354/2346/1081 1357/2347/1081 1349/2342/1081 1345/2345/1081
f 1360/2348/1082 1355/2349/1082 1346/2350/1082 1350/2351/1082
f 1352/2336/1083 1348/2335/1083 1356/2352/1083 1359/2353/1083
f 1372/2354/620 1369/2355/620 1355/2349/620 1360/2348/620
f 1347/920/1084 1351/2337/1084 1358/2356/1084 1353/2357/1084
f 1362/2358/717 1365/2359/717 1357/2347/717 1354/2346/717
f 1351/2337/1085 1352/2336/1085 1359/2360/1085 1358/2361/1085
f 1365/2362/1086 1372/2363/1086 1360/2339/1086 1357/2338/1086
f 1345/2364/1087 1346/2365/1087 1355/2033/1087 1354/2366/1087
f 1361/2367/1088 1370/1390/1088 1356/2334/1089 1353/2333/1089
f 1354/2366/1088 1355/2033/1088 1369/2368/1088 1362/2369/1088
f 1362/2369/1088 1369/2368/1088 1370/1390/1088 1361/2367/1088
f 1358/2361/1090 1359/2360/1090 1371/2370/1086 1366/2371/1086
f 1366/2371/1086 1371/2370/1086 1372/2363/1086 1365/2362/1086
f 1353/2357/717 1358/2356/717 1366/2372/717 1361/2373/717
f 1361/2373/717 1366/2372/717 1365/2359/717 1362/2358/717
f 1359/2353/620 1356/2352/620 1370/2374/620 1371/2375/620
f 1363/2376/1091 1368/1473/1091 1376/2377/1091 1373/2378/1091
f 1363/2379/620 1364/2380/620 1370/2374/620 1369/2355/620
f 1367/2381/620 1368/2382/620 1372/2354/620 1371/2375/620
f 1364/2380/620 1367/2381/620 1371/2375/620 1370/2374/620
f 1368/2382/620 1363/2379/620 1369/2355/620 1372/2354/620
f 1375/2383/1092 1374/2384/1092 1378/2385/1092 1379/1483/1092
f 1368/2386/1093 1367/2387/1093 1375/2388/1093 1376/2389/1093
f 1367/2390/1094 1364/2391/1094 1374/2384/1094 1375/2383/1094
f 1364/2392/1095 1363/1563/1095 1373/2393/1095 1374/2394/1095
f 1379/2395/620 1378/2396/620 1377/2397/620 1380/2398/620
f 1374/2394/1096 1373/2393/1096 1377/2399/1096 1378/2386/1096
f 1373/2378/1097 1376/2377/1097 1380/2398/1097 1377/2397/1097
f 1376/2389/1098 1375/2388/1098 1379/2400/1098 1380/2401/1098
f 1389/2402/1099 1392/2403/1099 1384/2404/1099 1383/2405/1099
f 1383/2405/1100 1384/2404/1100 1388/2406/1100 1387/2407/1100
f 1393/2408/1101 1396/2409/1101 1386/2410/1101 1385/2411/1101
f 1385/2412/1102 1386/2413/1102 1382/1733/1102 1381/2414/1102
f 1390/2415/1103 1393/2416/1103 1385/2412/1103 1381/2414/1103
f 1396/2417/1104 1391/2418/1104 1382/2419/1104 1386/2420/1104
f 1388/2406/1105 1384/2404/1105 1392/2421/1105 1395/2422/1105
f 1408/2423/620 1405/2424/620 1391/2418/620 1396/2417/620
f 1383/2405/1106 1387/2407/1106 1394/2425/1106 1389/2426/1106
f 1398/2427/637 1401/2428/637 1393/2416/637 1390/2415/637
f 1387/2407/1107 1388/2406/1107 1395/2429/1107 1394/2430/1107
f 1401/2431/1086 1408/2432/1086 1396/2409/1086 1393/2408/1086
f 1381/2433/1108 1382/2434/1108 1391/2435/1108 1390/2436/1108
f 1397/2437/1088 1406/2438/1088 1392/2403/1088 1389/2402/1088
f 1390/2436/1088 1391/2435/1088 1405/1611/1088 1398/2439/1088
f 1398/2439/1088 1405/1611/1088 1406/2438/1088 1397/2437/1088
f 1394/2430/1086 1395/2429/1086 1407/2440/1086 1402/2441/1086
f 1402/2441/1086 1407/2440/1086 1408/2432/1086 1401/2431/1086
f 1389/2426/637 1394/2425/637 1402/2442/637 1397/2443/637
f 1397/2443/637 1402/2442/637 1401/2428/637 1398/2427/637
f 1395/2422/620 1392/2421/620 1406/2444/620 1407/2445/620
f 1399/2446/1109 1404/889/1109 1412/2309/1109 1409/2310/1109
f 1399/2447/620 1400/2448/620 1406/2444/620 1405/2424/620
f 1403/2449/620 1404/2450/620 1408/2423/620 1407/2445/620
f 1400/2448/620 1403/2449/620 1407/2445/620 1406/2444/620
f 1404/2450/620 1399/2447/620 1405/2424/620 1408/2423/620
f 1411/2315/1110 1410/2451/1110 1414/1555/1110 1415/2318/1110
f 1404/2452/1111 1403/2453/1111 1411/2454/1111 1412/2455/1111
f 1403/2456/1112 1400/2457/1112 1410/2451/1112 1411/2315/1112
f 1400/2458/1095 1399/2459/1095 1409/2460/1095 1410/2461/1095
f 1415/2327/620 1414/2462/620 1413/2463/620 1416/2464/620
f 1410/2461/1096 1409/2460/1096 1413/2465/1096 1414/2452/1096
f 1409/2310/1113 1412/2309/1113 1416/2464/1113 1413/2463/1113
f 1412/2455/1098 1411/2454/1098 1415/2466/1098 1416/2467/1098
f 1425/2468/1114 1428/2469/1114 1420/919/1114 1419/2470/1114
f 1419/2470/1115 1420/919/1115 1424/2471/1115 1423/2472/1115
f 1429/2473/1116 1432/2474/1116 1422/2475/1116 1421/2476/1116
f 1421/2477/1117 1422/2478/1117 1418/2479/1117 1417/2480/1117
f 1426/2481/1118 1429/2482/1118 1421/2477/1118 1417/2480/1118
f 1432/2483/1119 1427/2484/1119 1418/2485/1119 1422/2486/1119
f 1424/2471/1120 1420/919/1120 1428/1373/1120 1431/2487/1120
f 1444/2488/620 1441/2489/620 1427/2484/620 1432/2483/620
f 1419/2470/1121 1423/2472/1121 1430/2490/1121 1425/2491/1121
f 1434/2492/637 1437/2160/637 1429/2482/637 1426/2481/637
f 1423/2472/1122 1424/2471/1122 1431/2493/1122 1430/2494/1122
f 1437/2495/1123 1444/2496/1123 1432/2474/1123 1429/2473/1123
f 1417/799/1124 1418/2497/1124 1427/2498/1124 1426/2499/1124
f 1433/2500/1125 1442/2501/1125 1428/2469/1125 1425/2468/1125
f 1426/2499/1125 1427/2498/1125 1441/2502/1125 1434/2503/1125
f 1434/2503/1125 1441/2502/1125 1442/2501/1125 1433/2500/1125
f 1430/2494/1123 1431/2493/1123 1443/2504/1123 1438/2505/1123
f 1438/2505/1123 1443/2504/1123 1444/2496/1123 1437/2495/1123
f 1425/2491/637 1430/2490/637 1438/2506/637 1433/2507/637
f 1433/2507/637 1438/2506/637 1437/2160/637 1434/2492/637
f 1431/2487/620 1428/1373/620 1442/2508/620 1443/2509/620
f 1435/2510/1126 1440/2175/1126 1448/2511/1126 1445/2512/1126
f 1435/2513/620 1436/2514/620 1442/2508/620 1441/2489/620
f 1439/2515/620 1440/2516/620 1444/2488/620 1443/2509/620
f 1436/2514/620 1439/2515/620 1443/2509/620 1442/2508/620
f 1440/2516/620 1435/2513/620 1441/2489/620 1444/2488/620
f 1447/2517/1127 1446/2518/1127 1450/1555/1127 1451/2318/1127
f 1440/1557/1111 1439/2519/1111 1447/2520/1111 1448/1634/1111
f 1439/2521/1128 1436/2522/1128 1446/2518/1128 1447/2517/1128
f 1436/1562/1095 1435/2523/1095 1445/2524/1095 1446/2525/1095
f 1451/2526/620 1450/2527/620 1449/2528/620 1452/2529/620
f 1446/2525/1129 1445/2524/1129 1449/2530/1129 1450/1557/1129
f 1445/2512/1130 1448/2511/1130 1452/2529/1130 1449/2528/1130
f 1448/1634/1131 1447/2520/1131 1451/2531/1131 1452/2532/1131
f 1461/1502/1132 1464/2533/1132 1456/2534/1132 1455/2535/1132
f 1455/2535/1133 1456/2534/1133 1460/2536/1133 1459/2537/1133
f 1465/2538/1134 1468/2539/1134 1458/2540/1134 1457/2541/1134
f 1457/2542/1135 1458/2543/1135 1454/2544/1135 1453/1876/1135
f 1462/2545/1136 1465/2546/1136 1457/2542/1136 1453/1876/1136
f 1468/2547/1137 1463/2548/1137 1454/2549/1137 1458/1521/1137
f 1460/2536/1138 1456/2534/1138 1464/2550/1138 1467/2551/1138
f 1480/2552/620 1477/2553/620 1463/2548/620 1468/2547/620
f 1455/2535/1139 1459/2537/1139 1466/2554/1139 1461/2555/1139
f 1470/2556/637 1473/2557/637 1465/2546/637 1462/2545/637
f 1459/2537/1140 1460/2536/1140 1467/2558/1140 1466/2559/1140
f 1473/2560/1123 1480/2561/1123 1468/2539/1123 1465/2538/1123
f 1453/2562/1141 1454/2563/1141 1463/2564/1141 1462/2565/1141
f 1469/2566/1125 1478/2567/1125 1464/2533/1125 1461/1502/1125
f 1462/2565/1125 1463/2564/1125 1477/2568/1125 1470/2569/1125
f 1470/2569/1125 1477/2568/1125 1478/2567/1125 1469/2566/1125
f 1466/2559/1123 1467/2558/1123 1479/2570/1123 1474/2571/1123
f 1474/2571/1123 1479/2570/1123 1480/2561/1123 1473/2560/1123
f 1461/2555/637 1466/2554/637 1474/2572/637 1469/2573/637
f 1469/2573/637 1474/2572/637 1473/2557/637 1470/2556/637
f 1467/2551/620 1464/2550/620 1478/2574/620 1479/2575/620
f 1471/1183/1142 1476/2576/1142 1484/2577/1142 1481/2578/1142
f 1471/2579/620 1472/1767/620 1478/2574/620 1477/2553/620
f 1475/2580/620 1476/2581/620 1480/2552/620 1479/2575/620
f 1472/1767/620 1475/2580/620 1479/2575/620 1478/2574/620
f 1476/2581/620 1471/2579/620 1477/2553/620 1480/2552/620
f 1483/2582/1143 1482/2583/1143 1486/2584/1143 1487/2585/1143
f 1476/1194/1144 1475/2586/1144 1483/2587/1144 1484/1125/1144
f 1475/2588/1145 1472/1342/1145 1482/2583/1145 1483/2582/1145
f 1472/2589/1146 1471/2590/1146 1481/2591/1146 1482/2592/1146
f 1487/2593/620 1486/2594/620 1485/2595/620 1488/2596/620
f 1482/2592/1129 1481/2591/1129 1485/2597/1129 1486/1194/1129
f 1481/2578/1147 1484/2577/1147 1488/2596/1147 1485/2595/1147
f 1484/1125/1148 1483/2587/1148 1487/2598/1148 1488/2599/1148
f 1497/2600/1149 1500/2601/1149 1492/2602/1149 1491/2603/1149
f 1491/2603/1150 1492/2602/1150 1496/2604/1150 1495/2605/1150
f 1501/2606/1151 1504/2607/1151 1494/2608/1151 1493/2609/1151
f 1493/2610/1152 1494/2611/1152 1490/2612/1152 1489/2613/1152
f 1498/2614/1153 1501/2615/1153 1493/2610/1153 1489/2613/1153
f 1504/2616/1154 1499/2617/1154 1490/2618/1154 1494/2619/1154
f 1496/2604/1155 1492/2602/1155 1500/2620/1155 1503/2621/1155
f 1516/2622/620 1513/2623/620 1499/2617/620 1504/2616/620
f 1491/2603/1156 1495/2605/1156 1502/2624/1156 1497/2625/1156
f 1506/2626/637 1509/2627/637 1501/2615/637 1498/2614/637
f 1495/2605/1157 1496/2604/1157 1503/2628/1157 1502/2629/1157
f 1509/2630/1123 1516/2631/1123 1504/2607/1123 1501/2606/1123
f 1489/2632/1158 1490/2633/1158 1499/2634/1158 1498/2635/1158
f 1505/2636/1125 1514/2637/1125 1500/2601/1125 1497/2600/1125
f 1498/2635/1125 1499/2634/1125 1513/2638/1125 1506/2639/1125
f 1506/2639/1125 1513/2638/1125 1514/2637/1125 1505/2636/1125
f 1502/2629/1123 1503/2628/1123 1515/2640/1123 1510/2641/1123
f 1510/2641/1123 1515/2640/1123 1516/2631/1123 1509/2630/1123
f 1497/2625/637 1502/2624/637 1510/2642/637 1505/2643/637
f 1505/2643/637 1510/2642/637 1509/2627/637 1506/2626/637
f 1503/2621/620 1500/2620/620 1514/2644/620 1515/2645/620
f 1507/1909/1159 1512/1693/1159 1520/2113/1159 1517/2646/1159
f 1507/2647/620 1508/2648/620 1514/2644/620 1513/2623/620
f 1511/2649/620 1512/2650/620 1516/2622/620 1515/2645/620
f 1508/2648/620 1511/2649/620 1515/2645/620 1514/2644/620
f 1512/2650/620 1507/2647/620 1513/2623/620 1516/2622/620
f 1519/2651/1160 1518/2652/1160 1522/2653/1160 1523/2654/1160
f 1512/2655/1144 1511/2656/1144 1519/2657/1144 1520/2658/1144
f 1511/2659/1161 1508/1925/1161 1518/2652/1161 1519/2651/1161
f 1508/1562/1146 1507/2523/1146 1517/2660/1146 1518/2661/1146
f 1523/2662/620 1522/2663/620 1521/2664/620 1524/2665/620
f 1518/2661/1129 1517/2660/1129 1521/2666/1129 1522/2655/1129
f 1517/2646/1162 1520/2113/1162 1524/2665/1162 1521/2664/1162
f 1520/2658/1163 1519/2657/1163 1523/2667/1163 1524/2668/1163
f 1533/2669/1164 1536/2670/1164 1528/2671/1164 1527/2672/1164
f 1527/2672/1165 1528/2671/1165 1532/2673/1165 1531/2674/1165
f 1537/2675/1166 1540/2676/1166 1530/2677/1166 1529/2678/1166
f 1529/2679/1167 1530/2680/1167 1526/2681/1167 1525/2682/1167
f 1534/2683/1168 1537/2684/1168 1529/2679/1168 1525/2682/1168
f 1540/2685/1169 1535/2686/1169 1526/2687/1169 1530/2688/1169
f 1532/2673/1170 1528/2671/1170 1536/2689/1170 1539/2155/1170
f 1552/2690/620 1549/2691/620 1535/2686/620 1540/2685/620
f 1527/2672/1171 1531/2674/1171 1538/2692/1171 1533/2693/1171
f 1542/2694/637 1545/2695/637 1537/2684/637 1534/2683/637
f 1531/2674/1172 1532/2673/1172 1539/2696/1172 1538/2697/1172
f 1545/2698/1123 1552/2699/1123 1540/2676/1123 1537/2675/1123
f 1525/2700/1173 1526/2701/1173 1535/2702/1173 1534/2703/1173
f 1541/2704/1125 1550/2705/1125 1536/2670/1125 1533/2669/1125
f 1534/2703/1125 1535/2702/1125 1549/2706/1125 1542/2707/1125
f 1542/2707/1125 1549/2706/1125 1550/2705/1125 1541/2704/1125
f 1538/2697/1123 1539/2696/1123 1551/2708/1123 1546/2709/1123
f 1546/2709/1123 1551/2708/1123 1552/2699/1123 1545/2698/1123
f 1533/2693/637 1538/2692/637 1546/2710/637 1541/2711/637
f 1541/2711/637 1546/2710/637 1545/2695/637 1542/2694/637
f 1539/2155/620 1536/2689/620 1550/2712/620 1551/2713/620
f 1543/888/1174 1548/2714/1174 1556/2715/1174 1553/2716/1174
f 1543/2717/620 1544/2718/620 1550/2712/620 1549/2691/620
f 1547/2719/620 1548/2720/620 1552/2690/620 1551/2713/620
f 1544/2718/620 1547/2719/620 1551/2713/620 1550/2712/620
f 1548/2720/620 1543/2717/620 1549/2691/620 1552/2690/620
f 1555/2721/1175 1554/2722/1175 1558/2723/1175 1559/2724/1175
f 1548/2725/1176 1547/2726/1176 1555/2727/1176 1556/2728/1176
f 1547/2729/1177 1544/2730/1177 1554/2722/1177 1555/2721/1177
f 1544/2731/1178 1543/2732/1178 1553/2733/1178 1554/2734/1178
f 1559/2735/620 1558/2736/620 1557/2737/620 1560/2738/620
f 1554/2734/1179 1553/2733/1179 1557/2739/1179 1558/2740/1179
f 1553/2716/1180 1556/2715/1180 1560/2738/1180 1557/2737/1180
f 1556/2728/1163 1555/2727/1163 1559/2741/1163 1560/2742/1163
f 1569/2743/1181 1572/2744/1181 1564/2745/1181 1563/2746/1181
f 1563/2746/1182 1564/2745/1182 1568/2747/1182 1567/2748/1182
f 1573/2749/1183 1576/2750/1183 1566/2751/1183 1565/2752/1183
f 1565/2753/1184 1566/2754/1184 1562/2755/1184 1561/2756/1184
f 1570/2757/1185 1573/2758/1185 1565/2753/1185 1561/2756/1185
f 1576/2759/1186 1571/2760/1186 1562/2761/1186 1566/2762/1186
f 1568/2747/1187 1564/2745/1187 1572/2763/1187 1575/2764/1187
f 1588/2765/620 1585/2766/620 1571/2760/620 1576/2759/620
f 1563/2746/1188 1567/2748/1188 1574/2767/1188 1569/2768/1188
f 1578/2769/456 1581/2770/456 1573/2758/456 1570/2757/456
f 1567/2748/1189 1568/2747/1189 1575/2771/1189 1574/2772/1189
f 1581/2773/1123 1588/2774/1123 1576/2750/1123 1573/2749/1123
f 1561/2775/1190 1562/2776/1190 1571/2777/1190 1570/2778/1190
f 1577/2779/1125 1586/2780/1125 1572/2744/1125 1569/2743/1125
f 1570/2778/1125 1571/2777/1125 1585/2781/1125 1578/2782/1125
f 1578/2782/1125 1585/2781/1125 1586/2780/1125 1577/2779/1125
f 1574/2772/1123 1575/2771/1123 1587/2783/1123 1582/2784/1123
f 1582/2784/1123 1587/2783/1123 1588/2774/1123 1581/2773/1123
f 1569/2768/637 1574/2767/637 1582/2785/637 1577/2786/637
f 1577/2786/637 1582/2785/637 1581/2770/456 1578/2769/456
f 1575/2764/620 1572/2763/620 1586/2787/620 1587/2788/620
f 1579/2789/1191 1584/2790/1191 1592/2791/1191 1589/2792/1191
f 1579/2793/620 1580/2794/620 1586/2787/620 1585/2766/620
f 1583/2795/620 1584/2796/620 1588/2765/620 1587/2788/620
f 1580/2794/620 1583/2795/620 1587/2788/620 1586/2787/620
f 1584/2796/620 1579/2793/620 1585/2766/620 1588/2765/620
f 1591/2797/1192 1590/2798/1192 1594/2799/1192 1595/2800/1192
f 1584/2801/1193 1583/2802/1193 1591/2803/1193 1592/2804/1193
f 1583/2805/1194 1580/2806/1194 1590/2798/1194 1591/2797/1194
f 1580/2807/1178 1579/2808/1178 1589/2809/1178 1590/2810/1178
f 1595/2811/620 1594/2812/620 1593/2813/620 1596/2814/620
f 1590/2810/1195 1589/2809/1195 1593/2815/1195 1594/2801/1195
f 1589/2792/1196 1592/2791/1196 1596/2814/1196 1593/2813/1196
f 1592/2804/1197 1591/2803/1197 1595/2816/1197 1596/2817/1197
f 1605/2818/1198 1608/2819/1198 1600/2820/1198 1599/2821/1198
f 1599/2821/1199 1600/2820/1199 1604/2822/1199 1603/2823/1199
f 1609/2824/1200 1612/2825/1200 1602/2826/1200 1601/2827/1200
f 1601/2828/1201 1602/2829/1201 1598/2830/1201 1597/2831/1201
f 1606/2832/1202 1609/2833/1202 1601/2828/1202 1597/2831/1202
f 1612/2834/1203 1607/2835/1203 1598/2836/1203 1602/2837/1203
f 1604/2822/1204 1600/2820/1204 1608/2838/1204 1611/2839/1204
f 1624/2840/620 1621/2841/620 1607/2835/620 1612/2834/620
f 1599/2821/1205 1603/2823/1205 1610/2158/1205 1605/2842/1205
f 1614/2843/456 1617/2844/456 1609/2833/456 1606/2832/456
f 1603/2823/1206 1604/2822/1206 1611/2845/1206 1610/2846/1206
f 1617/2847/1207 1624/2848/1207 1612/2825/1207 1609/2824/1207
f 1597/2849/1208 1598/2850/1208 1607/2851/1208 1606/2852/1208
f 1613/2853/1209 1622/2854/1209 1608/2819/1209 1605/2818/1209
f 1606/2852/1209 1607/2851/1209 1621/2855/1209 1614/2856/1209
f 1614/2856/1209 1621/2855/1209 1622/2854/1209 1613/2853/1209
f 1610/2846/1207 1611/2845/1207 1623/2857/1207 1618/2858/1207
f 1618/2858/1207 1623/2857/1207 1624/2848/1207 1617/2847/1207
f 1605/2842/456 1610/2158/456 1618/2859/456 1613/2860/456
f 1613/2860/456 1618/2859/456 1617/2844/456 1614/2843/456
f 1611/2839/620 1608/2838/620 1622/2861/620 1623/2862/620
f 1615/2510/1210 1620/2863/1210 1628/2864/1210 1625/2865/1210
f 1615/2866/620 1616/2867/620 1622/2861/620 1621/2841/620
f 1619/2868/620 1620/2869/620 1624/2840/620 1623/2862/620
f 1616/2867/620 1619/2868/620 1623/2862/620 1622/2861/620
f 1620/2869/620 1615/2866/620 1621/2841/620 1624/2840/620
f 1627/2870/1211 1626/2871/1211 1630/2872/1211 1631/2873/1211
f 1620/2874/1212 1619/2875/1212 1627/2876/1212 1628/2877/1212
f 1619/2878/1213 1616/2879/1213 1626/2871/1213 1627/2870/1213
f 1616/2880/1178 1615/2881/1178 1625/2882/1178 1626/1418/1178
f 1631/2883/620 1630/1642/620 1629/2884/620 1632/2885/620
f 1626/1418/1214 1625/2882/1214 1629/2886/1214 1630/2874/1214
f 1625/2865/1215 1628/2864/1215 1632/2885/1215 1629/2884/1215
f 1628/2877/1216 1627/2876/1216 1631/1425/1216 1632/2887/1216
f 1641/2888/1217 1644/2889/1217 1636/1356/1217 1635/2890/1217
f 1635/2890/1218 1636/1356/1218 1640/2891/1218 1639/2892/1218
f 1645/2893/1219 1648/2894/1219 1638/2895/1219 1637/2896/1219
f 1637/2897/1220 1638/2898/1220 1634/2899/1220 1633/2900/1220
f 1642/2901/1221 1645/2902/1221 1637/2897/1221 1633/2900/1221
f 1648/2903/1222 1643/2904/1222 1634/2761/1222 1638/2905/1222
f 1640/2891/1223 1636/1356/1223 1644/2906/1223 1647/2907/1223
f 1660/2908/620 1657/2909/620 1643/2904/620 1648/2903/620
f 1635/2890/1224 1639/2892/1224 1646/2910/1224 1641/2911/1224
f 1650/2912/456 1653/2913/456 1645/2902/456 1642/2901/456
f 1639/2892/1225 1640/2891/1225 1647/2914/1225 1646/2915/1225
f 1653/1962/1207 1660/2916/1207 1648/2894/1207 1645/2893/1207
f 1633/1170/1226 1634/2917/1226 1643/2918/1226 1642/2919/1226
f 1649/2920/1209 1658/2921/1209 1644/2889/1209 1641/2888/1209
f 1642/2919/1209 1643/2918/1209 1657/2922/1209 1650/2923/1209
f 1650/2923/1209 1657/2922/1209 1658/2921/1209 1649/2920/1209
f 1646/2915/1207 1647/2914/1207 1659/2924/1207 1654/2925/1207
f 1654/2925/1207 1659/2924/1207 1660/2916/1207 1653/1962/1207
f 1641/2911/456 1646/2910/456 1654/2926/456 1649/2927/456
f 1649/2927/456 1654/2926/456 1653/2913/456 1650/2912/456
f 1647/2907/620 1644/2906/620 1658/2928/620 1659/2929/620
f 1651/2930/1227 1656/1620/1227 1664/2931/1227 1661/2932/1227
f 1651/2933/620 1652/2934/620 1658/2928/620 1657/2909/620
f 1655/2935/620 1656/2936/620 1660/2908/620 1659/2929/620
f 1652/2934/620 1655/2935/620 1659/2929/620 1658/2928/620
f 1656/2936/620 1651/2933/620 1657/2909/620 1660/2908/620
f 1663/2937/1228 1662/2938/1228 1666/2939/1228 1667/2940/1228
f 1656/2941/1229 1655/2942/1229 1663/2943/1229 1664/2944/1229
f 1655/2945/1230 1652/2946/1230 1662/2938/1230 1663/2937/1230
f 1652/2947/1231 1651/2948/1231 1661/2949/1231 1662/2950/1231
f 1667/2951/531 1666/2952/531 1665/2953/531 1668/2954/531
f 1662/2950/1214 1661/2949/1214 1665/2955/1214 1666/2941/1214
f 1661/2932/1232 1664/2931/1232 1668/2954/1232 1665/2953/1232
f 1664/2944/1216 1663/2943/1216 1667/2956/1216 1668/2957/1216
f 1677/2958/1233 1680/2959/1233 1672/2960/1233 1671/2961/1233
f 1671/2961/1234 1672/2960/1234 1676/2962/1234 1675/2963/1234
f 1681/2964/1235 1684/2965/1235 1674/2966/1235 1673/2967/1235
f 1673/2968/1236 1674/2969/1236 1670/2970/1236 1669/2971/1236
f 1678/2972/1237 1681/2973/1237 1673/2968/1237 1669/2971/1237
f 1684/2974/1238 1679/2975/1238 1670/2976/1238 1674/2977/1238
f 1676/2962/1239 1672/2960/1239 1680/2978/1239 1683/2979/1239
f 1696/2980/620 1693/2981/620 1679/2975/620 1684/2974/620
f 1671/2961/1240 1675/2963/1240 1682/2982/1240 1677/2983/1240
f 1686/2984/456 1689/2985/456 1681/2973/456 1678/2972/456
f 1675/2963/1241 1676/2962/1241 1683/2986/1241 1682/2987/1241
f 1689/2988/1207 1696/2989/1207 1684/2965/1207 1681/2964/1207
f 1669/2990/1242 1670/2776/1242 1679/2991/1242 1678/2992/1242
f 1685/2993/1209 1694/2994/1209 1680/2959/1209 1677/2958/1209
f 1678/2992/1209 1679/2991/1209 1693/2995/1209 1686/2996/1209
f 1686/2996/1209 1693/2995/1209 1694/2994/1209 1685/2993/1209
f 1682/2987/1207 1683/2986/1207 1695/2997/1207 1690/2998/1207
f 1690/2998/1207 1695/2997/1207 1696/2989/1207 1689/2988/1207
f 1677/2983/456 1682/2982/456 1690/2999/456 1685/3000/456
f 1685/3000/456 1690/2999/456 1689/2985/456 1686/2984/456
f 1683/2979/620 1680/2978/620 1694/3001/620 1695/3002/620
f 1687/2930/1243 1692/1620/1243 1700/2931/1243 1697/1766/1243
f 1687/3003/620 1688/3004/620 1694/3001/620 1693/2981/620
f 1691/3005/620 1692/3006/620 1696/2980/620 1695/3002/620
f 1688/3004/620 1691/3005/620 1695/3002/620 1694/3001/620
f 1692/3006/620 1687/3003/620 1693/2981/620 1696/2980/620
f 1699/3007/1244 1698/3008/1244 1702/1629/1244 1703/2318/1244
f 1692/3009/1245 1691/3010/1245 1699/3011/1245 1700/3012/1245
f 1691/3013/1246 1688/3014/1246 1698/3008/1246 1699/3007/1246
f 1688/3015/1247 1687/3016/1247 1697/3017/1247 1698/3018/1247
f 1703/3019/531 1702/3020/531 1701/2953/531 1704/2954/531
f 1698/3018/1248 1697/3017/1248 1701/3021/1248 1702/3009/1248
f 1697/1766/1249 1700/2931/1249 1704/2954/1249 1701/2953/1249
f 1700/3012/1250 1699/3011/1250 1703/3022/1250 1704/3023/1250
f 1713/3024/1251 1716/3025/1251 1708/3026/1251 1707/3027/1251
f 1707/3027/1252 1708/3026/1252 1712/3028/1252 1711/3029/1252
f 1717/3030/1253 1720/3031/1253 1710/3032/1253 1709/3033/1253
f 1709/3034/1254 1710/3035/1254 1706/3036/1254 1705/3037/1254
f 1714/3038/1255 1717/3039/1255 1709/3034/1255 1705/3037/1255
f 1720/3040/1256 1715/3041/1256 1706/3042/1256 1710/3043/1256
f 1712/3028/1257 1708/3026/1257 1716/3044/1257 1719/3045/1257
f 1732/3046/620 1729/3047/620 1715/3041/531 1720/3040/531
f 1707/3027/1258 1711/3029/1258 1718/3048/1258 1713/3049/1258
f 1722/3050/456 1725/3051/456 1717/3039/456 1714/3038/456
f 1711/3029/1259 1712/3028/1259 1719/3052/1259 1718/3053/1259
f 1725/3054/1207 1732/3055/1207 1720/3031/1207 1717/3030/1207
f 1705/3056/1260 1706/3057/1260 1715/3058/1260 1714/1825/1260
f 1721/3059/1209 1730/3060/1209 1716/3025/1209 1713/3024/1209
f 1714/1825/1209 1715/3058/1209 1729/3061/1209 1722/3062/1209
f 1722/3062/1209 1729/3061/1209 1730/3060/1209 1721/3059/1209
f 1718/3053/1207 1719/3052/1207 1731/3063/1207 1726/3064/1207
f 1726/3064/1207 1731/3063/1207 1732/3055/1207 1725/3054/1207
f 1713/3049/456 1718/3048/456 1726/3065/456 1721/3066/456
f 1721/3066/456 1726/3065/456 1725/3051/456 1722/3050/456
f 1719/3045/620 1716/3044/620 1730/3067/620 1731/3068/620
f 1723/3069/1261 1728/3070/1261 1736/3071/1261 1733/3072/1261
f 1723/3073/620 1724/3074/620 1730/3067/620 1729/3047/620
f 1727/3075/620 1728/3076/620 1732/3046/620 1731/3068/620
f 1724/3074/620 1727/3075/620 1731/3068/620 1730/3067/620
f 1728/3076/620 1723/3073/620 1729/3047/620 1732/3046/620
f 1735/3077/1262 1734/3078/1262 1738/3079/1262 1739/3080/1262
f 1728/3081/1263 1727/3082/1263 1735/3083/1263 1736/3084/1263
f 1727/3085/1264 1724/3086/1264 1734/3078/1264 1735/3077/1264
f 1724/3087/1265 1723/3088/1265 1733/3089/1265 1734/3090/1265
f 1739/3091/531 1738/3092/531 1737/3093/531 1740/3094/531
f 1734/3090/1248 1733/3089/1248 1737/3095/1248 1738/3081/1248
f 1733/3072/1266 1736/3071/1266 1740/3094/1266 1737/3093/1266
f 1736/3084/1267 1735/3083/1267 1739/3096/1267 1740/3097/1267
f 1749/1138/1268 1752/3098/1268 1744/3099/1268 1743/3100/1268
f 1743/3100/1269 1744/3099/1269 1748/3101/1269 1747/3102/1269
f 1753/3103/1270 1756/3104/1270 1746/3105/1270 1745/3106/1270
f 1745/3107/1271 1746/3108/1271 1742/3109/1271 1741/3110/1271
f 1750/3111/1272 1753/3112/1272 1745/3107/1272 1741/3110/1272
f 1756/2017/1273 1751/784/1273 1742/3113/1273 1746/3114/1273
f 1748/3101/1274 1744/3099/1274 1752/3115/1274 1755/3116/1274
f 1768/3117/620 1765/3118/531 1751/784/531 1756/2017/531
f 1743/3100/1275 1747/3102/1275 1754/3119/1275 1749/3120/1275
f 1758/3121/456 1761/3122/456 1753/3112/456 1750/3111/456
f 1747/3102/1276 1748/3101/1276 1755/3123/1276 1754/3124/1276
f 1761/3125/1207 1768/3126/1207 1756/3104/1207 1753/3103/1207
f 1741/3127/1277 1742/3128/1277 1751/876/1277 1750/3129/1277
f 1757/3130/1209 1766/3131/1209 1752/3098/1209 1749/1138/1209
f 1750/3129/1209 1751/876/1209 1765/3132/1209 1758/3133/1209
f 1758/3133/1209 1765/3132/1209 1766/3131/1209 1757/3130/1209
f 1754/3124/1207 1755/3123/1207 1767/3134/1207 1762/3135/1207
f 1762/3135/1207 1767/3134/1207 1768/3126/1207 1761/3125/1207
f 1749/3120/456 1754/3119/456 1762/3136/456 1757/2643/456
f 1757/2643/456 1762/3136/456 1761/3122/456 1758/3121/456
f 1755/3116/620 1752/3115/620 1766/3137/531 1767/3138/620
f 1759/1692/1278 1764/1693/1278 1772/3139/1278 1769/3140/1278
f 1759/3141/620 1760/3142/531 1766/3137/531 1765/3118/531
f 1763/3143/620 1764/3144/620 1768/3117/620 1767/3138/620
f 1760/3142/531 1763/3143/620 1767/3138/620 1766/3137/531
f 1764/3144/620 1759/3141/620 1765/3118/531 1768/3117/620
f 1771/2797/1279 1770/2798/1279 1774/3145/1279 1775/3146/1279
f 1764/1704/1280 1763/3147/1280 1771/3148/1280 1772/3149/1280
f 1763/3150/1281 1760/3151/1281 1770/2798/1281 1771/2797/1281
f 1760/3152/1282 1759/3153/1282 1769/3154/1282 1770/3155/1282
f 1775/1714/458 1774/3156/458 1773/2397/458 1776/3157/458
f 1770/3155/1283 1769/3154/1283 1773/3158/1283 1774/1704/1283
f 1769/3140/1284 1772/3139/1284 1776/3157/1284 1773/2397/1284
f 1772/3149/1267 1771/3148/1267 1775/3159/1267 1776/3160/1267
f 1785/3161/1285 1788/3162/1285 1780/3163/1285 1779/3164/1285
f 1779/3164/1286 1780/3163/1286 1784/3165/1286 1783/3166/1286
f 1789/3167/1287 1792/3168/1287 1782/3169/1287 1781/3170/1287
f 1781/3171/1288 1782/3172/1288 1778/3173/1288 1777/3174/1288
f 1786/3175/1289 1789/3176/1289 1781/3171/1289 1777/3174/1289
f 1792/3177/1290 1787/3178/1290 1778/3179/1290 1782/3114/1290
f 1784/3165/1291 1780/3163/1291 1788/2763/1291 1791/1232/1291
f 1804/3180/531 1801/3181/531 1787/3178/531 1792/3177/531
f 1779/3164/1292 1783/3166/1292 1790/3182/1292 1785/3183/1292
f 1794/3184/456 1797/3185/456 1789/3176/456 1786/3175/456
f 1783/3166/1293 1784/3165/1293 1791/3186/1293 1790/3187/1293
f 1797/3188/1294 1804/3189/1294 1792/3168/1294 1789/3167/1294
f 1777/3190/1295 1778/3191/1295 1787/3192/1295 1786/2034/1295
f 1793/3193/1209 1802/3194/1209 1788/3162/1209 1785/3161/1209
f 1786/2034/1296 1787/3192/1296 1801/3195/1296 1794/3196/1296
f 1794/3196/1296 1801/3195/1296 1802/3194/1209 1793/3193/1209
f 1790/3187/1207 1791/3186/1207 1803/3197/1207 1798/3198/1207
f 1798/3198/1207 1803/3197/1207 1804/3189/1294 1797/3188/1294
f 1785/3183/456 1790/3182/456 1798/3199/456 1793/3200/456
f 1793/3200/456 1798/3199/456 1797/3185/456 1794/3184/456
f 1791/1232/620 1788/2763/620 1802/3201/620 1803/3202/620
f 1795/2789/1297 1800/1693/1297 1808/1547/1297 1805/3203/1297
f 1795/1980/620 1796/3204/620 1802/3201/620 1801/3181/531
f 1799/3205/531 1800/3206/531 1804/3180/531 1803/3202/620
f 1796/3204/620 1799/3205/531 1803/3202/620 1802/3201/620
f 1800/3206/531 1795/1980/620 1801/3181/531 1804/3180/531
f 1807/2797/1298 1806/2798/1298 1810/898/1298 1811/3207/1298
f 1800/3208/1299 1799/3209/1299 1807/3210/1299 1808/3211/1299
f 1799/3212/1300 1796/3213/1300 1806/2798/1300 1807/2797/1300
f 1796/3214/1301 1795/3215/1301 1805/3216/1301 1806/3217/1301
f 1811/3218/458 1810/3219/458 1809/2813/458 1812/3220/458
f 1806/3217/1302 1805/3216/1302 1809/3221/1302 1810/3222/1302
f 1805/3203/1303 1808/1547/1303 1812/3220/1303 1809/2813/1303
f 1808/3211/1304 1807/3210/1304 1811/3223/1304 1812/3224/1304
f 1821/3225/1305 1824/3226/1305 1816/1356/1305 1815/3227/1305
f 1815/3227/1306 1816/1356/1306 1820/3228/1306 1819/3229/1306
f 1825/3230/1307 1828/3231/1307 1818/2751/1307 1817/3232/1307
f 1817/3233/1308 1818/3234/1308 1814/3235/1308 1813/3236/1308
f 1822/3237/1309 1825/3238/1309 1817/3233/1309 1813/3236/1309
f 1828/3239/1310 1823/3240/1310 1814/3241/1310 1818/3242/1310
f 1820/3228/1311 1816/1356/1311 1824/2763/1311 1827/2907/1311
f 1840/3243/531 1837/3244/531 1823/3240/531 1828/3239/531
f 1815/3227/1312 1819/3229/1312 1826/3245/1312 1821/3246/1312
f 1830/3247/456 1833/3248/456 1825/3238/456 1822/3237/456
f 1819/3229/1313 1820/3228/1313 1827/3249/1313 1826/3250/1313
f 1833/3251/1294 1840/3252/1294 1828/3231/1314 1825/3230/1314
f 1813/3253/1315 1814/3254/1315 1823/3255/1315 1822/3256/1315
f 1829/3257/1296 1838/3258/1296 1824/3226/1296 1821/3225/1296
f 1822/3256/1316 1823/3255/1316 1837/3259/1296 1830/3260/1296
f 1830/3260/1296 1837/3259/1296 1838/3258/1296 1829/3257/1296
f 1826/3250/1294 1827/3249/1294 1839/3261/1294 1834/3262/1294
f 1834/3262/1294 1839/3261/1294 1840/3252/1294 1833/3251/1294
f 1821/3246/456 1826/3245/456 1834/3263/456 1829/3264/456
f 1829/3264/456 1834/3263/456 1833/3248/456 1830/3247/456
f 1827/2907/531 1824/2763/531 1838/3265/620 1839/3266/531
f 1831/2930/1317 1836/1620/1317 1844/2931/1317 1841/2932/1317
f 1831/3267/531 1832/3268/620 1838/3265/620 1837/3244/531
f 1835/3269/531 1836/3270/531 1840/3243/531 1839/3266/531
f 1832/3268/620 1835/3269/531 1839/3266/531 1838/3265/620
f 1836/3270/531 1831/3267/531 1837/3244/531 1840/3243/531
f 1843/3271/1318 1842/3008/1318 1846/1629/1318 1847/2318/1318
f 1836/3009/1319 1835/3272/1319 1843/3273/1319 1844/3012/1319
f 1835/3274/1320 1832/3275/1320 1842/3008/1320 1843/3271/1320
f 1832/3015/1301 1831/3016/1301 1841/3017/1301 1842/3276/1301
f 1847/3019/458 1846/3020/458 1845/3277/458 1848/3278/458
f 1842/3276/1321 1841/3017/1321 1845/3279/1321 1846/3009/1321
f 1841/2932/1322 1844/2931/1322 1848/3278/1322 1845/3277/1322
f 1844/3012/1323 1843/3273/1323 1847/3280/1323 1848/2001/1323
f 1857/3281/1324 1860/3282/1324 1852/3283/1324 1851/3284/1324
f 1851/3284/1325 1852/3283/1325 1856/3285/1325 1855/1143/1325
f 1861/3286/1326 1864/3287/1326 1854/3288/1326 1853/3289/1326
f 1853/3290/1327 1854/3291/1327 1850/3292/1327 1849/3293/1327
f 1858/3294/1328 1861/3295/1328 1853/3290/1328 1849/3293/1328
f 1864/3239/1329 1859/3296/1329 1850/3297/1329 1854/3298/1329
f 1856/3285/1330 1852/3283/1330 1860/3299/1330 1863/3300/1330
f 1876/3301/620 1873/3302/531 1859/3296/531 1864/3239/531
f 1851/3284/1331 1855/1143/1331 1862/3303/1331 1857/3304/1331
f 1866/3305/456 1869/3306/456 1861/3295/456 1858/3294/456
f 1855/1143/1332 1856/3285/1332 1863/3307/1332 1862/3308/1332
f 1869/3309/1314 1876/3310/1314 1864/3287/1314 1861/3286/1314
f 1849/3311/1333 1850/3312/1333 1859/3313/1333 1858/3314/1333
f 1865/3315/1316 1874/2921/1316 1860/3282/1316 1857/3281/1316
f 1858/3314/1316 1859/3313/1316 1873/3316/1316 1866/3317/1316
f 1866/3317/1316 1873/3316/1316 1874/2921/1316 1865/3315/1316
f 1862/3308/1314 1863/3307/1314 1875/3318/1314 1870/3319/1314
f 1870/3319/1314 1875/3318/1314 1876/3310/1314 1869/3309/1314
f 1857/3304/456 1862/3303/456 1870/3320/456 1865/3321/456
f 1865/3321/456 1870/3320/456 1869/3306/456 1866/3305/456
f 1863/3300/531 1860/3299/531 1874/3322/531 1875/3323/531
f 1867/3324/1334 1872/814/1334 1880/2113/1334 1877/2646/1334
f 1867/3325/620 1868/3326/531 1874/3322/531 1873/3302/531
f 1871/3327/531 1872/3328/620 1876/3301/620 1875/3323/531
f 1868/3326/531 1871/3327/531 1875/3323/531 1874/3322/531
f 1872/3328/620 1867/3325/620 1873/3302/531 1876/3301/620
f 1879/3329/1335 1878/3330/1335 1882/3331/1335 1883/3332/1335
f 1872/3333/1336 1871/3334/1336 1879/3335/1336 1880/3336/1336
f 1871/3337/1337 1868/3338/1337 1878/3330/1337 1879/3329/1337
f 1868/1490/1338 1867/3339/1338 1877/1994/1338 1878/3340/1338
f 1883/3341/458 1882/3342/458 1881/3343/458 1884/1998/458
f 1878/3340/1321 1877/1994/1321 1881/3021/1321 1882/3333/1321
f 1877/2646/1339 1880/2113/1339 1884/1998/1339 1881/3343/1339
f 1880/3336/1323 1879/3335/1323 1883/3344/1323 1884/2001/1323
f 1893/3345/1340 1896/3346/1340 1888/3347/1340 1887/845/1340
f 1887/845/1341 1888/3347/1341 1892/3348/1341 1891/3349/1341
f 1897/3350/1342 1900/3351/1342 1890/3352/1342 1889/3353/1342
f 1889/3354/1343 1890/3355/1343 1886/854/1343 1885/3356/1343
f 1894/3357/1344 1897/3358/1344 1889/3354/1344 1885/3356/1344
f 1900/3359/1345 1895/3360/1345 1886/3361/1345 1890/3362/1345
f 1892/3348/1346 1888/3347/1346 1896/3363/1346 1899/3364/1346
f 1912/3365/531 1909/3366/531 1895/3360/531 1900/3359/531
f 1887/845/1347 1891/3349/1347 1898/3367/1347 1893/3368/1347
f 1902/3369/456 1905/3370/456 1897/3358/456 1894/3357/456
f 1891/3349/1348 1892/3348/1348 1899/3371/1348 1898/3372/1348
f 1905/3373/1314 1912/3374/1314 1900/3351/1314 1897/3350/1314
f 1885/3375/1349 1886/3376/1349 1895/3377/1349 1894/3378/1349
f 1901/3379/1316 1910/1827/1316 1896/3346/1316 1893/3345/1316
f 1894/3378/1316 1895/3377/1316 1909/3380/1316 1902/3381/1316
f 1902/3381/1316 1909/3380/1316 1910/1827/1316 1901/3379/1316
f 1898/3372/1314 1899/3371/1314 1911/3382/1314 1906/1760/1314
f 1906/1760/1314 1911/3382/1314 1912/3374/1314 1905/3373/1314
f 1893/3368/456 1898/3367/456 1906/3383/456 1901/3384/456
f 1901/3384/456 1906/3383/456 1905/3370/456 1902/3369/456
f 1899/3364/531 1896/3363/531 1910/3385/620 1911/3386/531
f 1903/813/1350 1908/3387/1350 1916/3388/1350 1913/1695/1350
f 1903/3389/531 1904/3390/620 1910/3385/620 1909/3366/531
f 1907/3391/531 1908/3392/531 1912/3365/531 1911/3386/531
f 1904/3390/620 1907/3391/531 1911/3386/531 1910/3385/620
f 1908/3392/531 1903/3389/531 1909/3366/531 1912/3365/531
f 1915/3393/1351 1914/3394/1351 1918/3145/1351 1919/3395/1351
f 1908/3396/1352 1907/3397/1352 1915/3398/1352 1916/3399/1352
f 1907/3400/1353 1904/3401/1353 1914/3394/1353 1915/3393/1353
f 1904/3402/1354 1903/3403/1354 1913/3404/1354 1914/3405/1354
f 1919/3406/458 1918/3407/458 1917/3408/458 1920/3409/458
f 1914/3405/1355 1913/3404/1355 1917/3410/1355 1918/3396/1355
f 1913/1695/1356 1916/3388/1356 1920/3409/1356 1917/3408/1356
f 1916/3399/1357 1915/3398/1357 1919/3411/1357 1920/3412/1357
f 1929/2137/1358 1932/3413/1358 1924/3414/1358 1923/3415/1358
f 1923/3415/1359 1924/3414/1359 1928/3416/1359 1927/3417/1359
f 1933/3350/1360 1936/3418/1360 1926/3419/1360 1925/3420/1360
f 1925/3421/1361 1926/3422/1361 1922/3423/1361 1921/3424/1361
f 1930/3425/1362 1933/3426/1362 1925/3421/1362 1921/3424/1362
f 1936/3427/1363 1931/3428/1363 1922/3113/1363 1926/3429/1363
f 1928/3416/1364 1924/3414/1364 1932/3430/1364 1935/3431/1364
f 1948/2286/1365 1945/3432/1365 1931/3428/1365 1936/3427/1365
f 1923/3415/1366 1927/3417/1366 1934/3433/1366 1929/3434/1366
f 1938/3435/1367 1941/3436/1367 1933/3426/1367 1930/3425/1367
f 1927/3417/1368 1928/3416/1368 1935/3437/1368 1934/3438/1368
f 1941/3439/1369 1948/3440/1369 1936/3418/1370 1933/3350/1370
f 1921/3441/1371 1922/3442/1371 1931/3443/1371 1930/3444/1371
f 1937/3445/1372 1946/3446/1372 1932/3413/1373 1929/2137/1373
f 1930/3444/1374 1931/3443/1374 1945/3447/1375 1938/3448/1375
f 1938/3448/1375 1945/3447/1375 1946/3446/1372 1937/3445/1372
f 1934/3438/1376 1935/3437/1376 1947/3449/1377 1942/3450/1377
f 1942/3450/1377 1947/3449/1377 1948/3440/1369 1941/3439/1369
f 1929/3434/456 1934/3433/456 1942/3451/456 1937/3452/456
f 1937/3452/1378 1942/3451/1378 1941/3436/1378 1938/3435/1378
f 1935/3431/531 1932/3430/531 1946/3453/531 1947/3454/531
f 1939/1619/1379 1944/3455/1379 1952/3456/1379 1949/3457/1379
f 1939/3458/1380 1940/3459/1380 1946/3453/1380 1945/3432/1380
f 1943/3460/1381 1944/3461/1381 1948/2286/1381 1947/3454/1381
f 1940/3459/620 1943/3460/620 1947/3454/531 1946/3453/531
f 1944/3461/1382 1939/3458/1382 1945/3432/1382 1948/2286/1382
f 1951/3462/1383 1950/3463/1383 1954/3464/1383 1955/3465/1383
f 1944/3466/1384 1943/3467/1384 1951/3468/1384 1952/3469/1384
f 1943/3470/1385 1940/3471/1385 1950/3463/1385 1951/3462/1385
f 1940/3472/1386 1939/3473/1386 1949/3474/1386 1950/3475/1386
f 1955/3476/1387 1954/3477/1387 1953/3478/1387 1956/3479/1387
f 1950/3475/1388 1949/3474/1388 1953/2955/1388 1954/3480/1388
f 1949/3457/1389 1952/3456/1389 1956/3479/1389 1953/3478/1389
f 1952/3469/1390 1951/3468/1390 1955/3481/1390 1956/3482/1390
f 1965/3483/1391 1968/3484/1391 1960/3485/1391 1959/3486/1391
f 1959/3486/1392 1960/3485/1392 1964/3487/1392 1963/3488/1392
f 1969/3489/1393 1972/3490/1393 1962/3491/1393 1961/3492/1393
f 1961/2542/1394 1962/3493/1394 1958/3494/1394 1957/3495/1394
f 1966/3175/1395 1969/3496/1395 1961/2542/1395 1957/3495/1395
f 1972/3497/1396 1967/1880/1396 1958/3498/1396 1962/3499/1396
f 1964/3487/1397 1960/3485/1397 1968/3500/1397 1971/3501/1397
f 1984/3502/1398 1981/3503/1399 1967/1880/1400 1972/3497/1400
f 1959/3486/1401 1963/3488/1401 1970/3504/1401 1965/3505/1401
f 1974/3506/1402 1977/3507/1402 1969/3496/1402 1966/3175/1402
f 1963/3488/1403 1964/3487/1403 1971/3508/1403 1970/3509/1403
f 1977/3510/1404 1984/3511/1404 1972/3490/1405 1969/3489/1405
f 1957/3512/1406 1958/1171/1406 1967/3513/1406 1966/3514/1406
f 1973/3515/1407 1982/3516/1407 1968/3484/1408 1965/3483/1408
f 1966/3514/1409 1967/3513/1409 1981/3517/1410 1974/3518/1410
f 1974/3518/1410 1981/3517/1410 1982/3516/1407 1973/3515/1407
f 1970/3509/1411 1971/3508/1411 1983/3519/1412 1978/3520/1412
f 1978/3520/1412 1983/3519/1412 1984/3511/1404 1977/3510/1404
f 1965/3505/1413 1970/3504/1413 1978/3521/1413 1973/3321/1413
f 1973/3321/1414 1978/3521/1414 1977/3507/1414 1974/3506/1414
f 1971/3501/1415 1968/3500/1415 1982/3522/1415 1983/3523/1415
f 1975/3524/1416 1980/1258/1416 1988/3525/1416 1985/3526/1416
f 1975/3527/1417 1976/3528/1417 1982/3522/1417 1981/3503/1417
f 1979/3529/1418 1980/2796/1418 1984/3502/1418 1983/3523/1418
f 1976/3528/1419 1979/3529/1419 1983/3523/1419 1982/3522/1419
f 1980/2796/1420 1975/3527/1420 1981/3503/1399 1984/3502/1398
f 1987/3530/1421 1986/3531/1421 1990/3532/1421 1991/3533/1421
f 1980/3534/1422 1979/3535/1422 1987/3536/1422 1988/3537/1422
f 1979/2878/1423 1976/2879/1423 1986/3531/1423 1987/3530/1423
f 1976/3538/1424 1975/3539/1424 1985/3540/1424 1986/3541/1424
f 1991/3542/1425 1990/3543/1425 1989/3544/1425 1992/988/1425
f 1986/3541/1426 1985/3540/1426 1989/3545/1426 1990/3534/1426
f 1985/3526/1427 1988/3525/1427 1992/988/1427 1989/3544/1427
f 1988/3537/1428 1987/3536/1428 1991/3546/1428 1992/3547/1428
o Cube.006
v 0.260635 0.434188 0.294669
v 0.412970 0.437838 0.528728
v 0.562248 0.532735 0.188179
v 0.631072 0.534384 0.293924
v 0.207824 0.095219 0.334327
v 0.360158 0.098870 0.568386
v 0.599614 0.083391 0.383535
v 0.479273 0.080736 0.199363
v 0.312917 0.068047 0.242024
v 0.487493 0.072230 0.510255
v 0.283422 0.090063 0.377184
v 0.351669 0.091699 0.482044
v 0.546301 0.082104 0.337920
v 0.494144 0.080854 0.257781
v 0.361368 0.070744 0.315856
v 0.356727 0.041137 0.319339
v 0.439579 0.072618 0.436025
v 0.434938 0.043012 0.439507
v 0.279174 0.441921 0.385460
v 0.337366 0.443316 0.474870
v 0.615641 0.556373 0.243765
v 0.601541 0.556035 0.222101
v 0.595645 0.083901 0.317638
v 0.532644 0.082392 0.220838
v 0.226363 0.102953 0.425118
v 0.284555 0.104348 0.514528
v 0.531842 0.081426 0.312869
v 0.511198 0.080931 0.281151
v 0.280842 0.096048 0.424905
v 0.306912 0.096673 0.464961
v 0.221026 0.179961 0.324413
v 0.234229 0.264704 0.314498
v 0.247432 0.349446 0.304583
v 0.399767 0.353096 0.538642
v 0.386564 0.268354 0.548557
v 0.373361 0.183612 0.558471
v 0.659385 0.412630 0.308704
v 0.655134 0.299358 0.325354
v 0.632401 0.190966 0.352784
v 0.561939 0.410295 0.158981
v 0.540031 0.294815 0.159760
v 0.513872 0.188126 0.170669
v 0.367910 0.318711 0.202323
v 0.349798 0.235105 0.215415
v 0.329344 0.152042 0.230023
v 0.542485 0.322894 0.470554
v 0.524373 0.239289 0.483646
v 0.503919 0.156225 0.498254
v 0.656564 0.428188 0.237339
v 0.654676 0.308552 0.246976
v 0.621432 0.159755 0.277632
v 0.625817 0.427451 0.190097
v 0.617948 0.307672 0.190544
v 0.578579 0.158728 0.211791
v 0.265972 0.357179 0.395374
v 0.252769 0.272437 0.405289
v 0.239566 0.187695 0.415204
v 0.324163 0.358574 0.484785
v 0.310961 0.273832 0.494699
v 0.297758 0.189090 0.504614
v 0.616806 0.479360 0.371074
v 0.486724 0.476243 0.171206
v 0.406836 0.075276 0.210682
v 0.554080 0.078804 0.436918
v 0.419832 0.043873 0.289089
v 0.426947 0.075780 0.285576
v 0.488110 0.045510 0.393997
v 0.493749 0.077380 0.388215
v 0.576893 0.477523 0.302220
v 0.533532 0.476484 0.235597
v 0.431620 0.173054 0.186163
v 0.461052 0.271502 0.173554
v 0.478251 0.372862 0.169552
v 0.585138 0.176733 0.422040
v 0.607181 0.275003 0.398079
v 0.616361 0.376171 0.381754
v 0.300511 0.422114 0.244577
v 0.475086 0.426298 0.512807
v 0.415120 0.088986 0.557097
v 0.240544 0.084803 0.288866
v 0.381653 0.055348 0.473994
v 0.386281 0.084958 0.470521
v 0.303443 0.053474 0.353826
v 0.308070 0.083084 0.350352
v 0.420524 0.424063 0.421048
v 0.362333 0.422668 0.331638
v 0.429934 0.173355 0.546139
v 0.446763 0.257257 0.533878
v 0.462420 0.341431 0.522375
v 0.255359 0.169172 0.277908
v 0.272187 0.253074 0.265647
v 0.287845 0.337248 0.254144
v 0.519629 0.415985 0.483978
v 0.580360 0.437473 0.423970
v 0.551908 0.418924 0.457023
v 0.424203 0.433732 0.184038
v 0.345054 0.411802 0.215747
v 0.382728 0.414870 0.197081
v 0.468698 0.412909 0.389868
v 0.534622 0.435285 0.339804
v 0.502498 0.416108 0.365826
v 0.482656 0.434039 0.259959
v 0.410506 0.411515 0.300458
v 0.446129 0.414757 0.279217
v 0.529895 0.142535 0.255644
v 0.561855 0.143300 0.304749
v 0.430565 0.012242 0.327871
v 0.457453 0.012886 0.369184
v 0.362643 0.011062 0.368155
v 0.393134 0.011792 0.415004
v 0.302573 0.026948 0.407339
v 0.332757 0.027671 0.453716
v 0.283291 0.089223 0.377283
v 0.294750 0.055936 0.363292
v 0.284791 0.067555 0.374579
v 0.369444 0.057726 0.478057
v 0.351538 0.090858 0.482142
v 0.354926 0.069236 0.482340
v 0.545100 0.076633 0.339003
v 0.525178 0.047293 0.357936
v 0.536658 0.056158 0.346900
v 0.467786 0.045917 0.269754
v 0.492745 0.075378 0.258561
v 0.482398 0.054858 0.263532
v 0.524789 0.045572 0.318372
v 0.503784 0.015007 0.334336
v 0.516203 0.024246 0.324947
v 0.481157 0.014464 0.299571
v 0.503823 0.045070 0.286158
v 0.494639 0.023729 0.291814
v 0.275781 0.063568 0.428705
v 0.287620 0.030717 0.419164
v 0.277394 0.042042 0.427303
v 0.315837 0.031393 0.462519
v 0.301852 0.064192 0.468761
v 0.304093 0.042682 0.468325
vn -0.7057 0.1898 0.6826
vn -0.5617 0.1819 0.8071
vn 0.8187 0.0463 0.5724
vn 0.9709 0.1040 0.2158
vn 0.9668 0.2398 0.0878
vn 0.8618 0.1224 0.4923
vn 0.6587 0.1183 -0.7431
vn 0.1925 0.0803 -0.9780
vn 0.3079 0.2240 -0.9247
vn 0.6764 0.2783 -0.6819
vn -0.6679 0.0181 -0.7440
vn -0.7764 0.0496 -0.6283
vn -0.7751 0.0458 -0.6301
vn -0.6692 0.0167 -0.7429
vn 0.1529 0.9815 -0.1148
vn 0.0413 0.9985 -0.0356
vn 0.0570 0.9975 -0.0411
vn -0.4142 -0.0147 -0.9101
vn -0.5061 0.0001 -0.8625
vn 0.6645 0.0112 0.7472
vn 0.7743 0.0255 0.6324
vn -0.1410 -0.9817 0.1278
vn -0.1413 -0.9817 0.1281
vn -0.1333 -0.9839 0.1188
vn -0.1350 -0.9834 0.1209
vn -0.1599 -0.9822 0.0987
vn -0.1603 -0.9821 0.0988
vn -0.0497 -0.9984 0.0273
vn -0.0646 -0.9972 0.0369
vn -0.1348 -0.9863 0.0945
vn -0.1317 -0.9867 0.0952
vn -0.1486 -0.9843 0.0954
vn -0.1512 -0.9838 0.0960
vn 0.0307 -0.9995 -0.0096
vn 0.0463 -0.9989 -0.0113
vn 0.0567 -0.9983 -0.0125
vn 0.4389 0.0367 0.8978
vn 0.5978 0.0089 0.8016
vn 0.6064 0.0082 0.7952
vn 0.4390 0.0367 0.8977
vn -0.4043 -0.0217 -0.9144
vn -0.4909 -0.0171 -0.8711
vn -0.4815 -0.0178 -0.8763
vn -0.3955 -0.0231 -0.9182
vn -0.4907 -0.7715 -0.4050
vn -0.3668 -0.9175 -0.1537
vn -0.5838 -0.8108 -0.0423
vn -0.7443 -0.3806 -0.5487
vn -0.0848 -0.7174 -0.6914
vn 0.0665 -0.9067 -0.4165
vn -0.1224 -0.9465 -0.2986
vn -0.2585 -0.7818 -0.5674
vn 0.4206 -0.8982 0.1276
vn 0.6080 -0.7008 0.3731
vn 0.4252 -0.7654 0.4830
vn 0.2369 -0.9379 0.2534
vn 0.0051 -0.9086 0.4176
vn 0.1826 -0.7554 0.6294
vn 0.2056 -0.3578 0.9109
vn -0.1862 -0.8013 0.5686
vn 0.0546 -0.9978 -0.0384
vn 0.0546 -0.9978 -0.0385
vn 0.0420 -0.9990 -0.0172
vn 0.0480 -0.9985 -0.0266
vn 0.0717 -0.9973 -0.0129
vn 0.0718 -0.9973 -0.0128
vn -0.0309 -0.9979 0.0562
vn -0.0456 -0.9968 0.0659
vn -0.6435 0.0108 -0.7654
vn -0.8866 -0.1529 -0.4366
vn -0.6434 0.0107 -0.7654
vn 0.6725 0.0041 0.7401
vn 0.6958 0.0041 0.7182
vn 0.6932 -0.0035 0.7208
vn 0.6796 0.0026 0.7336
vn 0.0343 -0.9994 -0.0051
vn -0.1293 -0.2800 -0.9513
vn -0.1263 -0.9866 0.1035
vn -0.1270 -0.9862 0.1066
vn 0.4095 0.0439 0.9113
vn 0.5835 0.0262 0.8117
vn 0.4079 0.0425 0.9120
vn 0.9426 0.1278 -0.3084
vn 0.8934 0.2835 -0.3485
vn -0.9679 0.1722 0.1830
vn -0.9126 0.1849 0.3648
vn 0.8212 -0.2572 0.5093
vn 0.9351 -0.2852 -0.2105
vn 0.5579 -0.2950 -0.7757
vn 0.6493 -0.1562 -0.7443
vn 0.9427 -0.1489 -0.2987
vn 0.9082 -0.2069 0.3639
vn 0.9485 -0.3152 -0.0319
vn 0.9456 -0.1773 0.2727
vn 0.9643 -0.0763 0.2536
vn 0.3871 0.0495 0.9207
vn 0.6253 -0.0302 0.7798
vn 0.6317 -0.0228 0.7749
vn 0.3925 0.0496 0.9184
vn 0.6365 0.0010 0.7713
vn 0.4032 0.0477 0.9139
vn -0.2656 -0.1497 -0.9524
vn -0.4592 -0.0562 -0.8866
vn -0.4523 -0.0487 -0.8905
vn -0.2543 -0.1131 -0.9605
vn -0.4473 -0.0250 -0.8940
vn -0.2394 -0.0384 -0.9702
vn -0.1919 0.0217 -0.9812
vn -0.6856 0.0238 -0.7276
vn -0.8001 0.0589 -0.5969
vn -0.7944 0.0594 -0.6045
vn -0.6814 0.0239 -0.7315
vn -0.7831 0.0567 -0.6193
vn -0.6728 0.0219 -0.7395
vn 0.3762 -0.3418 -0.8612
vn 0.0728 -0.2738 -0.9590
vn 0.1325 -0.2050 -0.9698
vn 0.1407 -0.0922 -0.9858
vn 0.7501 -0.0976 0.6541
vn 0.7639 -0.0656 0.6420
vn 0.7905 -0.0135 0.6123
vn -0.6478 0.6401 0.4131
vn -0.6491 0.6401 0.4110
vn -0.5752 0.7272 0.3746
vn -0.5858 0.7269 0.3583
vn -0.6315 0.6609 0.4056
vn -0.5682 0.7578 0.3207
vn 0.7071 -0.3747 -0.5997
vn 0.7256 -0.3008 -0.6189
vn 0.7794 -0.2461 -0.5762
vn 0.7877 -0.3119 -0.5313
vn -0.1028 0.0993 -0.9897
vn -0.6359 0.6608 0.3987
vn -0.5341 0.7586 0.3731
vn -0.2649 0.0006 -0.9643
vn 0.2482 0.0814 0.9653
vn 0.2593 0.0744 0.9629
vn 0.2300 0.0840 0.9696
vn 0.2209 0.0833 0.9717
vn -0.4264 0.8560 0.2923
vn -0.4521 0.8554 0.2528
vn -0.4449 0.8679 0.2209
vn -0.6052 0.0403 0.7950
vn -0.0194 0.0797 0.9966
vn -0.0056 0.1171 0.9931
vn -0.6111 0.1852 0.7696
vn 0.2615 0.0707 0.9626
vn 0.0350 0.9984 -0.0452
vn -0.3944 0.8692 0.2983
vn 0.7106 0.0293 0.7030
vn -0.3553 0.0038 -0.9348
vn -0.2137 0.9661 0.1449
vn -0.1768 0.9746 0.1373
vn 0.0465 0.9973 -0.0573
vn -0.2110 0.9738 0.0847
vn -0.2328 0.9656 0.1156
vn 0.2119 -0.9695 -0.1228
vn 0.8091 -0.3114 -0.4983
vn 0.7589 -0.4321 -0.4872
vn -0.2427 -0.9483 -0.2043
vn -0.3440 -0.8066 -0.4807
vn 0.0422 -0.1307 0.9905
vn 0.8399 -0.3715 -0.3956
vn 0.1020 -0.9401 0.3253
vn -0.9725 0.0315 0.2307
vn -0.9537 0.1770 0.2432
vn -0.3748 -0.0215 -0.9268
vn -0.3782 -0.0292 -0.9253
vn 0.3116 -0.7909 0.5267
vn 0.8640 -0.2974 -0.4063
vn 0.8459 -0.2445 -0.4740
vn 0.4387 -0.6809 -0.5865
vn 0.3925 -0.5356 -0.7478
vn -0.1360 -0.2559 0.9571
vn 0.8502 -0.5246 -0.0445
vn 0.7235 -0.6740 -0.1489
vn -0.9201 0.0581 -0.3873
vn -0.9264 -0.2749 -0.2574
vn -0.8334 -0.0979 0.5439
vn -0.5444 -0.7547 0.3661
vn -0.9118 0.0954 -0.3993
vn -0.3798 -0.0329 -0.9245
vn 0.6918 -0.0072 0.7220
vt 0.602149 0.123367
vt 0.638623 0.119693
vt 0.642161 0.153589
vt 0.605571 0.157309
vt 0.743909 0.135945
vt 0.774012 0.149125
vt 0.780830 0.195391
vt 0.747867 0.175725
vt 0.816966 0.154586
vt 0.841150 0.149792
vt 0.833422 0.196109
vt 0.811959 0.203483
vt 0.952084 0.118469
vt 0.978199 0.121417
vt 0.974144 0.155793
vt 0.948202 0.152733
vt 0.309514 0.450861
vt 0.344822 0.452163
vt 0.338143 0.472698
vt 0.309561 0.484247
vt 0.309460 0.431578
vt 0.344736 0.434252
vt 0.914203 0.114109
vt 0.926679 0.150092
vt 0.701782 0.113003
vt 0.722192 0.159115
vt 0.222186 0.227141
vt 0.192961 0.235150
vt 0.189832 0.223194
vt 0.215315 0.209592
vt 0.115566 0.227333
vt 0.145050 0.235276
vt 0.144924 0.257041
vt 0.115248 0.256543
vt 0.151217 0.198247
vt 0.161014 0.213675
vt 0.148114 0.223255
vt 0.122458 0.209655
vt 0.194374 0.322545
vt 0.176598 0.308158
vt 0.187368 0.305988
vt 0.207431 0.309797
vt 0.307799 0.014585
vt 0.286699 0.017978
vt 0.285105 0.008134
vt 0.306211 0.004741
vt 0.016000 0.155114
vt 0.009192 0.132989
vt 0.019140 0.132295
vt 0.026866 0.154946
vt 0.401966 0.310998
vt 0.421464 0.313642
vt 0.422736 0.318516
vt 0.404088 0.315062
vt 0.411875 0.241292
vt 0.424598 0.248507
vt 0.421909 0.266145
vt 0.404654 0.259381
vt 0.436477 0.248953
vt 0.449717 0.242732
vt 0.455720 0.260872
vt 0.438337 0.266546
vt 0.436315 0.313801
vt 0.455984 0.312278
vt 0.453642 0.316222
vt 0.434854 0.318834
vt 0.122864 0.288668
vt 0.148119 0.281542
vt 0.151743 0.306971
vt 0.127824 0.311537
vt 0.215164 0.287507
vt 0.190564 0.281031
vt 0.193292 0.256765
vt 0.222528 0.256046
vt 0.007680 0.111671
vt 0.007375 0.107357
vt 0.009809 0.101562
vt 0.017628 0.110971
vt 0.263605 0.016399
vt 0.246541 0.015241
vt 0.241378 0.012138
vt 0.261288 0.005782
vt 0.162467 0.308617
vt 0.145647 0.324557
vt 0.163885 0.330635
vt 0.159086 0.347861
vt 0.176929 0.213667
vt 0.186678 0.198247
vt 0.664336 0.117021
vt 0.689098 0.148486
vt 0.667812 0.150876
vt 0.238952 0.452115
vt 0.274265 0.450849
vt 0.274196 0.484247
vt 0.245611 0.472665
vt 0.798139 0.154342
vt 0.801992 0.203216
vt 0.523603 0.131137
vt 0.560201 0.127527
vt 0.563574 0.161505
vt 0.526964 0.165129
vt 0.550252 0.025615
vt 0.592256 0.021569
vt 0.595503 0.055528
vt 0.553543 0.059595
vt 0.598785 0.089451
vt 0.556857 0.093562
vt 0.513643 0.029169
vt 0.516947 0.063159
vt 0.520264 0.097147
vt 0.177362 0.329214
vt 0.182911 0.346963
vt 0.792656 0.058799
vt 0.823370 0.058738
vt 0.819222 0.115251
vt 0.796375 0.114847
vt 0.752223 0.025607
vt 0.778414 0.026276
vt 0.762887 0.069387
vt 0.769911 0.109801
vt 0.651301 0.016024
vt 0.685966 0.013036
vt 0.690191 0.046871
vt 0.655079 0.049893
vt 0.696313 0.080116
vt 0.659850 0.083489
vt 0.891128 0.020183
vt 0.930480 0.013036
vt 0.926202 0.047291
vt 0.883956 0.060448
vt 0.919939 0.080905
vt 0.875975 0.098766
vt 0.871480 0.136880
vt 0.965576 0.016076
vt 0.988300 0.018145
vt 0.985164 0.052580
vt 0.961763 0.050397
vt 0.981853 0.087002
vt 0.956854 0.084472
vt 0.838730 0.026092
vt 0.861926 0.025512
vt 0.853130 0.069902
vt 0.847729 0.109490
vt 0.724800 0.020086
vt 0.732070 0.059922
vt 0.739817 0.098054
vt 0.628861 0.018095
vt 0.632023 0.052038
vt 0.635255 0.085880
vt 0.287632 0.346041
vt 0.296211 0.346031
vt 0.305032 0.379860
vt 0.278803 0.379856
vt 0.270951 0.354923
vt 0.252465 0.380832
vt 0.424940 0.235919
vt 0.413787 0.226061
vt 0.413718 0.223915
vt 0.424578 0.223170
vt 0.867004 0.176913
vt 0.312897 0.354921
vt 0.331381 0.380851
vt 0.893122 0.160491
vt 0.307572 0.402965
vt 0.276260 0.402952
vt 0.244686 0.405098
vt 0.434923 0.328741
vt 0.453734 0.331001
vt 0.453869 0.331297
vt 0.437208 0.338942
vt 0.274332 0.431556
vt 0.339143 0.405138
vt 0.705575 0.150728
vt 0.909995 0.152189
vt 0.308876 0.417888
vt 0.343038 0.420383
vt 0.239059 0.434201
vt 0.240773 0.420335
vt 0.274935 0.417881
vt 0.438518 0.223570
vt 0.421482 0.197843
vt 0.443063 0.198463
vt 0.420533 0.292017
vt 0.401018 0.285845
vt 0.312069 0.013899
vt 0.317156 0.010206
vt 0.437209 0.236497
vt 0.438411 0.292597
vt 0.422055 0.328213
vt 0.419375 0.338942
vt 0.021021 0.171463
vt 0.025221 0.175782
vt 0.458084 0.287327
vt 0.449099 0.227410
vt 0.449354 0.225263
vt 0.425170 0.243264
vt 0.413590 0.234767
vt 0.434209 0.323002
vt 0.451922 0.323038
vt 0.448570 0.236177
vt 0.436390 0.243605
vt 0.403104 0.329799
vt 0.405407 0.321895
vt 0.423114 0.322860
vt 0.402947 0.330091
vt 0.318317 0.002794
vt 0.318362 0.003073
vt 0.016478 0.098761
vt 0.016761 0.098741
vt 0.034635 0.177753
vt 0.032750 0.177708
vt 0.237784 0.005247
vt 0.237310 0.003422
s 1
usemtl Material.001
f 2050/3548/1429 2026/3549/1430 1994/3550/1430 2012/3551/1429
f 2068/3552/1431 2029/3553/1432 1996/3554/1433 2053/3555/1434
f 2044/3556/1435 2032/3557/1436 1995/3558/1437 2014/3559/1438
f 2084/3560/1439 2025/3561/1440 1993/3562/1441 2069/3563/1442
f 2078/3564/1443 2069/3565/1443 1993/3566/1443 2011/3567/1443
f 2095/3568/1444 2089/3569/1445 2069/3565/1443 2078/3564/1443
f 2035/3570/1446 2084/3560/1439 2069/3563/1442 2089/3571/1447
f 2038/3572/1448 2068/3552/1431 2053/3555/1434 2086/3573/1449
f 2072/3574/1450 2076/3575/1451 2003/3576/1452 1997/3577/1453
f 2071/3578/1454 2074/3579/1455 2009/3580/1456 2002/3581/1457
f 2018/3582/1458 2022/3583/1459 2004/3584/1460 1998/3585/1461
f 2016/3586/1462 2020/3587/1462 2006/3588/1463 2000/3589/1464
f 2073/3590/1465 2010/3591/1466 2009/3592/1467 2074/3593/1468
f 2057/3594/1469 2008/3595/1470 2007/3596/1471 2058/3597/1472
f 2075/3598/1473 2103/3599/1474 2124/3600/1475 2106/3601/1476
f 2114/3602/1477 2120/3603/1478 2099/3604/1479 2057/3605/1480
f 2118/3606/1481 2112/3607/1482 2059/3608/1483 2100/3609/1484
f 2104/3610/1485 2073/3611/1486 2108/3612/1487 2126/3613/1488
f 2056/3614/1489 2060/3615/1490 2005/3616/1491 1999/3617/1492
f 2055/3618/1493 2058/3619/1494 2007/3620/1495 2001/3621/1496
f 2075/3622/1497 2106/3623/1476 2107/3624/1498 2076/3625/1499
f 2059/3626/1500 2112/3627/1501 2113/3628/1502 2060/3629/1503
f 2103/3599/1474 2104/3610/1485 2126/3613/1488 2124/3600/1475
f 1999/3617/1492 2005/3616/1491 2019/3630/1504 2015/3631/1504
f 2019/3630/1505 2098/3632/1505 2043/3633/1505 2015/3631/1505
f 1997/3577/1453 2003/3576/1452 2021/3634/1506 2017/3635/1507
f 2017/3635/1507 2021/3634/1506 2022/3583/1459 2018/3582/1458
f 2081/3636/1508 2038/3572/1448 2085/3637/1509 2070/3638/1510
f 2070/3639/1443 2077/3640/1443 2012/3641/1443 1994/3642/1443
f 2077/3640/1443 2078/3564/1443 2011/3567/1443 2012/3641/1443
f 2029/3553/1432 2041/3643/1511 2013/3644/1512 1996/3554/1433
f 2041/3643/1511 2044/3556/1435 2014/3559/1438 2013/3644/1512
f 2025/3645/1513 2047/3646/1514 2011/3647/1514 1993/3648/1513
f 2047/3646/1514 2050/3548/1429 2012/3551/1429 2011/3647/1514
f 2017/3649/1514 2018/3650/1429 2052/3651/1429 2049/3652/1514
f 2049/3652/1514 2052/3651/1429 2051/3653/1429 2048/3654/1514
f 2048/3654/1514 2051/3653/1429 2050/3548/1429 2047/3646/1514
f 1997/3655/1513 2017/3649/1514 2049/3652/1514 2023/3656/1513
f 2023/3656/1513 2049/3652/1514 2048/3654/1514 2024/3657/1513
f 2024/3657/1513 2048/3654/1514 2047/3646/1514 2025/3645/1513
f 2097/3658/1515 2020/3587/1515 2016/3586/1515 2046/3659/1515
f 2043/3660/1516 2046/3661/1517 2045/3662/1518 2042/3663/1519
f 2042/3663/1519 2045/3662/1518 2044/3556/1435 2041/3643/1511
f 1999/3664/1520 2015/3665/1521 2043/3660/1516 2031/3666/1522
f 2031/3666/1522 2043/3660/1516 2042/3663/1519 2030/3667/1523
f 2030/3667/1523 2042/3663/1519 2041/3643/1511 2029/3553/1432
f 2071/3668/1524 2002/3669/1525 2040/3670/1526 2079/3671/1527
f 2079/3671/1527 2040/3670/1526 2039/3672/1528 2080/3673/1529
f 2080/3673/1529 2039/3672/1528 2038/3572/1448 2081/3636/1508
f 2055/3674/1530 2001/3675/1531 2037/3676/1532 2063/3677/1533
f 2063/3677/1533 2037/3676/1532 2036/3678/1534 2064/3679/1535
f 2064/3679/1535 2036/3678/1534 2035/3570/1446 2065/3680/1536
f 2072/3681/1537 1997/3682/1538 2023/3683/1539 2082/3684/1540
f 2082/3684/1540 2023/3683/1539 2024/3685/1541 2083/3686/1542
f 2083/3686/1542 2024/3685/1541 2025/3561/1440 2084/3560/1439
f 2016/3687/1543 2000/3688/1544 2034/3689/1545 2046/3661/1517
f 2046/3661/1517 2034/3689/1545 2033/3690/1546 2045/3662/1518
f 2045/3662/1518 2033/3690/1546 2032/3557/1436 2044/3556/1435
f 2056/3691/1547 1999/3664/1520 2031/3666/1522 2066/3692/1548
f 2066/3692/1548 2031/3666/1522 2030/3667/1523 2067/3693/1549
f 2067/3693/1549 2030/3667/1523 2029/3553/1432 2068/3552/1431
f 2018/3650/1429 1998/3694/1430 2028/3695/1430 2052/3651/1429
f 2052/3651/1429 2028/3695/1430 2027/3696/1430 2051/3653/1429
f 2051/3653/1429 2027/3696/1430 2026/3549/1430 2050/3548/1429
f 2039/3672/1528 2067/3693/1549 2068/3552/1431 2038/3572/1448
f 2040/3670/1526 2066/3692/1548 2067/3693/1549 2039/3672/1528
f 2002/3669/1525 2056/3691/1547 2066/3692/1548 2040/3670/1526
f 2033/3690/1546 2064/3679/1535 2065/3680/1536 2032/3557/1436
f 2034/3689/1545 2063/3677/1533 2064/3679/1535 2033/3690/1546
f 2000/3688/1544 2055/3674/1530 2063/3677/1533 2034/3689/1545
f 2013/3697/1550 2014/3698/1551 2062/3699/1552 2061/3700/1553
f 1996/3701/1554 2013/3697/1550 2061/3700/1553 2053/3702/1555
f 2000/3589/1464 2006/3588/1463 2058/3619/1494 2055/3618/1493
f 2002/3581/1457 2009/3580/1456 2060/3615/1490 2056/3614/1489
f 2010/3591/1466 2059/3626/1500 2060/3629/1503 2009/3592/1467
f 2121/3703/1556 2115/3704/1557 2006/3705/1558 2020/3706/1559
f 2032/3557/1436 2065/3680/1536 2054/3707/1560 1995/3558/1437
f 2014/3698/1551 1995/3708/1561 2054/3709/1562 2062/3699/1552
f 2065/3680/1536 2035/3570/1446 2088/3710/1563 2054/3707/1560
f 2036/3678/1534 2083/3686/1542 2084/3560/1439 2035/3570/1446
f 2037/3676/1532 2082/3684/1540 2083/3686/1542 2036/3678/1534
f 2001/3675/1531 2072/3681/1537 2082/3684/1540 2037/3676/1532
f 2027/3696/1564 2080/3673/1529 2081/3636/1508 2026/3549/1565
f 2028/3695/1566 2079/3671/1527 2080/3673/1529 2027/3696/1564
f 1998/3694/1567 2071/3668/1524 2079/3671/1527 2028/3695/1566
f 2061/3700/1553 2062/3699/1552 2094/3711/1568 2092/3712/1569
f 2053/3702/1555 2061/3700/1553 2092/3712/1569 2086/3713/1570
f 2008/3595/1470 2075/3622/1497 2076/3625/1499 2007/3596/1471
f 2127/3714/1571 2109/3715/1572 2004/3716/1573 2022/3717/1574
f 1998/3585/1461 2004/3584/1460 2074/3579/1455 2071/3578/1454
f 2001/3621/1496 2007/3620/1495 2076/3575/1451 2072/3574/1450
f 2026/3549/1565 2081/3636/1508 2070/3638/1510 1994/3550/1575
f 2091/3718/1576 2095/3568/1444 2078/3564/1443 2077/3640/1443
f 2062/3699/1552 2054/3709/1562 2088/3719/1577 2094/3711/1568
f 2085/3637/1509 2038/3572/1448 2087/3720/1578
f 2087/3720/1578 2038/3572/1448 2086/3573/1449
f 2088/3710/1563 2035/3570/1446 2090/3721/1579
f 2090/3721/1579 2035/3570/1446 2089/3571/1447
f 2095/3568/1444 2096/3722/1580 2090/3723/1581 2089/3569/1445
f 2096/3722/1580 2094/3711/1568 2088/3719/1577 2090/3723/1581
f 2085/3724/1582 2087/3725/1583 2093/3726/1584 2091/3718/1576
f 2087/3725/1583 2086/3713/1570 2092/3712/1569 2093/3726/1584
f 2091/3718/1576 2093/3726/1584 2096/3722/1580 2095/3568/1444
f 2093/3726/1584 2092/3712/1569 2094/3711/1568 2096/3722/1580
f 2085/3724/1582 2091/3718/1576 2077/3640/1443 2070/3639/1443
f 2097/3658/1585 2046/3659/1585 2043/3633/1585 2098/3632/1585
f 2019/3727/1586 2020/3706/1559 2097/3728/1587 2098/3729/1587
f 2120/3603/1478 2118/3606/1481 2100/3609/1484 2099/3604/1479
f 2057/3605/1480 2099/3604/1479 2101/3730/1588 2008/3731/1589
f 2008/3731/1589 2101/3730/1588 2103/3599/1474 2075/3598/1473
f 2108/3732/1487 2073/3590/1465 2074/3593/1468 2110/3733/1590
f 2117/3734/1591 2121/3703/1556 2020/3706/1559 2019/3727/1586
f 2099/3604/1479 2100/3609/1484 2102/3735/1592 2101/3730/1588
f 2101/3730/1588 2102/3735/1592 2104/3610/1485 2103/3599/1474
f 2123/3736/1593 2127/3714/1571 2022/3717/1574 2021/3737/1594
f 2114/3738/1595 2057/3594/1469 2058/3597/1472 2116/3739/1596
f 2100/3609/1484 2059/3608/1483 2010/3740/1597 2102/3735/1592
f 2102/3735/1592 2010/3740/1597 2073/3611/1486 2104/3610/1485
f 2111/3741/1598 2117/3734/1591 2019/3727/1586 2005/3742/1599
f 2121/3703/1556 2122/3743/1600 2116/3744/1601 2115/3704/1557
f 2122/3743/1600 2120/3603/1478 2114/3602/1477 2116/3744/1601
f 2127/3714/1571 2128/3745/1602 2110/3746/1590 2109/3715/1572
f 2128/3745/1602 2126/3613/1488 2108/3612/1487 2110/3746/1590
f 2111/3741/1598 2113/3747/1603 2119/3748/1604 2117/3734/1591
f 2113/3747/1603 2112/3607/1482 2118/3606/1481 2119/3748/1604
f 2117/3734/1591 2119/3748/1604 2122/3743/1600 2121/3703/1556
f 2119/3748/1604 2118/3606/1481 2120/3603/1478 2122/3743/1600
f 2105/3749/1605 2107/3750/1498 2125/3751/1606 2123/3736/1593
f 2107/3750/1498 2106/3601/1476 2124/3600/1475 2125/3751/1606
f 2123/3736/1593 2125/3751/1607 2128/3745/1607 2127/3714/1571
f 2125/3751/1608 2124/3600/1475 2126/3613/1488 2128/3745/1608
f 2105/3749/1605 2123/3736/1593 2021/3737/1594 2003/3752/1609
f 2074/3593/1468 2004/3753/1573 2109/3754/1572 2110/3733/1590
f 2107/3624/1498 2105/3755/1605 2003/3756/1609 2076/3625/1499
f 2058/3597/1472 2006/3757/1610 2115/3758/1610 2116/3739/1596
f 2113/3628/1502 2111/3759/1611 2005/3760/1611 2060/3629/1503
o Cube.007
v 0.303043 0.035227 0.353876
v 0.370417 0.035103 0.464548
v 0.564623 0.066262 0.329918
v 0.511915 0.066359 0.243337
v 0.384070 0.035034 0.293516
v 0.461280 0.034892 0.420346
v 0.299324 0.035246 0.403000
v 0.325061 0.035199 0.445277
v 0.446769 0.050699 0.266418
v 0.514175 0.050575 0.377141
v 0.406039 0.035022 0.453949
v 0.328829 0.035163 0.327120
v 0.191324 0.028234 0.300949
v 0.366065 0.028032 0.588120
v 0.665380 0.075189 0.369523
v 0.523056 0.075354 0.135627
v 0.319059 0.027918 0.194499
v 0.519311 0.027687 0.523596
v 0.205208 0.028266 0.414092
v 0.271959 0.028188 0.523791
v 0.426256 0.053527 0.157922
v 0.601078 0.053325 0.445227
v 0.429011 0.027899 0.578543
v 0.228758 0.028131 0.249446
v 0.191168 -0.048880 0.300990
v 0.365909 -0.049082 0.588161
v 0.676239 -0.049834 0.356499
v 0.539536 -0.049676 0.131839
v 0.318902 -0.049196 0.194539
v 0.519155 -0.049427 0.523637
v 0.636954 -0.049791 0.287702
v 0.582583 -0.049728 0.198348
v 0.205052 -0.048849 0.414133
v 0.271803 -0.048926 0.523832
v 0.426047 -0.049432 0.157976
v 0.600869 -0.049634 0.445281
v 0.428854 -0.049215 0.578584
v 0.228602 -0.048983 0.249487
v 0.600985 0.007555 0.445251
v 0.699843 0.050569 0.326749
v 0.366024 0.008107 0.588131
v 0.428970 0.007974 0.578554
v 0.271919 0.008263 0.523802
v 0.319018 0.007993 0.194509
v 0.228718 0.008205 0.249456
v 0.519271 0.007762 0.523607
v 0.191284 0.008309 0.300960
v 0.205168 0.008340 0.414103
v 0.426163 0.007757 0.157946
v 0.576869 0.050711 0.124651
v 0.653411 -0.049887 0.169290
v 0.619805 -0.049846 0.118298
v 0.725155 -0.049968 0.291432
v 0.695312 -0.049936 0.238151
v 0.714834 0.007246 0.297753
v 0.695428 0.007253 0.238121
v 0.609484 0.007367 0.124619
v 0.627490 0.163085 0.271326
v 0.592910 0.163125 0.214497
v 0.660214 0.131496 0.257075
v 0.620587 0.131542 0.191951
v 0.629368 0.147474 0.274473
v 0.650808 0.078812 0.327144
v 0.594815 0.073883 0.301012
v 0.615879 0.082214 0.252558
v 0.638901 0.100322 0.295351
v 0.554000 0.078924 0.168049
v 0.590969 0.147519 0.211367
v 0.604193 0.082227 0.233352
v 0.551473 0.073933 0.229783
v 0.576778 0.100393 0.193258
v 0.702334 0.049642 0.295725
v 0.676349 0.048692 0.215739
v 0.710284 0.018240 0.285294
v 0.688074 0.073213 0.265802
v 0.605566 0.049754 0.136696
v 0.618465 0.018346 0.134397
v 0.653524 0.007314 0.169258
v 0.664662 0.048706 0.196533
v 0.625604 0.073285 0.163137
v 0.470808 -0.049474 0.250065
v 0.539652 -0.049554 0.363205
v 0.358387 -0.049216 0.308083
v 0.436459 -0.049306 0.436387
v 0.256300 -0.048975 0.371089
v 0.333584 -0.049065 0.498099
v 0.303043 -0.000152 0.353876
v 0.370417 -0.000275 0.464548
v 0.564623 0.030884 0.329918
v 0.511915 0.030981 0.243337
v 0.384070 -0.000345 0.293516
v 0.461280 -0.000486 0.420346
v 0.299324 -0.000132 0.403000
v 0.325061 -0.000179 0.445277
v 0.446769 0.015320 0.266418
v 0.514175 0.015197 0.377141
v 0.406039 -0.000356 0.453949
v 0.328829 -0.000215 0.327120
vn -0.0687 0.9973 0.0245
vn -0.0686 0.9974 0.0202
vn -0.0487 0.9974 0.0526
vn -0.0525 0.9973 0.0507
vn -0.3977 0.2994 -0.8673
vn -0.4443 0.2290 -0.8661
vn -0.3325 0.3880 -0.8596
vn -0.8543 0.0020 0.5198
vn -0.0105 0.9983 0.0580
vn -0.0064 0.9983 0.0577
vn 0.0223 0.9983 0.0538
vn 0.0248 0.9983 0.0531
vn -0.0524 0.9936 0.0996
vn -0.0683 0.9917 0.1086
vn -0.1541 0.9754 0.1576
vn -0.1536 0.9755 0.1575
vn -0.1460 0.9788 0.1436
vn -0.1495 0.9801 0.1306
vn 0.1490 0.8230 -0.5481
vn 0.1244 0.8115 -0.5709
vn 0.2741 0.8659 -0.4185
vn -0.1839 0.9802 0.0737
vn -0.1938 0.9789 0.0644
vn -0.2100 0.9756 0.0646
vn -0.2103 0.9755 0.0650
vn -0.1274 0.9918 0.0114
vn -0.1121 0.9937 0.0014
vn -0.0372 0.9983 -0.0438
vn -0.0354 0.9983 -0.0458
vn -0.0561 0.9983 -0.0163
vn -0.0539 0.9983 -0.0198
vn 0.7302 -0.0015 0.6832
vn 0.7295 0.0028 0.6840
vn 0.7910 0.0091 0.6118
vn 0.7915 0.0036 0.6112
vn 0.1504 0.0002 0.9886
vn 0.3418 -0.0002 0.9398
vn -0.7256 0.0018 0.6881
vn -0.5643 0.0016 0.8255
vn -0.4239 0.0004 -0.9057
vn -0.6776 0.0010 -0.7355
vn -0.0020 -1.0000 0.0005
vn 0.6096 -0.0008 0.7927
vn -0.9926 0.0021 0.1218
vn -0.9446 0.0021 0.3282
vn -0.2712 -0.0003 -0.9625
vn -0.2722 0.0040 -0.9622
vn -0.8089 0.0013 -0.5879
vn -0.1791 0.0047 -0.9838
vn -0.1798 0.0102 -0.9836
vn 0.6421 0.1649 -0.7487
vn 0.4228 0.2843 -0.8605
vn 0.5656 0.2772 -0.7767
vn 0.6228 0.1948 -0.7578
vn 0.6153 -0.0008 0.7883
vn 0.7365 -0.0085 0.6764
vn -0.2159 -0.0129 -0.9763
vn -0.2623 -0.0073 -0.9650
vn -0.4173 0.0004 -0.9088
vn 0.9601 0.1645 -0.2261
vn 0.8947 0.1325 -0.4266
vn 0.9593 0.1944 -0.2047
vn 0.6109 0.3869 0.6907
vn 0.5652 0.2278 0.7929
vn 0.5877 0.2982 0.7521
vn 0.7679 -0.0140 0.6404
vn 0.9117 0.1032 -0.3976
vn 0.8862 0.0508 -0.4604
vn 0.8162 0.0509 -0.5755
vn 0.7901 0.1326 -0.5985
vn 0.7722 0.1034 -0.6269
vn -0.1140 0.0141 -0.9934
vn 0.7005 0.5447 -0.4611
vn 0.7318 0.5447 -0.4097
vn 0.8509 0.2660 -0.4530
vn 0.7936 0.2661 -0.5472
vn 0.8299 0.0130 0.5578
vn 0.5693 0.7458 -0.3459
vn -0.1500 0.9827 0.1083
vn -0.1642 0.9828 0.0845
vn 0.9587 0.2836 0.0203
vn 0.9499 0.2767 -0.1451
vn -0.1390 0.9824 0.1245
vn -0.8398 0.4834 0.2472
vn -0.7023 0.7113 0.0288
vn 0.8950 0.2907 -0.3385
vn 0.7121 0.2909 -0.6390
vn 0.6272 0.5746 0.5258
vn 0.6203 0.6546 0.4321
vn 0.5558 0.8225 0.1204
vn 0.5647 0.8110 0.1527
vn -0.1783 0.5755 -0.7981
vn -0.0983 0.6554 -0.7488
vn 0.4982 0.8656 -0.0502
vn -0.3478 0.7109 0.6112
vn -0.6052 0.4832 0.6327
vn -0.1612 0.9820 0.0988
vn -0.4056 -0.0000 -0.9140
vn -0.4060 -0.0000 -0.9139
vn -0.2852 -0.0000 -0.9585
vn 0.3910 -0.0000 -0.9204
vn 0.6252 -0.0000 0.7805
vn 0.6249 -0.0000 0.7807
vn 0.4640 -0.0000 0.8858
vn 0.4552 -0.0000 0.8904
vn -0.8542 -0.0000 0.5200
vn -0.5813 -0.0000 -0.8137
vn -0.5732 -0.0000 -0.8194
vn 0.9971 -0.0000 0.0755
vn 0.3700 -0.0000 0.9290
vn 0.3611 -0.0000 0.9325
vn 0.8542 -0.0000 -0.5200
vn 0.7201 -0.0000 0.6939
vn 0.3340 -0.0000 0.9426
vn -0.6620 -0.0000 -0.7495
vn -0.6547 -0.0000 -0.7559
vn -0.6834 -0.0000 -0.7301
vn -0.1733 0.9826 0.0671
vt 0.283946 0.765129
vt 0.271711 0.736827
vt 0.312433 0.737190
vt 0.299938 0.765414
vt 0.274658 0.900584
vt 0.278682 0.897527
vt 0.277532 0.911732
vt 0.300835 0.893371
vt 0.299599 0.898243
vt 0.277779 0.892590
vt 0.313244 0.774875
vt 0.346778 0.751226
vt 0.355604 0.769206
vt 0.318105 0.786251
vt 0.357084 0.805081
vt 0.319201 0.806424
vt 0.315769 0.828006
vt 0.346431 0.842855
vt 0.332370 0.871551
vt 0.305964 0.848839
vt 0.250088 0.915951
vt 0.257447 0.936049
vt 0.247767 0.933827
vt 0.236026 0.918666
vt 0.274035 0.847496
vt 0.247145 0.870792
vt 0.234255 0.841651
vt 0.265278 0.827764
vt 0.262879 0.805851
vt 0.224734 0.803377
vt 0.227512 0.767225
vt 0.264804 0.785284
vt 0.270261 0.773825
vt 0.236847 0.749265
vt 0.975732 0.503415
vt 0.985448 0.503691
vt 0.984887 0.523474
vt 0.967638 0.529410
vt 0.977095 0.455411
vt 0.986810 0.455687
vt 0.986503 0.466503
vt 0.976788 0.466227
vt 0.977645 0.436047
vt 0.987360 0.436322
vt 0.979631 0.366097
vt 0.989346 0.366372
vt 0.988836 0.384329
vt 0.979121 0.384053
vt 0.985168 0.852748
vt 0.982073 0.871451
vt 0.968299 0.874991
vt 0.967261 0.857193
vt 0.949961 0.879006
vt 0.943467 0.862402
vt 0.985993 0.484459
vt 0.976278 0.484183
vt 0.978814 0.394869
vt 0.988529 0.395145
vt 0.987979 0.414509
vt 0.978264 0.414233
vt 0.980177 0.346864
vt 0.989892 0.347140
vt 0.973570 0.320452
vt 0.990455 0.327357
vt 0.254311 0.949765
vt 0.258870 0.946741
vt 0.972894 0.484087
vt 0.967957 0.503194
vt 0.969136 0.329671
vt 0.972401 0.346644
vt 0.975736 0.383957
vt 0.975429 0.394773
vt 0.974879 0.414137
vt 0.974260 0.435951
vt 0.976246 0.366000
vt 0.973403 0.466131
vt 0.318954 0.953089
vt 0.299219 0.953052
vt 0.314735 0.949614
vt 0.299556 0.912983
vt 0.303491 0.901782
vt 0.973710 0.455315
vt 0.963734 0.519954
vt 0.317910 0.971667
vt 0.298500 0.971047
vt 0.272875 0.969780
vt 0.273971 0.951742
vt 0.253443 0.968413
vt 0.981102 0.315138
vt 0.990909 0.313531
vt 0.290768 0.939697
vt 0.283769 0.939376
vt 0.935968 0.881545
vt 0.925341 0.865846
vt 0.984556 0.537304
vt 0.974856 0.535143
vt 0.303182 0.861879
vt 0.276777 0.861327
vt 0.327121 0.937904
vt 0.317245 0.939120
vt 0.319277 0.873509
vt 0.293255 0.874336
vt 0.307663 0.878040
vt 0.260415 0.872864
vt 0.272070 0.877309
vt 0.306665 0.931353
vt 0.268740 0.929404
vt 0.315822 0.913164
vt 0.326663 0.919833
vt 0.261531 0.910465
vt 0.340407 0.924003
vt 0.964334 0.828661
vt 0.988003 0.825775
vt 0.286829 0.874040
vt 0.960067 0.799510
vt 0.988063 0.799411
vt 0.953920 0.772258
vt 0.982798 0.775364
vt 0.948321 0.757712
vt 0.974289 0.763220
vt 0.934205 0.835257
vt 0.925900 0.806991
vt 0.920098 0.779662
vt 0.919108 0.764108
vt 0.911495 0.842525
vt 0.900425 0.818597
vt 0.895160 0.794550
vt 0.897816 0.779963
vt 0.308173 0.788841
vt 0.305241 0.781064
vt 0.297151 0.774744
vt 0.274617 0.788632
vt 0.273578 0.804744
vt 0.278943 0.839338
vt 0.300668 0.838261
vt 0.308722 0.804948
vt 0.286554 0.774052
vt 0.277931 0.780376
vt 0.274607 0.823193
vt 0.306771 0.822969
s 1
usemtl Material.001
f 2135/3761/1612 2147/3762/1613 2148/3763/1614 2136/3764/1615
f 2196/3765/1616 2187/3766/1617 2189/3767/1618
f 2190/3768/1619 2186/3769/1619 2187/3766/1619 2196/3770/1619
f 2130/3771/1620 2142/3772/1621 2151/3773/1622 2139/3774/1623
f 2139/3774/1623 2151/3773/1622 2146/3775/1624 2134/3776/1625
f 2138/3777/1626 2150/3778/1627 2143/3779/1628 2131/3780/1629
f 2195/3781/1630 2204/3782/1631 2178/3783/1632 2144/3784/1632
f 2132/3785/1633 2144/3786/1634 2149/3787/1635 2137/3788/1636
f 2133/3789/1637 2145/3790/1638 2152/3791/1639 2140/3792/1640
f 2137/3788/1636 2149/3787/1635 2145/3790/1638 2133/3789/1637
f 2136/3764/1615 2148/3763/1614 2142/3772/1621 2130/3771/1620
f 2134/3776/1625 2146/3775/1624 2150/3778/1627 2138/3777/1626
f 2129/3793/1641 2141/3794/1642 2147/3762/1613 2135/3761/1612
f 2140/3792/1640 2152/3791/1639 2141/3794/1642 2129/3793/1641
f 2167/3795/1643 2164/3796/1644 2155/3797/1645 2168/3798/1646
f 2169/3799/1647 2154/3800/1647 2165/3801/1648 2170/3802/1648
f 2171/3803/1649 2162/3804/1649 2154/3800/1650 2169/3799/1650
f 2172/3805/1651 2157/3806/1651 2166/3807/1652 2173/3808/1652
f 2156/3809/1653 2180/3810/1653 2179/3811/1653 2160/3812/1653
f 2160/3812/1653 2179/3811/1653 2182/3813/1653 2159/3814/1653
f 2170/3802/1648 2165/3801/1648 2158/3815/1654 2174/3816/1654
f 2175/3817/1655 2153/3818/1655 2161/3819/1656 2176/3820/1656
f 2177/3821/1657 2163/3822/1658 2157/3806/1651 2172/3805/1651
f 2176/3820/1656 2161/3819/1656 2162/3804/1649 2171/3803/1649
f 2173/3808/1652 2166/3807/1652 2153/3818/1659 2175/3817/1659
f 2178/3823/1660 2156/3824/1661 2163/3822/1658 2177/3821/1657
f 2185/3825/1662 2178/3783/1663 2204/3782/1664 2205/3826/1665
f 2174/3816/1654 2158/3815/1654 2164/3796/1644 2167/3795/1643
f 2146/3827/1666 2174/3816/1654 2167/3795/1643 2150/3828/1667
f 2144/3829/1668 2178/3823/1660 2177/3821/1657 2149/3830/1669
f 2152/3831/1652 2173/3808/1652 2175/3817/1659 2141/3832/1659
f 2147/3833/1656 2176/3820/1656 2171/3803/1649 2148/3834/1649
f 2149/3830/1669 2177/3821/1657 2172/3805/1651 2145/3835/1670
f 2141/3832/1655 2175/3817/1655 2176/3820/1656 2147/3833/1656
f 2151/3836/1648 2170/3802/1648 2174/3816/1654 2146/3827/1666
f 2183/3837/1671 2184/3838/1672 2202/3839/1673
f 2188/3840/1674 2186/3769/1675 2190/3841/1676
f 2145/3835/1670 2172/3805/1651 2173/3808/1652 2152/3831/1652
f 2148/3834/1649 2171/3803/1649 2169/3799/1650 2142/3842/1650
f 2142/3842/1647 2169/3799/1647 2170/3802/1648 2151/3836/1648
f 2150/3828/1667 2167/3795/1643 2168/3798/1646 2143/3843/1677
f 2183/3837/1671 2181/3844/1678 2182/3845/1679 2184/3838/1672
f 2184/3838/1672 2182/3845/1679 2179/3846/1680 2206/3847/1681
f 2206/3847/1681 2179/3846/1680 2180/3848/1682 2185/3825/1662
f 2178/3823/1660 2185/3849/1683 2180/3850/1683 2156/3824/1661
f 2189/3767/1684 2188/3840/1685 2201/3851/1686 2207/3852/1687
f 2159/3814/1653 2182/3813/1653 2181/3853/1653 2155/3854/1653
f 2155/3797/1645 2181/3855/1688 2183/3856/1688 2168/3798/1646
f 2186/3769/1689 2188/3840/1685 2189/3767/1684 2187/3766/1689
f 2131/3780/1629 2192/3857/1690 2198/3858/1691 2132/3785/1633
f 2168/3859/1692 2183/3837/1671 2202/3839/1673 2200/3860/1693
f 2131/3780/1629 2143/3779/1628 2191/3861/1694 2192/3857/1690
f 2184/3838/1672 2206/3847/1681 2207/3852/1687 2201/3851/1686
f 2206/3847/1681 2185/3825/1662 2205/3826/1665
f 2190/3768/1695 2193/3862/1695 2192/3857/1695 2194/3863/1695
f 2195/3864/1696 2198/3858/1696 2199/3865/1696
f 2200/3860/1693 2202/3839/1673 2184/3838/1672 2203/3866/1697
f 2189/3767/1684 2207/3852/1687 2206/3847/1681 2208/3867/1698
f 2190/3841/1676 2194/3868/1699 2203/3866/1700 2188/3840/1674
f 2194/3868/1699 2191/3869/1701 2200/3860/1702 2203/3866/1700
f 2195/3781/1630 2199/3870/1703 2208/3867/1704 2204/3782/1631
f 2199/3870/1703 2196/3765/1616 2189/3767/1618 2208/3867/1704
f 2143/3871/1705 2168/3859/1705 2200/3860/1702 2191/3869/1701
f 2156/3809/1653 2160/3812/1653 2209/3872/1653 2163/3873/1653
f 2192/3857/1706 2191/3861/1706 2194/3863/1706
f 2198/3858/1707 2197/3874/1707 2196/3770/1707 2199/3865/1707
f 2192/3857/1690 2193/3862/1708 2197/3874/1708 2198/3858/1691
f 2184/3838/1672 2201/3851/1686 2188/3840/1685 2203/3866/1697
f 2206/3847/1681 2205/3826/1665 2204/3782/1664 2208/3867/1698
f 2163/3873/1653 2209/3872/1653 2211/3875/1653 2157/3876/1653
f 2157/3876/1653 2211/3875/1653 2213/3877/1653 2166/3878/1653
f 2166/3878/1653 2213/3877/1653 2161/3879/1653 2153/3880/1653
f 2160/3812/1653 2159/3814/1653 2210/3881/1653 2209/3872/1653
f 2209/3872/1653 2210/3881/1653 2212/3882/1653 2211/3875/1653
f 2211/3875/1653 2212/3882/1653 2214/3883/1653 2213/3877/1653
f 2213/3877/1653 2214/3883/1653 2162/3884/1653 2161/3879/1653
f 2159/3814/1653 2155/3854/1653 2164/3885/1653 2210/3881/1653
f 2210/3881/1653 2164/3885/1653 2158/3886/1653 2212/3882/1653
f 2212/3882/1653 2158/3886/1653 2165/3887/1653 2214/3883/1653
f 2214/3883/1653 2165/3887/1653 2154/3888/1653 2162/3884/1653
f 2139/3774/1709 2225/3889/1710 2216/3890/1711 2130/3771/1711
f 2130/3771/1712 2216/3890/1712 2222/3891/1712 2136/3764/1712
f 2140/3792/1713 2226/3892/1714 2219/3893/1715 2133/3789/1716
f 2132/3785/1717 2218/3894/1717 2217/3895/1717 2131/3780/1717
f 2134/3776/1718 2220/3896/1719 2225/3889/1710 2139/3774/1709
f 2135/3761/1720 2221/3897/1720 2215/3898/1720 2129/3793/1720
f 2133/3789/1716 2219/3893/1715 2223/3899/1721 2137/3788/1722
f 2136/3764/1723 2222/3891/1723 2221/3897/1723 2135/3761/1723
f 2129/3793/1724 2215/3898/1724 2226/3892/1714 2140/3792/1713
f 2137/3788/1722 2223/3899/1721 2218/3894/1725 2132/3785/1725
f 2138/3777/1726 2224/3900/1727 2220/3896/1719 2134/3776/1718
f 2131/3780/1728 2217/3895/1728 2224/3900/1727 2138/3777/1726
f 2196/3770/1619 2197/3874/1619 2193/3862/1619 2190/3768/1619
f 2198/3858/1691 2195/3864/1729 2144/3786/1634 2132/3785/1633
o Cylinder
v 0.943333 1.002723 0.313183
v 0.998896 1.106735 0.289896
v 0.937887 0.996838 0.273908
v 0.993450 1.100851 0.250621
v 0.946298 0.984050 0.236860
v 1.001861 1.088063 0.213573
v 0.967286 0.966306 0.207679
v 1.022849 1.070318 0.184392
v 0.997654 0.946306 0.190809
v 1.053217 1.050319 0.167522
v 1.032780 0.927096 0.188817
v 1.088343 1.031109 0.165530
v 1.067316 0.911600 0.202006
v 1.122879 1.015613 0.178719
v 1.096005 0.902177 0.228370
v 1.151568 1.006190 0.205083
v 1.114478 0.900262 0.263893
v 1.170041 1.004275 0.240606
v 1.119923 0.906147 0.303169
v 1.175486 1.010159 0.279881
v 1.111512 0.918934 0.340217
v 1.167075 1.022947 0.316930
v 1.090525 0.936679 0.369397
v 1.146088 1.040691 0.346110
v 1.060156 0.956679 0.386268
v 1.115720 1.060691 0.362981
v 1.025030 0.975889 0.388260
v 1.080593 1.079901 0.364973
v 0.990494 0.991385 0.375070
v 1.046057 1.095397 0.351783
v 0.961806 1.000808 0.348707
v 1.017369 1.104820 0.325420
v 1.060363 1.052629 0.194890
v 1.037050 1.074194 0.235587
v 1.021952 1.092521 0.281422
v 1.105256 1.033915 0.218420
v 1.084468 1.055505 0.265251
v 1.063681 1.077095 0.312082
v 1.146984 1.018489 0.249080
v 1.131887 1.036816 0.294916
v 1.108573 1.058381 0.335612
v 0.966389 0.988509 0.304709
v 0.981487 0.970182 0.258874
v 1.004800 0.948616 0.218178
v 1.008117 0.973082 0.335369
v 1.028905 0.951492 0.288538
v 1.049693 0.929903 0.241708
v 1.053010 0.954368 0.358899
v 1.076324 0.932803 0.318203
v 1.091421 0.914476 0.272367
vn -0.8329 0.4987 0.2399
vn -0.8859 0.4414 -0.1424
vn -0.8041 0.3169 -0.5030
vn -0.5998 0.1442 -0.7871
vn -0.3042 -0.0505 -0.9513
vn 0.0377 -0.2375 -0.9707
vn 0.3739 -0.3883 -0.8423
vn 0.6531 -0.4800 -0.5857
vn 0.8329 -0.4987 -0.2399
vn 0.8859 -0.4414 0.1424
vn 0.8041 -0.3169 0.5030
vn 0.5998 -0.1442 0.7871
vn 0.3042 0.0505 0.9513
vn -0.0377 0.2375 0.9707
vn -0.3739 0.3883 0.8423
vn -0.6531 0.4800 0.5857
vn 0.4623 0.8653 -0.1937
vn -0.4623 -0.8653 0.1937
vt 0.315282 0.524882
vt 0.341934 0.524882
vt 0.341934 0.533770
vt 0.315282 0.533770
vt 0.341934 0.542658
vt 0.315282 0.542658
vt 0.341934 0.551546
vt 0.315282 0.551546
vt 0.341934 0.560434
vt 0.315282 0.560434
vt 0.341934 0.569322
vt 0.315282 0.569322
vt 0.341934 0.578210
vt 0.315282 0.578210
vt 0.341934 0.587098
vt 0.315282 0.587098
vt 0.341934 0.595986
vt 0.315282 0.595986
vt 0.341934 0.604874
vt 0.315282 0.604874
vt 0.341934 0.613762
vt 0.315282 0.613762
vt 0.341934 0.622650
vt 0.315282 0.622650
vt 0.341934 0.631538
vt 0.315282 0.631538
vt 0.315282 0.489329
vt 0.341934 0.489329
vt 0.341934 0.498217
vt 0.315282 0.498217
vt 0.341934 0.507105
vt 0.315282 0.507105
vt 0.341934 0.515993
vt 0.315282 0.515993
vt 0.741265 0.298624
vt 0.748049 0.285652
vt 0.763635 0.283677
vt 0.753936 0.293375
vt 0.753065 0.267859
vt 0.768884 0.271005
vt 0.755241 0.249500
vt 0.768884 0.257289
vt 0.753936 0.234919
vt 0.763635 0.244617
vt 0.727549 0.298624
vt 0.730470 0.283938
vt 0.734407 0.264147
vt 0.738343 0.244357
vt 0.741265 0.229670
vt 0.714877 0.293375
vt 0.713573 0.278794
vt 0.715748 0.260436
vt 0.720764 0.242642
vt 0.727549 0.229670
vt 0.705179 0.283677
vt 0.699930 0.271005
vt 0.699930 0.257289
vt 0.705179 0.244617
vt 0.714877 0.234919
vt 0.927317 0.164424
vt 0.921240 0.176043
vt 0.907281 0.177812
vt 0.915967 0.169125
vt 0.916747 0.191980
vt 0.902580 0.189161
vt 0.914799 0.208423
vt 0.902580 0.201446
vt 0.915967 0.221482
vt 0.907281 0.212796
vt 0.939601 0.164424
vt 0.936985 0.177578
vt 0.933459 0.195304
vt 0.929933 0.213029
vt 0.927317 0.226183
vt 0.950951 0.169125
vt 0.952119 0.182185
vt 0.950171 0.198628
vt 0.945678 0.214565
vt 0.939601 0.226183
vt 0.959637 0.177812
vt 0.964338 0.189161
vt 0.964338 0.201446
vt 0.959637 0.212796
vt 0.950951 0.221482
s 1
usemtl Material.001
f 2227/3901/1730 2228/3902/1730 2230/3903/1731 2229/3904/1731
f 2229/3904/1731 2230/3903/1731 2232/3905/1732 2231/3906/1732
f 2231/3906/1732 2232/3905/1732 2234/3907/1733 2233/3908/1733
f 2233/3908/1733 2234/3907/1733 2236/3909/1734 2235/3910/1734
f 2235/3910/1734 2236/3909/1734 2238/3911/1735 2237/3912/1735
f 2237/3912/1735 2238/3911/1735 2240/3913/1736 2239/3914/1736
f 2239/3914/1736 2240/3913/1736 2242/3915/1737 2241/3916/1737
f 2241/3916/1737 2242/3915/1737 2244/3917/1738 2243/3918/1738
f 2243/3918/1738 2244/3917/1738 2246/3919/1739 2245/3920/1739
f 2245/3920/1739 2246/3919/1739 2248/3921/1740 2247/3922/1740
f 2247/3922/1740 2248/3921/1740 2250/3923/1741 2249/3924/1741
f 2249/3924/1741 2250/3923/1741 2252/3925/1742 2251/3926/1742
f 2251/3927/1742 2252/3928/1742 2254/3929/1743 2253/3930/1743
f 2253/3930/1743 2254/3929/1743 2256/3931/1744 2255/3932/1744
f 2255/3932/1744 2256/3931/1744 2258/3933/1745 2257/3934/1745
f 2257/3934/1745 2258/3933/1745 2228/3902/1730 2227/3901/1730
f 2234/3935/1746 2259/3936/1746 2238/3937/1746 2236/3938/1746
f 2259/3936/1746 2262/3939/1746 2240/3940/1746 2238/3937/1746
f 2262/3939/1746 2265/3941/1746 2242/3942/1746 2240/3940/1746
f 2265/3941/1746 2246/3943/1746 2244/3944/1746 2242/3942/1746
f 2232/3945/1746 2260/3946/1746 2259/3936/1746 2234/3935/1746
f 2260/3946/1746 2263/3947/1746 2262/3939/1746 2259/3936/1746
f 2263/3947/1746 2266/3948/1746 2265/3941/1746 2262/3939/1746
f 2266/3948/1746 2248/3949/1746 2246/3943/1746 2265/3941/1746
f 2230/3950/1746 2261/3951/1746 2260/3946/1746 2232/3945/1746
f 2261/3951/1746 2264/3952/1746 2263/3947/1746 2260/3946/1746
f 2264/3952/1746 2267/3953/1746 2266/3948/1746 2263/3947/1746
f 2267/3953/1746 2250/3954/1746 2248/3949/1746 2266/3948/1746
f 2228/3955/1746 2258/3956/1746 2261/3951/1746 2230/3950/1746
f 2258/3956/1746 2256/3957/1746 2264/3952/1746 2261/3951/1746
f 2256/3957/1746 2254/3958/1746 2267/3953/1746 2264/3952/1746
f 2254/3958/1746 2252/3959/1746 2250/3954/1746 2267/3953/1746
f 2229/3960/1747 2268/3961/1747 2257/3962/1747 2227/3963/1747
f 2268/3961/1747 2271/3964/1747 2255/3965/1747 2257/3962/1747
f 2271/3964/1747 2274/3966/1747 2253/3967/1747 2255/3965/1747
f 2274/3966/1747 2249/3968/1747 2251/3969/1747 2253/3967/1747
f 2231/3970/1747 2269/3971/1747 2268/3961/1747 2229/3960/1747
f 2269/3971/1747 2272/3972/1747 2271/3964/1747 2268/3961/1747
f 2272/3972/1747 2275/3973/1747 2274/3966/1747 2271/3964/1747
f 2275/3973/1747 2247/3974/1747 2249/3968/1747 2274/3966/1747
f 2233/3975/1747 2270/3976/1747 2269/3971/1747 2231/3970/1747
f 2270/3976/1747 2273/3977/1747 2272/3972/1747 2269/3971/1747
f 2273/3977/1747 2276/3978/1747 2275/3973/1747 2272/3972/1747
f 2276/3978/1747 2245/3979/1747 2247/3974/1747 2275/3973/1747
f 2235/3980/1747 2237/3981/1747 2270/3976/1747 2233/3975/1747
f 2237/3981/1747 2239/3982/1747 2273/3977/1747 2270/3976/1747
f 2239/3982/1747 2241/3983/1747 2276/3978/1747 2273/3977/1747
f 2241/3983/1747 2243/3984/1747 2245/3979/1747 2276/3978/1747
o Cylinder.001
v 0.922119 1.144449 0.273247
v 0.877504 1.103217 0.262635
v 0.916002 1.138271 0.295684
v 0.882206 1.107815 0.252281
v 0.908728 1.131354 0.302735
v 0.898221 1.122913 0.242556
v 0.889481 1.114731 0.245230
v 0.891113 1.114971 0.303298
v 0.899988 1.123173 0.305409
v 0.920705 1.142869 0.285330
v 0.876090 1.101637 0.274718
v 0.920029 1.142770 0.261277
v 0.878180 1.103316 0.286688
v 0.914753 1.138087 0.251241
v 0.883455 1.107998 0.296724
v 0.907096 1.131115 0.244667
v 0.963335 1.070604 0.243336
v 0.954461 1.062402 0.241225
v 0.939695 1.047487 0.295393
v 0.947353 1.054460 0.301967
v 0.970993 1.077577 0.249910
v 0.934420 1.042805 0.285357
v 0.976268 1.082259 0.259946
v 0.932330 1.041126 0.273387
v 0.978358 1.083938 0.271917
v 0.933744 1.042706 0.261305
v 0.972242 1.077760 0.294354
v 0.976944 1.082358 0.283999
v 0.938446 1.047304 0.250950
v 0.964967 1.070844 0.301404
v 0.945721 1.054220 0.243899
v 0.956227 1.062662 0.304078
v 0.962439 1.069699 0.246622
v 0.953565 1.061497 0.244511
v 0.938799 1.046583 0.298679
v 0.946457 1.053555 0.305252
v 0.970097 1.076672 0.253195
v 0.933524 1.041900 0.288643
v 0.975373 1.081354 0.263232
v 0.931434 1.040221 0.276672
v 0.977462 1.083033 0.275202
v 0.932848 1.041801 0.264590
v 0.971346 1.076855 0.297639
v 0.976049 1.081453 0.287284
v 0.937550 1.046399 0.254235
v 0.964071 1.069939 0.304690
v 0.944825 1.053316 0.247184
v 0.955331 1.061757 0.307363
v 1.001022 1.032634 0.237936
v 0.989780 1.022244 0.235262
v 0.971074 1.003349 0.303885
v 0.980775 1.012183 0.312213
v 1.010724 1.041467 0.246264
v 0.964391 0.997418 0.291171
v 1.017407 1.047399 0.258979
v 0.961743 0.995291 0.276006
v 1.020054 1.049526 0.274143
v 0.963534 0.997292 0.260700
v 1.012306 1.041700 0.302568
v 1.018263 1.047525 0.289450
v 0.969491 1.003117 0.247582
v 1.003090 1.032938 0.311500
v 0.978707 1.011879 0.238649
v 0.992018 1.022573 0.314887
v 0.964816 1.052007 0.320396
v 0.974026 1.042216 0.323612
v 0.983106 1.032407 0.322265
v 0.969841 1.020148 0.319110
v 0.960441 1.029662 0.320381
v 0.952201 1.040348 0.317395
v 0.994267 1.080007 0.291852
v 1.005738 1.072367 0.292875
v 1.014074 1.061849 0.292252
v 1.007045 1.054976 0.307730
v 0.998540 1.065328 0.308726
v 0.987583 1.073470 0.306572
v 0.958394 1.009725 0.309284
v 0.948719 1.018988 0.310318
v 0.941315 1.030436 0.308050
v 0.996277 1.082252 0.274676
v 1.007903 1.074785 0.274380
v 1.016187 1.064210 0.274191
v 0.974921 1.063297 0.234048
v 0.984906 1.054374 0.230631
v 0.993731 1.044279 0.231470
v 1.005178 1.054701 0.241297
v 0.996629 1.065047 0.240694
v 0.985807 1.073209 0.243393
v 0.932854 1.023639 0.259591
v 0.939608 1.011669 0.258136
v 0.949498 1.002578 0.258329
v 0.956527 1.009451 0.242851
v 0.946806 1.018707 0.242285
v 0.939539 1.030175 0.244871
v 0.950509 1.002726 0.294282
v 0.940643 1.011821 0.294955
v 0.933815 1.023780 0.293783
v 0.996171 1.044637 0.318269
v 0.987404 1.054741 0.319519
v 0.977241 1.063638 0.316595
v 1.013063 1.061700 0.256298
v 1.004704 1.072215 0.256057
v 0.993306 1.079865 0.257660
v 0.967402 1.019789 0.232311
v 0.957943 1.029295 0.231492
v 0.949881 1.040007 0.234848
v 0.947385 1.000216 0.276389
v 0.937444 1.009251 0.276631
v 0.930845 1.021393 0.276767
v 0.980466 1.032019 0.228315
v 0.971321 1.041819 0.227400
v 0.962305 1.051638 0.231047
v 1.005400 1.023475 0.245605
v 0.996526 1.015274 0.243494
v 0.981760 1.000359 0.297662
v 0.989418 1.007332 0.304236
v 1.013058 1.030448 0.252179
v 0.976485 0.995677 0.287626
v 1.018333 1.035130 0.262215
v 0.974395 0.993998 0.275656
v 1.020423 1.036809 0.274185
v 0.975809 0.995577 0.263573
v 1.014307 1.030631 0.296622
v 1.019010 1.035229 0.286268
v 0.980511 1.000176 0.253219
v 1.007032 1.023715 0.303673
v 0.987786 1.007092 0.246168
v 0.998292 1.015533 0.306347
v 0.991250 1.009217 0.295958
v 1.002617 1.019902 0.290481
v 1.013191 1.029902 0.282635
v 0.985398 1.004080 0.282214
v 0.997409 1.015404 0.274921
v 1.009420 1.026727 0.267627
v 0.981627 1.000905 0.267206
v 0.992201 1.010905 0.259360
v 1.003568 1.021591 0.253883
vn 0.3061 0.2644 0.9146
vn 0.5375 0.4844 0.6903
vn 0.6656 0.6275 -0.4041
vn 0.4978 0.4785 -0.7234
vn -0.3061 -0.2644 -0.9146
vn -0.5375 -0.4844 -0.6903
vn -0.7320 -0.6809 0.0234
vn -0.6656 -0.6275 0.4041
vn 0.0281 0.0041 0.9996
vn 0.7320 0.6809 -0.0234
vn -0.0281 -0.0041 -0.9996
vn -0.6871 -0.6306 -0.3609
vn 0.2542 0.2567 -0.9325
vn -0.2542 -0.2567 0.9325
vn 0.6871 0.6306 0.3609
vn -0.4978 -0.4785 0.7234
vn -0.0555 -0.4498 0.8914
vn 0.1730 -0.6244 0.7617
vn 0.4063 -0.4088 0.8172
vn 0.2158 -0.1991 0.9559
vn -0.2220 -0.9750 0.0103
vn -0.1015 -0.9948 0.0070
vn -0.0515 -0.9547 0.2932
vn -0.1670 -0.9309 0.3250
vn 0.7052 0.2623 0.6587
vn 0.8274 -0.0118 0.5615
vn 0.9510 0.1090 0.2893
vn 0.8489 0.4028 0.3423
vn -0.2895 -0.6629 0.6905
vn -0.0283 -0.8078 0.5888
vn 0.9882 0.1506 -0.0284
vn 0.8921 0.4511 -0.0269
vn 0.6670 0.2567 -0.6995
vn 0.7945 -0.0167 -0.6070
vn 0.5932 -0.2000 -0.7798
vn 0.4330 0.0436 -0.9004
vn -0.3276 -0.6685 -0.6677
vn -0.0612 -0.8126 -0.5796
vn -0.1848 -0.9335 -0.3074
vn -0.4713 -0.8090 -0.3512
vn -0.4507 -0.8060 0.3838
vn 0.4829 0.0509 0.8742
vn 0.6361 -0.1937 0.7469
vn 0.8282 0.3998 -0.3927
vn 0.9332 0.1064 -0.3431
vn -0.1053 -0.4571 -0.8832
vn 0.1301 -0.6307 -0.7650
vn -0.5146 -0.8573 0.0180
vn 0.1618 -0.2071 -0.9649
vn 0.3599 -0.4156 -0.8353
vn -0.2983 0.6977 -0.6513
vn -0.4989 0.5123 -0.6990
vn 0.0771 0.4306 -0.8992
vn 0.1978 0.3157 -0.9280
vn -0.0835 0.0556 -0.9949
vn -0.1963 0.1779 -0.9643
vn -0.9672 0.0671 -0.2452
vn -0.9991 0.0314 0.0280
vn -0.8346 -0.4289 -0.3456
vn -0.7403 -0.5688 -0.3584
vn -0.7851 -0.6188 0.0246
vn -0.8782 -0.4776 0.0267
vn -0.6964 0.3274 -0.6386
vn -0.3606 -0.2037 -0.9102
vn -0.4656 -0.0741 -0.8819
vn 0.0413 0.9991 -0.0053
vn -0.0059 0.9612 -0.2759
vn 0.5400 0.8415 -0.0186
vn 0.6740 0.7384 -0.0220
vn 0.6078 0.6851 -0.4015
vn 0.4756 0.7897 -0.3875
vn -0.4589 0.5182 0.7217
vn -0.2614 0.7031 0.6613
vn -0.1419 0.1859 0.9723
vn -0.0275 0.0639 0.9976
vn 0.2495 0.3233 0.9128
vn 0.1274 0.4380 0.8899
vn -0.9519 0.0694 0.2985
vn -0.7189 -0.5656 0.4041
vn -0.8138 -0.4259 0.3955
vn -0.8609 0.1711 -0.4792
vn -0.5912 -0.4230 -0.6867
vn -0.6897 -0.2872 -0.6646
vn -0.1252 0.8553 -0.5027
vn 0.4406 0.5367 -0.7196
vn 0.3131 0.6455 -0.6967
vn -0.0969 0.8595 0.5019
vn 0.4801 0.5425 0.6893
vn 0.3515 0.6511 0.6726
vn -0.8326 0.1752 0.5254
vn -0.5516 -0.4172 0.7223
vn -0.6512 -0.2816 0.7047
vn 0.0094 0.9634 0.2678
vn 0.4964 0.7928 0.3536
vn 0.6292 0.6883 0.3610
vn -0.6595 0.3328 0.6740
vn -0.3089 -0.1961 0.9307
vn -0.4153 -0.0668 0.9072
vn 0.2187 -0.6817 -0.6982
vn 0.0448 -0.8471 -0.5296
vn 0.9492 -0.0113 -0.3144
vn 0.8231 -0.1232 -0.5544
vn 0.6790 -0.2842 0.6769
vn 0.8529 -0.1188 0.5083
vn 0.0747 -0.8427 0.5332
vn -0.0677 -0.9570 -0.2820
vn 0.6400 -0.2899 -0.7116
vn 0.9654 -0.0089 0.2607
vn 0.9992 0.0289 -0.0282
vn 0.2578 -0.6760 0.6904
vn 0.4700 -0.4799 0.7408
vn 0.4277 -0.4861 -0.7621
vn 0.6807 -0.7324 -0.0161
vt 0.214806 0.370445
vt 0.248695 0.370446
vt 0.248695 0.375477
vt 0.214806 0.375477
vt 0.214806 0.310066
vt 0.248695 0.310066
vt 0.248695 0.315098
vt 0.214806 0.315098
vt 0.214806 0.330193
vt 0.248695 0.330193
vt 0.248695 0.335224
vt 0.214806 0.335224
vt 0.214806 0.345287
vt 0.248695 0.345287
vt 0.248695 0.350319
vt 0.214806 0.350319
vt 0.214806 0.365414
vt 0.248695 0.365414
vt 0.214806 0.305035
vt 0.248695 0.305035
vt 0.214806 0.325161
vt 0.248695 0.325161
vt 0.214806 0.340256
vt 0.248695 0.340256
vt 0.214806 0.320129
vt 0.248695 0.320129
vt 0.214806 0.360382
vt 0.248695 0.360382
vt 0.248695 0.380509
vt 0.214806 0.380509
vt 0.214806 0.355351
vt 0.248695 0.355351
vt 0.214806 0.300003
vt 0.248695 0.300003
vt 0.295946 0.555853
vt 0.291182 0.555760
vt 0.291315 0.550625
vt 0.295949 0.550689
vt 0.289987 0.571836
vt 0.284968 0.570796
vt 0.285819 0.565711
vt 0.290687 0.566234
vt 0.295924 0.540597
vt 0.291442 0.540620
vt 0.291318 0.535625
vt 0.295956 0.535560
vt 0.295776 0.561111
vt 0.291040 0.560938
vt 0.291263 0.530643
vt 0.295835 0.530546
vt 0.295732 0.520381
vt 0.291098 0.520421
vt 0.290999 0.515330
vt 0.295721 0.515256
vt 0.295096 0.499015
vt 0.289856 0.499735
vt 0.288350 0.493973
vt 0.294295 0.492128
vt 0.295685 0.566588
vt 0.295951 0.545633
vt 0.291387 0.545617
vt 0.295738 0.525492
vt 0.291218 0.525556
vt 0.295397 0.504743
vt 0.290587 0.505123
vt 0.295423 0.572529
vt 0.295576 0.510102
vt 0.290898 0.510252
vt 0.294669 0.579492
vt 0.288571 0.577779
vt 0.310031 0.515329
vt 0.303407 0.515273
vt 0.303426 0.510091
vt 0.310376 0.510332
vt 0.299461 0.515259
vt 0.299384 0.510042
vt 0.313178 0.575471
vt 0.306056 0.578670
vt 0.304671 0.572151
vt 0.311751 0.570591
vt 0.300338 0.579814
vt 0.299974 0.572558
vt 0.303676 0.504802
vt 0.310351 0.505342
vt 0.299455 0.504625
vt 0.309808 0.530372
vt 0.303386 0.530460
vt 0.303339 0.525460
vt 0.310048 0.525483
vt 0.299502 0.530479
vt 0.299448 0.525432
vt 0.310217 0.550549
vt 0.303623 0.550698
vt 0.303564 0.545611
vt 0.310395 0.545567
vt 0.299658 0.550727
vt 0.299656 0.545631
vt 0.304108 0.566412
vt 0.310795 0.565676
vt 0.299814 0.566659
vt 0.304112 0.499154
vt 0.311108 0.500481
vt 0.299515 0.498820
vt 0.303340 0.520377
vt 0.310350 0.520396
vt 0.299433 0.520370
vt 0.303502 0.540516
vt 0.310639 0.540404
vt 0.299597 0.540546
vt 0.303794 0.561068
vt 0.310629 0.560720
vt 0.299675 0.561152
vt 0.305289 0.492837
vt 0.312320 0.495690
vt 0.299799 0.491905
vt 0.310199 0.535268
vt 0.303458 0.535447
vt 0.299622 0.535509
vt 0.303664 0.555820
vt 0.310696 0.555602
vt 0.299727 0.555870
vt 0.285993 0.505664
vt 0.285066 0.500828
vt 0.286227 0.525655
vt 0.286292 0.520519
vt 0.286845 0.545586
vt 0.286641 0.540641
vt 0.286331 0.560714
vt 0.283645 0.496069
vt 0.286299 0.515472
vt 0.286798 0.535679
vt 0.286537 0.530748
vt 0.286260 0.555627
vt 0.286584 0.550516
vt 0.286251 0.510511
vt 0.283645 0.575757
vt 2.493205 1.730067
vt 2.486938 1.714936
vt 2.502427 1.723037
vt 2.504786 1.741647
vt 2.523674 1.729027
vt 2.519917 1.747915
vt 2.545596 1.731624
vt 2.536295 1.747915
vt 2.563006 1.730066
vt 2.551425 1.741647
vt 2.486938 1.698558
vt 2.504474 1.702046
vt 2.528105 1.706747
vt 2.551737 1.711447
vt 2.569273 1.714935
vt 2.493205 1.683427
vt 2.510616 1.681870
vt 2.532537 1.684467
vt 2.553784 1.690456
vt 2.569273 1.698558
vt 2.504786 1.671846
vt 2.519917 1.665579
vt 2.536294 1.665579
vt 2.551425 1.671846
vt 2.563006 1.683427
s 1
usemtl Material.001
f 2281/3985/1748 2306/3986/1748 2303/3987/1749 2279/3988/1749
f 2288/3989/1750 2299/3990/1750 2297/3991/1751 2290/3992/1751
f 2283/3993/1752 2307/3994/1752 2305/3995/1753 2280/3996/1753
f 2287/3997/1754 2300/3998/1754 2298/3999/1755 2289/4000/1755
f 2285/4001/1756 2308/4002/1756 2306/3986/1748 2281/3985/1748
f 2277/4003/1757 2301/4004/1757 2299/3990/1750 2288/3989/1750
f 2282/4005/1758 2294/4006/1758 2307/3994/1752 2283/3993/1752
f 2278/4007/1759 2302/4008/1759 2300/3998/1754 2287/3997/1754
f 2292/4009/1760 2293/4010/1760 2294/4006/1758 2282/4005/1758
f 2284/4011/1761 2296/4012/1761 2308/4002/1756 2285/4001/1756
f 2279/3988/1749 2303/3987/1749 2304/4013/1762 2286/4014/1762
f 2291/4015/1763 2295/4016/1763 2296/4012/1761 2284/4011/1761
f 2286/4017/1762 2304/4018/1762 2301/4004/1757 2277/4003/1757
f 2290/3992/1751 2297/3991/1751 2293/4010/1760 2292/4009/1760
f 2280/3996/1753 2305/3995/1753 2302/4008/1759 2278/4007/1759
f 2289/4000/1755 2298/3999/1755 2295/4016/1763 2291/4015/1763
f 2344/4019/1764 2328/4020/1765 2340/4021/1766 2343/4022/1767
f 2332/4023/1768 2396/4024/1769 2394/4025/1770 2330/4026/1771
f 2350/4027/1772 2335/4028/1773 2336/4029/1774 2349/4030/1775
f 2353/4031/1776 2327/4032/1777 2328/4020/1765 2344/4019/1764
f 2349/4030/1775 2336/4029/1774 2333/4033/1778 2358/4034/1779
f 2362/4035/1780 2329/4036/1781 2325/4037/1782 2361/4038/1783
f 2368/4039/1784 2337/4040/1785 2334/4041/1786 2367/4042/1787
f 2371/4043/1788 2330/4026/1771 2327/4032/1777 2353/4031/1776
f 2374/4044/1789 2338/4045/1790 2335/4028/1773 2350/4027/1772
f 2377/4046/1791 2331/4047/1792 2329/4036/1781 2362/4035/1780
f 2380/4048/1793 2339/4049/1794 2337/4040/1785 2368/4039/1784
f 2383/4050/1795 2332/4023/1768 2330/4026/1771 2371/4043/1788
f 2343/4022/1767 2340/4021/1766 2338/4045/1790 2374/4044/1789
f 2358/4034/1779 2333/4033/1778 2331/4047/1792 2377/4046/1791
f 2386/4051/1796 2326/4052/1797 2339/4049/1794 2380/4048/1793
f 2367/4053/1787 2334/4054/1786 2332/4023/1768 2383/4050/1795
f 2361/4038/1783 2325/4037/1782 2326/4052/1797 2386/4051/1796
f 2309/4055/1798 2359/4056/1798 2388/4057/1799 2310/4058/1799
f 2359/4056/1800 2360/4059/1801 2387/4060/1802 2388/4057/1803
f 2360/4059/1801 2361/4038/1783 2386/4051/1796 2387/4060/1802
f 2318/4061/1804 2365/4062/1804 2385/4063/1805 2316/4064/1805
f 2365/4062/1806 2366/4065/1807 2384/4066/1808 2385/4063/1809
f 2366/4065/1807 2367/4053/1787 2383/4050/1795 2384/4066/1808
f 2310/4058/1799 2388/4057/1799 2382/4067/1810 2323/4068/1810
f 2388/4057/1803 2387/4060/1802 2381/4069/1811 2382/4067/1812
f 2387/4060/1802 2386/4051/1796 2380/4048/1793 2381/4069/1811
f 2317/4070/1813 2356/4071/1813 2379/4072/1814 2315/4073/1814
f 2356/4071/1815 2357/4074/1816 2378/4075/1817 2379/4072/1818
f 2357/4074/1816 2358/4034/1779 2377/4046/1791 2378/4075/1817
f 2324/4076/1819 2341/4077/1819 2376/4078/1820 2322/4079/1820
f 2341/4077/1821 2342/4080/1822 2375/4081/1823 2376/4078/1824
f 2342/4080/1822 2343/4022/1767 2374/4044/1789 2375/4081/1823
f 2316/4064/1805 2385/4063/1805 2373/4082/1825 2314/4083/1825
f 2385/4063/1809 2384/4066/1808 2372/4084/1826 2373/4082/1827
f 2384/4066/1808 2383/4050/1795 2371/4043/1788 2372/4084/1826
f 2323/4068/1810 2382/4067/1810 2370/4085/1828 2321/4086/1828
f 2382/4067/1812 2381/4069/1811 2369/4087/1829 2370/4085/1830
f 2381/4069/1811 2380/4048/1793 2368/4039/1784 2369/4087/1829
f 2315/4073/1814 2379/4072/1814 2364/4088/1831 2313/4089/1831
f 2379/4072/1818 2378/4075/1817 2363/4090/1832 2364/4088/1833
f 2378/4075/1817 2377/4046/1791 2362/4035/1780 2363/4090/1832
f 2322/4079/1820 2376/4078/1820 2352/4091/1834 2319/4092/1834
f 2376/4078/1824 2375/4081/1823 2351/4093/1835 2352/4091/1836
f 2375/4081/1823 2374/4044/1789 2350/4027/1772 2351/4093/1835
f 2314/4083/1825 2373/4082/1825 2355/4094/1837 2311/4095/1837
f 2373/4082/1827 2372/4084/1826 2354/4096/1838 2355/4094/1839
f 2372/4084/1826 2371/4043/1788 2353/4031/1776 2354/4096/1838
f 2321/4086/1828 2370/4085/1828 2365/4097/1804 2318/4098/1804
f 2370/4085/1830 2369/4087/1829 2366/4099/1807 2365/4097/1806
f 2369/4087/1829 2368/4039/1784 2367/4042/1787 2366/4099/1807
f 2313/4089/1831 2364/4088/1831 2359/4056/1798 2309/4055/1798
f 2364/4088/1833 2363/4090/1832 2360/4059/1801 2359/4056/1800
f 2363/4090/1832 2362/4035/1780 2361/4038/1783 2360/4059/1801
f 2320/4100/1840 2347/4101/1840 2356/4071/1813 2317/4070/1813
f 2347/4101/1841 2348/4102/1842 2357/4074/1816 2356/4071/1815
f 2348/4102/1842 2349/4030/1775 2358/4034/1779 2357/4074/1816
f 2311/4095/1837 2355/4094/1837 2346/4103/1843 2312/4104/1843
f 2355/4094/1839 2354/4096/1838 2345/4105/1844 2346/4103/1845
f 2354/4096/1838 2353/4031/1776 2344/4019/1764 2345/4105/1844
f 2319/4092/1834 2352/4091/1834 2347/4101/1840 2320/4100/1840
f 2352/4091/1836 2351/4093/1835 2348/4102/1842 2347/4101/1841
f 2351/4093/1835 2350/4027/1772 2349/4030/1775 2348/4102/1842
f 2312/4104/1843 2346/4103/1843 2341/4077/1819 2324/4076/1819
f 2346/4103/1845 2345/4105/1844 2342/4080/1822 2341/4077/1821
f 2345/4105/1844 2344/4019/1764 2343/4022/1767 2342/4080/1822
f 2339/4049/1794 2403/4106/1846 2401/4107/1847 2337/4040/1785
f 2331/4047/1792 2395/4108/1848 2393/4109/1849 2329/4036/1781
f 2338/4045/1790 2402/4110/1850 2399/4111/1851 2335/4028/1773
f 2330/4026/1771 2394/4025/1770 2391/4112/1852 2327/4032/1777
f 2337/4040/1785 2401/4107/1847 2398/4113/1853 2334/4041/1786
f 2329/4036/1781 2393/4109/1849 2389/4114/1854 2325/4037/1782
f 2336/4029/1774 2400/4115/1855 2397/4116/1856 2333/4033/1778
f 2327/4032/1777 2391/4112/1852 2392/4117/1857 2328/4020/1765
f 2335/4028/1773 2399/4111/1851 2400/4115/1855 2336/4029/1774
f 2328/4020/1765 2392/4117/1857 2404/4118/1858 2340/4021/1766
f 2325/4037/1782 2389/4114/1854 2390/4119/1859 2326/4052/1797
f 2334/4054/1786 2398/4120/1853 2396/4024/1769 2332/4023/1768
f 2326/4052/1797 2390/4119/1859 2403/4106/1846 2339/4049/1794
f 2333/4033/1778 2397/4116/1856 2395/4108/1848 2331/4047/1792
f 2340/4021/1766 2404/4118/1858 2402/4110/1850 2338/4045/1790
f 2392/4121/1860 2391/4122/1860 2405/4123/1860 2404/4124/1860
f 2404/4124/1860 2405/4123/1860 2406/4125/1860 2402/4126/1860
f 2402/4126/1860 2406/4125/1860 2407/4127/1860 2399/4128/1860
f 2399/4128/1860 2407/4127/1860 2397/4129/1860 2400/4130/1860
f 2391/4122/1860 2394/4131/1860 2408/4132/1860 2405/4123/1860
f 2405/4123/1860 2408/4132/1860 2409/4133/1860 2406/4125/1860
f 2406/4125/1860 2409/4133/1860 2410/4134/1860 2407/4127/1860
f 2407/4127/1860 2410/4134/1860 2395/4135/1860 2397/4129/1860
f 2394/4131/1860 2396/4136/1860 2411/4137/1860 2408/4132/1860
f 2408/4132/1860 2411/4137/1860 2412/4138/1860 2409/4133/1860
f 2409/4133/1860 2412/4138/1860 2413/4139/1860 2410/4134/1860
f 2410/4134/1860 2413/4139/1860 2393/4140/1860 2395/4135/1860
f 2396/4136/1860 2398/4141/1860 2401/4142/1860 2411/4137/1860
f 2411/4137/1860 2401/4142/1860 2403/4143/1860 2412/4138/1860
f 2412/4138/1860 2403/4143/1860 2390/4144/1860 2413/4139/1860
f 2413/4139/1860 2390/4144/1860 2389/4145/1860 2393/4140/1860
o Cylinder.003
v 0.925731 1.131391 0.222018
v 0.897784 1.107677 0.209344
v 0.862435 1.097142 0.197364
v 0.825067 1.101392 0.187902
v 0.791367 1.119777 0.182399
v 0.766466 1.149500 0.181691
v 0.754156 1.186036 0.185888
v 0.935937 1.196267 0.271673
v 0.942021 1.164675 0.233457
v 0.756970 1.225171 0.194814
v 0.944175 1.202460 0.241918
v 0.808618 1.139230 0.191224
v 0.856783 1.138507 0.204409
v 0.903628 1.147442 0.219239
v 0.797746 1.189804 0.198742
v 0.849165 1.194248 0.213903
v 0.900584 1.198693 0.229065
v 0.933680 1.214184 0.262578
v 0.931037 1.210809 0.273343
v 0.937020 1.223694 0.244358
v 0.747737 1.211759 0.222790
v 0.796142 1.216826 0.203922
v 0.773064 1.217131 0.197596
v 0.846171 1.216163 0.217636
v 0.896973 1.215489 0.231562
v 0.919768 1.215187 0.237810
v 0.895032 1.108311 0.332896
v 0.867085 1.084597 0.320222
v 0.831736 1.074062 0.308242
v 0.794367 1.078311 0.298781
v 0.760667 1.096697 0.293277
v 0.735767 1.126420 0.292570
v 0.723456 1.162956 0.296767
v 0.726007 1.201551 0.305507
v 0.913476 1.179380 0.352797
v 0.911322 1.141594 0.344335
v 0.872929 1.124362 0.330118
v 0.826084 1.115427 0.315288
v 0.777919 1.116150 0.302103
v 0.869885 1.175612 0.339943
v 0.818466 1.171168 0.324782
v 0.767047 1.166723 0.309620
v 0.730261 1.199690 0.286391
v 0.926063 1.204459 0.293603
v 0.906523 1.200015 0.355167
v 0.912865 1.198534 0.337757
v 0.866274 1.192409 0.342440
v 0.890449 1.192089 0.349067
v 0.815471 1.193082 0.328514
v 0.765442 1.193745 0.314801
v 0.740984 1.194070 0.308096
vn 0.2616 0.1967 -0.9449
vn 0.9115 0.2716 0.3089
vn 0.9559 0.0826 0.2819
vn 0.9342 -0.2975 0.1967
vn 0.7703 -0.6324 0.0816
vn 0.4892 -0.8710 -0.0459
vn 0.1335 -0.9770 -0.1664
vn -0.2425 -0.9342 -0.2616
vn -0.5815 -0.7493 -0.3170
vn -0.8320 -0.4502 -0.3241
vn -0.9568 -0.0817 -0.2791
vn -0.9554 -0.0783 -0.2849
vn -0.9672 0.1152 -0.2264
vn -0.9651 0.1118 -0.2370
vn -0.2616 -0.1967 0.9449
vn -0.9621 0.1150 -0.2475
vn -0.9584 0.1272 -0.2554
vt 0.510317 0.864620
vt 0.507031 0.878653
vt 0.494969 0.882237
vt 0.493603 0.867503
vt 0.522800 0.859663
vt 0.516804 0.870726
vt 0.393905 0.586380
vt 0.387428 0.584457
vt 0.383687 0.579067
vt 0.393905 0.579067
vt 0.393905 0.566483
vt 0.482005 0.880689
vt 0.484623 0.875394
vt 0.383688 0.584075
vt 0.524105 0.847147
vt 0.510426 0.848415
vt 0.491992 0.850124
vt 0.484661 0.867629
vt 0.484745 0.850796
vt 0.520521 0.835085
vt 0.507340 0.832507
vt 0.490381 0.832745
vt 0.484830 0.833702
vt 0.512594 0.825312
vt 0.501531 0.819316
vt 0.489015 0.818011
vt 0.484868 0.826033
vt 0.482005 0.820094
vt 0.355830 0.553900
vt 0.355830 0.541316
vt 0.393904 0.541316
vt 0.393905 0.553899
vt 0.355830 0.528733
vt 0.393904 0.528732
vt 0.355830 0.516149
vt 0.393904 0.516149
vt 0.355830 0.503565
vt 0.393904 0.503565
vt 0.355829 0.490982
vt 0.393904 0.490981
vt 0.355829 0.478398
vt 0.393904 0.478398
vt 0.355828 0.465531
vt 0.361932 0.467397
vt 0.670163 0.223591
vt 0.662643 0.227272
vt 0.660510 0.207792
vt 0.376648 0.583358
vt 0.361612 0.584457
vt 0.355830 0.579067
vt 0.355830 0.566483
vt 0.732476 0.169160
vt 0.747312 0.181291
vt 0.756376 0.198177
vt 0.736323 0.189250
vt 0.758289 0.217246
vt 0.735858 0.215077
vt 0.755165 0.227609
vt 0.746754 0.223513
vt 0.714127 0.163629
vt 0.712113 0.184455
vt 0.709400 0.212519
vt 0.734366 0.223526
vt 0.708333 0.223552
vt 0.695058 0.165542
vt 0.687433 0.184523
vt 0.682941 0.209961
vt 0.682696 0.223578
vt 0.678172 0.174606
vt 0.666041 0.189443
vt 0.383686 0.467769
vt 0.355831 0.586174
vt 0.393905 0.465342
s 1
usemtl Material.001
f 2425/4146/1861 2419/4147/1861 2420/4148/1861 2428/4149/1861
f 2417/4150/1861 2418/4151/1861 2419/4147/1861 2425/4146/1861
f 2433/4152/1862 2431/4153/1862 2421/4154/1863 2424/4155/1863
f 2422/4156/1864 2424/4155/1863 2421/4154/1863
f 2423/4157/1861 2436/4158/1861 2420/4148/1861
f 2431/4153/1862 2432/4159/1862 2421/4154/1863
f 2416/4160/1861 2417/4150/1861 2425/4146/1861 2426/4161/1861
f 2426/4161/1861 2425/4146/1861 2428/4149/1861 2429/4162/1861
f 2435/4163/1861 2437/4164/1861 2429/4162/1861 2428/4149/1861
f 2415/4165/1861 2416/4160/1861 2426/4161/1861 2427/4166/1861
f 2427/4166/1861 2426/4161/1861 2429/4162/1861 2430/4167/1861
f 2437/4164/1861 2438/4168/1861 2430/4167/1861 2429/4162/1861
f 2414/4169/1861 2415/4165/1861 2427/4166/1861 2422/4170/1861
f 2422/4170/1861 2427/4166/1861 2430/4167/1861 2424/4171/1861
f 2438/4168/1861 2439/4172/1861 2430/4167/1861
f 2439/4172/1861 2433/4173/1861 2424/4171/1861 2430/4167/1861
f 2436/4158/1861 2435/4163/1861 2428/4149/1861 2420/4148/1861
f 2440/4174/1865 2441/4175/1866 2415/4176/1866 2414/4177/1865
f 2441/4175/1866 2442/4178/1867 2416/4179/1867 2415/4176/1866
f 2442/4178/1867 2443/4180/1868 2417/4181/1868 2416/4179/1867
f 2443/4180/1868 2444/4182/1869 2418/4183/1869 2417/4181/1868
f 2444/4182/1869 2445/4184/1870 2419/4185/1870 2418/4183/1869
f 2445/4184/1870 2446/4186/1871 2420/4187/1872 2419/4185/1870
f 2447/4188/1873 2456/4189/1874 2446/4186/1871
f 2464/4190/1875 2447/4191/1875 2446/4192/1875
f 2457/4193/1862 2459/4194/1862 2448/4195/1863 2421/4154/1863
f 2448/4195/1863 2449/4196/1864 2422/4156/1864 2421/4154/1863
f 2449/4196/1864 2440/4174/1865 2414/4177/1865 2422/4156/1864
f 2441/4197/1875 2440/4198/1875 2449/4199/1875 2450/4200/1875
f 2450/4200/1875 2449/4199/1875 2448/4201/1875 2453/4202/1875
f 2458/4203/1875 2461/4204/1875 2448/4201/1875
f 2442/4205/1875 2441/4197/1875 2450/4200/1875 2451/4206/1875
f 2451/4206/1875 2450/4200/1875 2453/4202/1875 2454/4207/1875
f 2460/4208/1875 2462/4209/1875 2454/4207/1875 2453/4202/1875
f 2443/4210/1875 2442/4205/1875 2451/4206/1875 2452/4211/1875
f 2452/4211/1875 2451/4206/1875 2454/4207/1875 2455/4212/1875
f 2462/4209/1875 2463/4213/1875 2455/4212/1875 2454/4207/1875
f 2444/4214/1875 2443/4210/1875 2452/4211/1875 2445/4215/1875
f 2445/4215/1875 2452/4211/1875 2455/4212/1875 2446/4192/1875
f 2463/4213/1875 2464/4190/1875 2446/4192/1875 2455/4212/1875
f 2456/4189/1874 2434/4216/1876 2420/4187/1872 2446/4186/1871
f 2421/4154/1863 2432/4159/1862 2457/4193/1862
f 2459/4194/1862 2458/4217/1862 2448/4195/1863
f 2461/4204/1875 2460/4208/1875 2453/4202/1875 2448/4201/1875
f 2420/4187/1872 2434/4216/1876 2423/4218/1877
o Cylinder.005
v 0.398215 0.341903 0.329662
v 0.459596 0.341903 0.430618
v 0.434273 0.350297 0.307738
v 0.495655 0.350297 0.408694
v 0.464842 0.374201 0.289152
v 0.526224 0.374201 0.390108
v 0.485268 0.409977 0.276733
v 0.546649 0.409977 0.377689
v 0.492440 0.452178 0.272372
v 0.553822 0.452177 0.373328
v 0.485268 0.494378 0.276733
v 0.546649 0.494378 0.377689
v 0.464842 0.530154 0.289152
v 0.526224 0.530154 0.390108
v 0.434273 0.554058 0.307738
v 0.495655 0.554058 0.408694
v 0.398215 0.562452 0.329662
v 0.459596 0.562452 0.430618
v 0.362156 0.554058 0.351586
v 0.423538 0.554058 0.452541
v 0.331587 0.530154 0.370172
v 0.392969 0.530154 0.471128
v 0.311161 0.494378 0.382590
v 0.372543 0.494378 0.483546
v 0.303989 0.452178 0.386951
v 0.365371 0.452177 0.487907
v 0.311161 0.409977 0.382590
v 0.372543 0.409977 0.483546
v 0.331587 0.374201 0.370171
v 0.392969 0.374201 0.471128
v 0.362156 0.350297 0.351585
v 0.423538 0.350297 0.452541
v 0.527843 0.450283 0.389123
v 0.497842 0.407417 0.407364
v 0.461215 0.372307 0.429633
v 0.495655 0.494378 0.408694
v 0.459596 0.452177 0.430618
v 0.423538 0.409977 0.452541
v 0.457978 0.532048 0.431602
v 0.421350 0.496938 0.453871
v 0.391350 0.454072 0.472112
v 0.399833 0.372307 0.328677
v 0.436460 0.407417 0.306408
v 0.466461 0.450283 0.288167
v 0.362156 0.409977 0.351585
v 0.398215 0.452178 0.329662
v 0.434273 0.494378 0.307738
v 0.329968 0.454072 0.371156
v 0.359969 0.496938 0.352915
v 0.396596 0.532048 0.330646
vn -0.0000 -1.0000 -0.0000
vn 0.3270 -0.9239 -0.1988
vn 0.6042 -0.7071 -0.3674
vn 0.7894 -0.3827 -0.4800
vn 0.8545 -0.0000 -0.5195
vn 0.7894 0.3827 -0.4800
vn 0.6042 0.7071 -0.3674
vn 0.3270 0.9239 -0.1988
vn -0.0000 1.0000 -0.0000
vn -0.3270 0.9239 0.1988
vn -0.6042 0.7071 0.3674
vn -0.7894 0.3827 0.4800
vn -0.8545 -0.0000 0.5195
vn -0.7894 -0.3827 0.4800
vn -0.6042 -0.7071 0.3674
vn -0.3270 -0.9239 0.1988
vn 0.5195 -0.0000 0.8545
vn -0.5195 -0.0000 -0.8545
vt 0.453127 0.428180
vt 0.453127 0.417616
vt 0.482136 0.417616
vt 0.482136 0.428180
vt 0.453127 0.407052
vt 0.482136 0.407052
vt 0.453127 0.396487
vt 0.482136 0.396487
vt 0.453127 0.385923
vt 0.482136 0.385923
vt 0.453127 0.375359
vt 0.482136 0.375359
vt 0.453127 0.364795
vt 0.482136 0.364795
vt 0.453127 0.354231
vt 0.482136 0.354231
vt 0.453127 0.343667
vt 0.482136 0.343667
vt 0.453127 0.512692
vt 0.453127 0.502128
vt 0.482136 0.502128
vt 0.482136 0.512692
vt 0.453127 0.491564
vt 0.482136 0.491564
vt 0.453127 0.481000
vt 0.482136 0.481000
vt 0.453127 0.470436
vt 0.482136 0.470436
vt 0.453127 0.459872
vt 0.482136 0.459872
vt 0.453127 0.449308
vt 0.482136 0.449308
vt 0.453127 0.438744
vt 0.482136 0.438744
vt 0.903667 0.299501
vt 0.889777 0.305254
vt 0.874743 0.305254
vt 0.888354 0.294706
vt 0.860852 0.299501
vt 0.870674 0.284801
vt 0.850221 0.288870
vt 0.854758 0.272258
vt 0.844468 0.274980
vt 0.844468 0.259945
vt 0.914298 0.288870
vt 0.900651 0.279751
vt 0.882260 0.267462
vt 0.863869 0.255174
vt 0.850221 0.246055
vt 0.920052 0.274980
vt 0.909761 0.262667
vt 0.893845 0.250123
vt 0.876166 0.240219
vt 0.860852 0.235424
vt 0.920052 0.259945
vt 0.914298 0.246055
vt 0.903667 0.235424
vt 0.889777 0.229670
vt 0.874743 0.229670
vt 0.785268 0.299501
vt 0.774637 0.288870
vt 0.768884 0.274980
vt 0.783838 0.283518
vt 0.768883 0.259945
vt 0.786223 0.263394
vt 0.774637 0.246055
vt 0.791721 0.243889
vt 0.785268 0.235424
vt 0.799158 0.229670
vt 0.799158 0.305254
vt 0.802360 0.289156
vt 0.806676 0.267462
vt 0.810991 0.245768
vt 0.814193 0.229670
vt 0.814193 0.305254
vt 0.821630 0.291035
vt 0.827129 0.271531
vt 0.829513 0.251406
vt 0.828083 0.235424
vt 0.828083 0.299501
vt 0.838714 0.288870
vt 0.844468 0.274979
vt 0.838714 0.246055
s 1
usemtl Material.001
f 2465/4219/1878 2467/4220/1879 2468/4221/1879 2466/4222/1878
f 2467/4220/1879 2469/4223/1880 2470/4224/1880 2468/4221/1879
f 2469/4223/1880 2471/4225/1881 2472/4226/1881 2470/4224/1880
f 2471/4225/1881 2473/4227/1882 2474/4228/1882 2472/4226/1881
f 2473/4227/1882 2475/4229/1883 2476/4230/1883 2474/4228/1882
f 2475/4229/1883 2477/4231/1884 2478/4232/1884 2476/4230/1883
f 2477/4231/1884 2479/4233/1885 2480/4234/1885 2478/4232/1884
f 2479/4233/1885 2481/4235/1886 2482/4236/1886 2480/4234/1885
f 2481/4237/1886 2483/4238/1887 2484/4239/1887 2482/4240/1886
f 2483/4238/1887 2485/4241/1888 2486/4242/1888 2484/4239/1887
f 2485/4241/1888 2487/4243/1889 2488/4244/1889 2486/4242/1888
f 2487/4243/1889 2489/4245/1890 2490/4246/1890 2488/4244/1889
f 2489/4245/1890 2491/4247/1891 2492/4248/1891 2490/4246/1890
f 2491/4247/1891 2493/4249/1892 2494/4250/1892 2492/4248/1891
f 2493/4249/1892 2495/4251/1893 2496/4252/1893 2494/4250/1892
f 2495/4251/1893 2465/4219/1878 2466/4222/1878 2496/4252/1893
f 2472/4253/1894 2474/4254/1894 2476/4255/1894 2497/4256/1894
f 2497/4256/1894 2476/4255/1894 2478/4257/1894 2500/4258/1894
f 2500/4258/1894 2478/4257/1894 2480/4259/1894 2503/4260/1894
f 2503/4260/1894 2480/4259/1894 2482/4261/1894 2484/4262/1894
f 2470/4263/1894 2472/4253/1894 2497/4256/1894 2498/4264/1894
f 2498/4264/1894 2497/4256/1894 2500/4258/1894 2501/4265/1894
f 2501/4265/1894 2500/4258/1894 2503/4260/1894 2504/4266/1894
f 2504/4266/1894 2503/4260/1894 2484/4262/1894 2486/4267/1894
f 2468/4268/1894 2470/4263/1894 2498/4264/1894 2499/4269/1894
f 2499/4269/1894 2498/4264/1894 2501/4265/1894 2502/4270/1894
f 2502/4270/1894 2501/4265/1894 2504/4266/1894 2505/4271/1894
f 2505/4271/1894 2504/4266/1894 2486/4267/1894 2488/4272/1894
f 2466/4273/1894 2468/4268/1894 2499/4269/1894 2496/4274/1894
f 2496/4274/1894 2499/4269/1894 2502/4270/1894 2494/4275/1894
f 2494/4275/1894 2502/4270/1894 2505/4271/1894 2492/4276/1894
f 2492/4276/1894 2505/4271/1894 2488/4272/1894 2490/4277/1894
f 2467/4278/1895 2465/4279/1895 2495/4280/1895 2506/4281/1895
f 2506/4281/1895 2495/4280/1895 2493/4282/1895 2509/4283/1895
f 2509/4283/1895 2493/4282/1895 2491/4284/1895 2512/4285/1895
f 2512/4285/1895 2491/4284/1895 2489/4286/1895 2487/4287/1895
f 2469/4288/1895 2467/4278/1895 2506/4281/1895 2507/4289/1895
f 2507/4289/1895 2506/4281/1895 2509/4283/1895 2510/4290/1895
f 2510/4290/1895 2509/4283/1895 2512/4285/1895 2513/4291/1895
f 2513/4291/1895 2512/4285/1895 2487/4287/1895 2485/4292/1895
f 2471/4293/1895 2469/4288/1895 2507/4289/1895 2508/4294/1895
f 2508/4294/1895 2507/4289/1895 2510/4290/1895 2511/4295/1895
f 2511/4295/1895 2510/4290/1895 2513/4291/1895 2514/4296/1895
f 2514/4296/1895 2513/4291/1895 2485/4292/1895 2483/4297/1895
f 2473/4298/1895 2471/4293/1895 2508/4294/1895 2475/4299/1895
f 2475/4299/1895 2508/4294/1895 2511/4295/1895 2477/4300/1895
f 2477/4300/1895 2511/4295/1895 2514/4296/1895 2479/4262/1895
f 2479/4262/1895 2514/4296/1895 2483/4297/1895 2481/4301/1895
o Plane
v 0.023293 1.025177 -0.925450
v 0.113137 0.926358 -1.107332
v 0.928748 1.824868 -0.912666
v 1.018592 1.726049 -1.094548
v 0.016890 0.930438 -1.017115
v 1.024995 1.820788 -1.002882
v 0.991240 1.836960 -0.956090
v 0.004269 0.965275 -0.970024
v 0.050645 0.914266 -1.063908
v 1.037616 1.785951 -1.049973
v 0.702384 1.624945 -0.915862
v 0.476021 1.425023 -0.919058
v 0.249657 1.225100 -0.922254
v 0.339501 1.126281 -1.104136
v 0.565865 1.326203 -1.100940
v 0.792229 1.526126 -1.097744
v 0.268916 1.153025 -1.013557
v 0.520943 1.375613 -1.009999
v 0.772969 1.598201 -1.006441
v 0.251012 1.183196 -0.966541
v 0.497755 1.401117 -0.963057
v 0.744498 1.619038 -0.959573
v 0.297388 1.132188 -1.060424
v 0.544131 1.350109 -1.056941
v 0.790873 1.568030 -1.053457
v 0.019062 1.030044 -0.930184
v 0.108906 0.931225 -1.112066
v 0.924517 1.829734 -0.917400
v 1.014361 1.730915 -1.099282
v 0.012659 0.935304 -1.021850
v 1.020764 1.825655 -1.007616
v 0.987009 1.841826 -0.960824
v 0.000038 0.970141 -0.974759
v 0.046414 0.919133 -1.068642
v 1.033385 1.790818 -1.054707
v 0.698153 1.629812 -0.920596
v 0.471789 1.429889 -0.923792
v 0.245426 1.229967 -0.926988
v 0.335270 1.131147 -1.108870
v 0.561634 1.331070 -1.105674
v 0.787997 1.530993 -1.102478
v 0.264685 1.157892 -1.018291
v 0.516711 1.380480 -1.014733
v 0.768738 1.603067 -1.011175
v 0.246781 1.188063 -0.971275
v 0.493524 1.405984 -0.967791
v 0.740266 1.623905 -0.964308
v 0.293157 1.137054 -1.065158
v 0.539899 1.354975 -1.061675
v 0.786642 1.572897 -1.058191
vn 0.5289 -0.6083 0.5918
vn -0.5289 0.6083 -0.5918
vn -0.3982 0.4379 0.8060
vn -0.2500 -0.7780 -0.5764
vn 0.3982 -0.4379 -0.8060
vn 0.2500 0.7780 0.5764
vn -0.8221 -0.5403 0.1794
vn 0.8221 0.5403 -0.1794
vn 0.6348 0.7464 0.1999
vn -0.8120 -0.1599 0.5614
vn -0.6348 -0.7464 -0.1999
vn 0.8120 0.1599 -0.5614
vt 0.196743 0.824921
vt 0.222225 0.812227
vt 0.222225 0.953222
vt 0.196743 0.978609
vt 0.142368 0.824921
vt 0.169555 0.828212
vt 0.169555 0.985191
vt 0.142368 0.978609
vt 0.116885 0.812227
vt 0.116885 0.953222
vt 0.169555 0.357275
vt 0.196743 0.363857
vt 0.196743 0.517545
vt 0.169555 0.514254
vt 0.196743 0.671233
vt 0.169555 0.671233
vt 0.116885 0.389244
vt 0.142368 0.363857
vt 0.142368 0.517545
vt 0.116885 0.530238
vt 0.142368 0.671233
vt 0.116885 0.671233
vt 0.222225 0.389244
vt 0.222225 0.530238
vt 0.222225 0.671233
vt 0.037028 0.824921
vt 0.037028 0.978609
vt 0.011545 0.953222
vt 0.011545 0.812227
vt 0.091402 0.824921
vt 0.091402 0.978609
vt 0.064215 0.985191
vt 0.064215 0.828212
vt 0.116885 0.812227
vt 0.116885 0.953222
vt 0.064215 0.357275
vt 0.064215 0.514254
vt 0.037028 0.517545
vt 0.037028 0.363857
vt 0.064215 0.671233
vt 0.037028 0.671233
vt 0.116885 0.389244
vt 0.116885 0.530238
vt 0.091402 0.517545
vt 0.091402 0.363857
vt 0.116885 0.671233
vt 0.091402 0.671233
vt 0.011545 0.530238
vt 0.011545 0.389244
vt 0.011545 0.671233
vt 0.642492 0.387195
vt 0.641180 0.403907
vt 0.640708 0.403890
vt 0.642069 0.387019
vt 0.654647 0.386436
vt 0.651485 0.383692
vt 0.651683 0.383245
vt 0.655102 0.386192
vt 0.654115 0.459415
vt 0.655696 0.442015
vt 0.656179 0.442038
vt 0.654537 0.459591
vt 0.642791 0.458833
vt 0.645410 0.462038
vt 0.645152 0.462444
vt 0.642344 0.459031
vt 0.648255 0.383154
vt 0.645163 0.384192
vt 0.644885 0.383792
vt 0.648206 0.382670
vt 0.648462 0.462970
vt 0.651523 0.462244
vt 0.651771 0.462647
vt 0.648457 0.463446
vt 0.641172 0.442023
vt 0.640661 0.442048
vt 0.641166 0.422806
vt 0.640661 0.422806
vt 0.655776 0.403634
vt 0.656295 0.403616
vt 0.655832 0.422970
vt 0.656341 0.422972
s 1
usemtl Material.001
f 2539/4302/1896 2530/4303/1896 2518/4304/1896 2524/4305/1896
f 2536/4306/1896 2533/4307/1896 2520/4308/1896 2521/4309/1896
f 2525/4310/1896 2536/4306/1896 2521/4309/1896 2517/4311/1896
f 2533/4307/1896 2539/4302/1896 2524/4305/1896 2520/4308/1896
f 2519/4312/1896 2523/4313/1896 2537/4314/1896 2531/4315/1896
f 2531/4315/1896 2537/4314/1896 2538/4316/1896 2532/4317/1896
f 2532/4317/1896 2538/4316/1896 2539/4302/1896 2533/4307/1896
f 2515/4318/1896 2522/4319/1896 2534/4320/1896 2527/4321/1896
f 2527/4321/1896 2534/4320/1896 2535/4322/1896 2526/4323/1896
f 2526/4323/1896 2535/4322/1896 2536/4306/1896 2525/4310/1896
f 2522/4319/1896 2519/4312/1896 2531/4315/1896 2534/4320/1896
f 2534/4320/1896 2531/4315/1896 2532/4317/1896 2535/4322/1896
f 2535/4322/1896 2532/4317/1896 2533/4307/1896 2536/4306/1896
f 2523/4313/1896 2516/4324/1896 2528/4325/1896 2537/4314/1896
f 2537/4314/1896 2528/4325/1896 2529/4326/1896 2538/4316/1896
f 2538/4316/1896 2529/4326/1896 2530/4303/1896 2539/4302/1896
f 2564/4327/1897 2549/4328/1897 2543/4329/1897 2555/4330/1897
f 2561/4331/1897 2546/4332/1897 2545/4333/1897 2558/4334/1897
f 2550/4335/1897 2542/4336/1897 2546/4332/1897 2561/4331/1897
f 2558/4334/1897 2545/4333/1897 2549/4328/1897 2564/4327/1897
f 2544/4337/1897 2556/4338/1897 2562/4339/1897 2548/4340/1897
f 2556/4338/1897 2557/4341/1897 2563/4342/1897 2562/4339/1897
f 2557/4341/1897 2558/4334/1897 2564/4327/1897 2563/4342/1897
f 2540/4343/1897 2552/4344/1897 2559/4345/1897 2547/4346/1897
f 2552/4344/1897 2551/4347/1897 2560/4348/1897 2559/4345/1897
f 2551/4347/1897 2550/4335/1897 2561/4331/1897 2560/4348/1897
f 2547/4346/1897 2559/4345/1897 2556/4338/1897 2544/4337/1897
f 2559/4345/1897 2560/4348/1897 2557/4341/1897 2556/4338/1897
f 2560/4348/1897 2561/4331/1897 2558/4334/1897 2557/4341/1897
f 2548/4340/1897 2562/4339/1897 2553/4349/1897 2541/4350/1897
f 2562/4339/1897 2563/4342/1897 2554/4351/1897 2553/4349/1897
f 2563/4342/1897 2564/4327/1897 2555/4330/1897 2554/4351/1897
f 2515/4352/1898 2527/4353/1898 2552/4354/1898 2540/4355/1898
f 2516/4356/1899 2523/4357/1899 2548/4358/1899 2541/4359/1899
f 2518/4360/1900 2530/4361/1900 2555/4362/1900 2543/4363/1900
f 2517/4364/1901 2521/4365/1901 2546/4366/1901 2542/4367/1901
f 2519/4368/1902 2522/4369/1902 2547/4370/1902 2544/4371/1902
f 2520/4372/1903 2524/4373/1903 2549/4374/1903 2545/4375/1903
f 2521/4365/1904 2520/4372/1904 2545/4375/1904 2546/4366/1904
f 2522/4369/1905 2515/4352/1905 2540/4355/1905 2547/4370/1905
f 2523/4357/1906 2519/4368/1906 2544/4371/1906 2548/4358/1906
f 2524/4373/1907 2518/4360/1907 2543/4363/1907 2549/4374/1907
f 2525/4376/1898 2517/4364/1898 2542/4367/1898 2550/4377/1898
f 2526/4378/1898 2525/4376/1898 2550/4377/1898 2551/4379/1898
f 2527/4353/1898 2526/4378/1898 2551/4379/1898 2552/4354/1898
f 2528/4380/1900 2516/4356/1900 2541/4359/1900 2553/4381/1900
f 2529/4382/1900 2528/4380/1900 2553/4381/1900 2554/4383/1900
f 2530/4361/1900 2529/4382/1900 2554/4383/1900 2555/4362/1900
o Plane.001
v 1.125340 0.980070 0.235089
v 1.306699 0.915971 0.017645
v 1.186902 0.954953 0.101438
v 1.133899 0.973930 0.169334
v 1.125681 0.921534 -0.806017
v 1.386781 0.886713 -0.095368
v 1.432997 0.867640 -0.199582
v 1.438240 0.860364 -0.302474
v 1.422342 0.859175 -0.404685
v 1.388378 0.863189 -0.506314
v 1.333273 0.873290 -0.607261
v 1.237195 0.895190 -0.706888
v 0.996871 1.031756 0.224260
v 1.084615 1.005949 0.211771
v 0.962786 1.036502 0.135062
v 1.052014 0.990729 -0.225549
v 1.184193 0.926763 -0.691330
v 1.211259 0.925077 -0.583395
v 1.208655 0.931421 -0.483655
v 1.185338 0.943370 -0.389638
v 1.132350 0.963349 -0.303816
v 1.036045 1.019592 0.207233
v 1.029707 1.002173 -0.135396
v 1.007400 1.013616 -0.045243
v 0.985093 1.025059 0.044910
v 1.222259 0.915259 -0.702238
v 1.203226 0.921011 -0.696784
v 1.295332 0.900098 -0.599842
v 1.253296 0.912587 -0.591618
v 1.331201 0.895478 -0.499297
v 1.269928 0.913449 -0.491476
v 1.346072 0.896785 -0.400205
v 1.278659 0.916323 -0.395773
v 1.354098 0.899921 -0.303431
v 1.259809 0.926891 -0.303595
v 1.338020 0.909942 -0.206859
v 1.223423 0.942312 -0.214348
v 1.158881 0.977972 0.091942
v 1.231709 0.952009 0.000658
v 1.289669 0.929373 -0.107163
v 1.103700 0.997693 0.161979
v 1.082301 0.998721 0.071217
v 1.131728 0.979469 -0.019802
v 1.177929 0.960664 -0.119299
v 1.054623 1.011209 0.152605
v 1.122546 0.970303 0.235637
v 1.303905 0.906205 0.018193
v 1.184107 0.945187 0.101986
v 1.131105 0.964164 0.169882
v 1.122886 0.911767 -0.805468
v 1.383986 0.876947 -0.094820
v 1.430202 0.857873 -0.199033
v 1.435445 0.850597 -0.301926
v 1.419548 0.849409 -0.404137
v 1.385583 0.853423 -0.505766
v 1.330478 0.863524 -0.606713
v 1.234400 0.885423 -0.706340
v 0.985883 0.993356 0.226415
v 1.073627 0.967548 0.213926
v 0.951798 0.998102 0.137218
v 1.041026 0.952329 -0.223393
v 1.173205 0.888363 -0.689175
v 1.200271 0.886676 -0.581239
v 1.197667 0.893020 -0.481500
v 1.174350 0.904969 -0.387482
v 1.121362 0.924948 -0.301660
v 1.025057 0.981191 0.209389
v 1.018719 0.963772 -0.133241
v 0.996412 0.975215 -0.043088
v 0.974105 0.986658 0.047065
v 1.211271 0.876858 -0.700082
v 1.192238 0.882610 -0.694628
v 1.284345 0.861697 -0.597686
v 1.242308 0.874187 -0.589463
v 1.320214 0.857077 -0.497141
v 1.258940 0.875049 -0.489321
v 1.335084 0.858384 -0.398050
v 1.267672 0.877922 -0.393618
v 1.343111 0.861520 -0.301276
v 1.248821 0.888490 -0.301439
v 1.327032 0.871541 -0.204704
v 1.212435 0.903911 -0.212192
v 1.147893 0.939571 0.094098
v 1.220721 0.913609 0.002813
v 1.278682 0.890972 -0.105008
v 1.092712 0.959292 0.164135
v 1.071313 0.960320 0.073373
v 1.120740 0.941069 -0.017646
v 1.166942 0.922264 -0.117143
v 1.043635 0.972809 0.154760
vn 0.2412 0.9561 -0.1666
vn 0.2577 0.9596 -0.1129
vn 0.2584 0.9597 -0.1105
vn 0.2747 0.9600 -0.0539
vn 0.4056 0.9137 0.0240
vn 0.4111 0.9115 -0.0133
vn 0.3491 0.9367 -0.0279
vn 0.3430 0.9393 -0.0107
vn 0.4235 0.9023 0.0804
vn 0.3644 0.9303 0.0415
vn 0.4959 0.8465 0.1940
vn 0.4091 0.9092 0.0780
vn 0.5731 0.8062 0.1470
vn 0.4266 0.9036 0.0383
vn 0.5397 0.8418 -0.0084
vn 0.4137 0.9103 -0.0159
vn 0.4238 0.9042 -0.0523
vn 0.3564 0.9328 -0.0531
vn 0.4418 0.8932 -0.0836
vn 0.3625 0.9293 -0.0703
vn 0.4746 0.8712 -0.1256
vn 0.3870 0.9169 -0.0973
vn 0.5315 0.8152 -0.2301
vn 0.4318 0.8846 -0.1760
vn 0.5940 0.6876 -0.4176
vn 0.4559 0.8397 -0.2949
vn 0.6133 0.5805 -0.5356
vn -0.3044 -0.9507 -0.0596
vn -0.2900 -0.9570 -0.0029
vn -0.2907 -0.9568 -0.0053
vn -0.2747 -0.9600 0.0539
vn -0.1369 -0.9820 0.1304
vn -0.2044 -0.9741 0.0967
vn -0.1985 -0.9769 0.0795
vn -0.1321 -0.9868 0.0932
vn -0.1140 -0.9759 0.1859
vn -0.1801 -0.9724 0.1484
vn -0.0197 -0.9553 0.2951
vn -0.1299 -0.9744 0.1838
vn 0.0657 -0.9669 0.2466
vn -0.1133 -0.9831 0.1442
vn 0.0140 -0.9954 0.0948
vn -0.1293 -0.9875 0.0906
vn -0.1909 -0.9801 0.0542
vn -0.1186 -0.9915 0.0541
vn -0.1845 -0.9821 0.0370
vn -0.0984 -0.9949 0.0224
vn -0.1579 -0.9874 0.0096
vn -0.0602 -0.9980 -0.0207
vn -0.1051 -0.9919 -0.0707
vn 0.0145 -0.9916 -0.1287
vn -0.0645 -0.9791 -0.1928
vn 0.1293 -0.9363 -0.3265
vn 0.1987 -0.8684 -0.4543
vn 0.8301 -0.2085 0.5171
vn 0.6711 -0.1513 0.7257
vn 0.6187 -0.2194 -0.7543
vn 0.6469 -0.2260 -0.7283
vn 0.6551 -0.1458 0.7414
vn 0.7506 -0.1791 0.6360
vn 0.9529 -0.2643 0.1487
vn 0.9338 -0.2530 0.2531
vn 0.9601 -0.2769 -0.0384
vn 0.9321 -0.2796 -0.2303
vn 0.8750 -0.2728 -0.4000
vn 0.7616 -0.2514 -0.5973
vn -0.4078 0.1671 0.8977
vn -0.2268 0.1191 0.9666
vn 0.1603 0.0095 0.9870
vn -0.8930 0.2755 0.3559
vn -0.9315 0.2518 -0.2625
vn -0.9023 0.2767 0.3307
vn -0.8624 0.2708 0.4277
vn -0.6636 0.1487 -0.7332
vn -0.7432 0.1764 -0.6454
vn -0.9553 0.2789 0.0986
vn -0.9522 0.2638 -0.1537
vn -0.8825 0.2295 -0.4106
vn 0.3828 -0.0578 0.9220
vt 0.988288 0.980793
vt 0.935700 0.944193
vt 0.940123 0.934987
vt 0.893777 0.900236
vt 0.885418 0.920896
vt 0.846189 0.882432
vt 0.835925 0.912994
vt 0.799907 0.869018
vt 0.787066 0.916117
vt 0.752452 0.869998
vt 0.739116 0.935131
vt 0.704580 0.880182
vt 0.692003 0.968815
vt 0.663931 0.782918
vt 0.720281 0.769226
vt 0.713018 0.820974
vt 0.658717 0.836212
vt 0.599561 0.812952
vt 0.599276 0.855605
vt 0.544740 0.865558
vt 0.546434 0.884317
vt 0.505542 0.886218
vt 0.505770 0.905953
vt 0.472029 0.885329
vt 0.479096 0.911366
vt 0.463957 0.955174
vt 0.476412 0.936665
vt 0.504578 0.980793
vt 0.505381 0.932091
vt 0.771618 0.776183
vt 0.762313 0.821846
vt 0.820424 0.793804
vt 0.809185 0.834997
vt 0.867105 0.820527
vt 0.856475 0.851870
vt 0.911387 0.857825
vt 0.902237 0.879493
vt 0.951374 0.915213
vt 0.944547 0.925837
vt 0.548595 0.925465
vt 0.652850 0.894461
vt 0.598814 0.908712
vt 0.645153 0.971734
vt 0.598303 0.974680
vt 0.551450 0.977686
vt 0.988298 0.544504
vt 0.940133 0.590311
vt 0.935710 0.581104
vt 0.893786 0.625062
vt 0.885427 0.604401
vt 0.846198 0.642865
vt 0.835935 0.612303
vt 0.799917 0.656279
vt 0.787075 0.609180
vt 0.752462 0.655299
vt 0.739126 0.590166
vt 0.704589 0.645115
vt 0.692012 0.556482
vt 0.663941 0.742380
vt 0.658727 0.689085
vt 0.713028 0.704323
vt 0.720291 0.756071
vt 0.599570 0.712345
vt 0.599286 0.669692
vt 0.544750 0.659739
vt 0.546444 0.640980
vt 0.505552 0.639080
vt 0.505780 0.619344
vt 0.472039 0.639968
vt 0.479106 0.613931
vt 0.463967 0.570123
vt 0.504588 0.544504
vt 0.476422 0.588632
vt 0.505391 0.593206
vt 0.762323 0.703451
vt 0.771628 0.749114
vt 0.809194 0.690300
vt 0.820433 0.731493
vt 0.856485 0.673427
vt 0.867115 0.704771
vt 0.902247 0.645805
vt 0.911396 0.667473
vt 0.944557 0.599460
vt 0.951384 0.610085
vt 0.548605 0.599833
vt 0.652860 0.630837
vt 0.598824 0.616585
vt 0.598313 0.550618
vt 0.645162 0.553564
vt 0.551459 0.547611
vt 0.627016 0.012036
vt 0.575191 0.012036
vt 0.575191 0.008312
vt 0.627016 0.008312
vt 0.933295 0.012036
vt 0.877829 0.012036
vt 0.877829 0.008312
vt 0.933295 0.008312
vt 0.519801 0.012036
vt 0.519801 0.008312
vt 0.487513 0.012036
vt 0.487513 0.008312
vt 0.463134 0.012036
vt 0.463134 0.008312
vt 0.669330 0.012036
vt 0.669330 0.008312
vt 0.707140 0.012036
vt 0.707140 0.008312
vt 0.745010 0.012036
vt 0.745010 0.008312
vt 0.784265 0.012036
vt 0.784265 0.008312
vt 0.826530 0.012036
vt 0.826530 0.008312
vt 0.444290 0.017496
vt 0.444290 0.002852
vt 0.425747 0.017496
vt 0.425747 0.002852
vt 0.365580 0.168263
vt 0.365580 0.193030
vt 0.355218 0.193030
vt 0.355218 0.168263
vt 0.365580 0.217270
vt 0.355218 0.217270
vt 0.365580 0.426547
vt 0.361717 0.459703
vt 0.359081 0.459703
vt 0.355218 0.426547
vt 0.365580 0.289991
vt 0.365580 0.319900
vt 0.355218 0.319900
vt 0.355218 0.289991
vt 0.365580 0.397717
vt 0.355218 0.397717
vt 0.365580 0.371819
vt 0.355218 0.371819
vt 0.365580 0.346535
vt 0.355218 0.346535
vt 0.409488 0.017496
vt 0.409488 0.002852
vt 0.365580 0.265751
vt 0.355218 0.265751
vt 0.365580 0.241511
vt 0.355218 0.241511
s 1
usemtl Material.001
f 2569/4384/1908 2581/4385/1909 2591/4386/1910
f 2593/4387/1911 2591/4386/1910 2581/4385/1909 2582/4388/1911
f 2595/4389/1911 2593/4387/1911 2582/4388/1911 2583/4390/1911
f 2597/4391/1911 2595/4389/1911 2583/4390/1911 2584/4392/1911
f 2599/4393/1911 2597/4391/1911 2584/4392/1911 2585/4394/1911
f 2601/4395/1911 2599/4393/1911 2585/4394/1911 2580/4396/1911
f 2570/4397/1912 2571/4398/1913 2600/4399/1914 2604/4400/1915
f 2566/4401/1916 2570/4397/1912 2604/4400/1915 2603/4402/1917
f 2567/4403/1918 2566/4401/1916 2603/4402/1917 2602/4404/1919
f 2568/4405/1920 2567/4403/1918 2602/4404/1919 2605/4406/1921
f 2565/4407/1922 2568/4405/1920 2578/4408/1923
f 2577/4409/1911 2586/4410/1911 2579/4411/1911
f 2586/4410/1911 2609/4412/1911 2579/4411/1911
f 2571/4398/1913 2572/4413/1924 2598/4414/1925 2600/4399/1914
f 2600/4399/1914 2598/4414/1925 2599/4393/1911 2601/4395/1911
f 2572/4413/1924 2573/4415/1926 2596/4416/1927 2598/4414/1925
f 2598/4414/1925 2596/4416/1927 2597/4391/1911 2599/4393/1911
f 2573/4415/1926 2574/4417/1928 2594/4418/1929 2596/4416/1927
f 2596/4416/1927 2594/4418/1929 2595/4389/1911 2597/4391/1911
f 2574/4417/1928 2575/4419/1930 2592/4420/1931 2594/4418/1929
f 2594/4418/1929 2592/4420/1931 2593/4387/1911 2595/4389/1911
f 2575/4419/1930 2576/4421/1932 2590/4422/1933 2592/4420/1931
f 2592/4420/1931 2590/4422/1933 2591/4386/1910 2593/4387/1911
f 2590/4422/1933 2576/4421/1932 2569/4384/1934
f 2591/4386/1910 2590/4422/1933 2569/4384/1908
f 2605/4406/1921 2578/4408/1923 2568/4405/1920
f 2605/4406/1921 2602/4404/1919 2606/4423/1911 2609/4412/1911
f 2604/4400/1915 2600/4399/1914 2601/4395/1911 2608/4424/1911
f 2603/4402/1917 2604/4400/1915 2608/4424/1911 2607/4425/1911
f 2602/4404/1919 2603/4402/1917 2607/4425/1911 2606/4423/1911
f 2607/4425/1911 2608/4424/1911 2587/4426/1911 2588/4427/1911
f 2609/4412/1911 2586/4410/1911 2578/4408/1923 2605/4406/1921
f 2606/4423/1911 2607/4425/1911 2588/4427/1911 2589/4428/1911
f 2609/4412/1911 2606/4423/1911 2589/4428/1911 2579/4411/1911
f 2608/4424/1911 2601/4395/1911 2580/4396/1911 2587/4426/1911
f 2614/4429/1935 2636/4430/1936 2626/4431/1937
f 2638/4432/1938 2627/4433/1938 2626/4431/1937 2636/4430/1936
f 2640/4434/1938 2628/4435/1938 2627/4433/1938 2638/4432/1938
f 2642/4436/1938 2629/4437/1938 2628/4435/1938 2640/4434/1938
f 2644/4438/1938 2630/4439/1938 2629/4437/1938 2642/4436/1938
f 2646/4440/1938 2625/4441/1938 2630/4439/1938 2644/4438/1938
f 2615/4442/1939 2649/4443/1940 2645/4444/1941 2616/4445/1942
f 2611/4446/1943 2648/4447/1944 2649/4443/1940 2615/4442/1939
f 2612/4448/1945 2647/4449/1946 2648/4447/1944 2611/4446/1943
f 2613/4450/1947 2650/4451/1948 2647/4449/1946 2612/4448/1945
f 2610/4452/1949 2623/4453/1950 2613/4450/1947
f 2622/4454/1938 2624/4455/1938 2631/4456/1938
f 2631/4456/1938 2624/4455/1938 2654/4457/1938
f 2616/4445/1942 2645/4444/1941 2643/4458/1951 2617/4459/1952
f 2645/4444/1941 2646/4440/1938 2644/4438/1938 2643/4458/1951
f 2617/4459/1952 2643/4458/1951 2641/4460/1953 2618/4461/1954
f 2643/4458/1951 2644/4438/1938 2642/4436/1938 2641/4460/1953
f 2618/4461/1954 2641/4460/1953 2639/4462/1955 2619/4463/1956
f 2641/4460/1953 2642/4436/1938 2640/4434/1938 2639/4462/1955
f 2619/4463/1956 2639/4462/1955 2637/4464/1957 2620/4465/1958
f 2639/4462/1955 2640/4434/1938 2638/4432/1938 2637/4464/1957
f 2620/4465/1958 2637/4464/1957 2635/4466/1959 2621/4467/1960
f 2637/4464/1957 2638/4432/1938 2636/4430/1936 2635/4466/1959
f 2635/4466/1959 2614/4429/1961 2621/4467/1960
f 2636/4430/1936 2614/4429/1935 2635/4466/1959
f 2650/4451/1948 2613/4450/1947 2623/4453/1950
f 2650/4451/1948 2654/4457/1938 2651/4468/1938 2647/4449/1946
f 2649/4443/1940 2653/4469/1938 2646/4440/1938 2645/4444/1941
f 2648/4447/1944 2652/4470/1938 2653/4469/1938 2649/4443/1940
f 2647/4449/1946 2651/4468/1938 2652/4470/1938 2648/4447/1944
f 2652/4470/1938 2633/4471/1938 2632/4472/1938 2653/4469/1938
f 2654/4457/1938 2650/4451/1948 2623/4453/1950 2631/4456/1938
f 2651/4468/1938 2634/4473/1938 2633/4471/1938 2652/4470/1938
f 2654/4457/1938 2624/4455/1938 2634/4473/1938 2651/4468/1938
f 2653/4469/1938 2632/4472/1938 2625/4441/1938 2646/4440/1938
f 2570/4474/1962 2566/4475/1963 2611/4476/1963 2615/4477/1962
f 2569/4478/1964 2576/4479/1965 2621/4480/1965 2614/4481/1964
f 2566/4475/1963 2567/4482/1966 2612/4483/1966 2611/4476/1963
f 2567/4482/1966 2568/4484/1967 2613/4485/1967 2612/4483/1966
f 2568/4484/1968 2565/4486/1968 2610/4487/1968 2613/4485/1968
f 2571/4488/1969 2570/4474/1962 2615/4477/1962 2616/4489/1969
f 2572/4490/1970 2571/4488/1969 2616/4489/1969 2617/4491/1970
f 2573/4492/1971 2572/4490/1970 2617/4491/1970 2618/4493/1971
f 2574/4494/1972 2573/4492/1971 2618/4493/1971 2619/4495/1972
f 2575/4496/1973 2574/4494/1972 2619/4495/1972 2620/4497/1973
f 2576/4479/1965 2575/4496/1973 2620/4497/1973 2621/4480/1965
f 2565/4486/1974 2578/4498/1975 2623/4499/1975 2610/4487/1974
f 2578/4498/1975 2586/4500/1976 2631/4501/1976 2623/4499/1975
f 2577/4502/1977 2579/4503/1977 2624/4504/1977 2622/4505/1977
f 2579/4503/1978 2589/4506/1978 2634/4507/1978 2624/4504/1978
f 2581/4508/1979 2569/4509/1980 2614/4510/1980 2626/4511/1979
f 2580/4512/1981 2585/4513/1982 2630/4514/1982 2625/4515/1981
f 2582/4516/1983 2581/4508/1979 2626/4511/1979 2627/4517/1983
f 2583/4518/1984 2582/4516/1983 2627/4517/1983 2628/4519/1984
f 2584/4520/1985 2583/4518/1984 2628/4519/1984 2629/4521/1985
f 2585/4513/1982 2584/4520/1985 2629/4521/1985 2630/4514/1982
f 2586/4500/1976 2577/4522/1986 2622/4523/1986 2631/4501/1976
f 2587/4524/1978 2580/4512/1978 2625/4515/1978 2632/4525/1978
f 2588/4526/1978 2587/4524/1978 2632/4525/1978 2633/4527/1978
f 2589/4506/1978 2588/4526/1978 2633/4527/1978 2634/4507/1978
o Plane.002
v 1.163881 0.981113 0.173387
v 1.444056 0.897254 0.107632
v 1.310641 0.937103 0.137454
v 1.199372 0.969996 0.156254
v 1.139252 0.989408 0.195608
v 1.552620 0.862983 0.050493
v 1.627059 0.837550 -0.023139
v 1.674344 0.819005 -0.112486
v 1.704003 0.804925 -0.212152
v 1.716035 0.795308 -0.322138
v 1.702858 0.792185 -0.444946
v 1.700417 0.788872 -0.516428
v 1.192521 0.977190 0.249488
v 1.753445 0.776830 -0.460630
v 1.152894 0.942712 0.175543
v 1.433069 0.858854 0.109788
v 1.299653 0.898702 0.139609
v 1.188384 0.931596 0.158409
v 1.128264 0.951007 0.197764
v 1.541632 0.824583 0.052649
v 1.616072 0.799150 -0.020984
v 1.663357 0.780605 -0.110331
v 1.693015 0.766524 -0.209997
v 1.705047 0.756908 -0.319982
v 1.691870 0.753785 -0.442790
v 1.689429 0.750471 -0.514272
v 1.181533 0.938789 0.251644
v 1.742457 0.738430 -0.458475
v 1.123487 0.981468 0.221217
v 1.119824 0.968667 0.221936
v 1.160219 0.968313 0.174106
v 1.156556 0.955513 0.174824
v 1.173816 0.969774 0.269458
v 1.170153 0.956974 0.270177
v 1.222599 0.953844 0.234334
v 1.218936 0.941044 0.235053
v 1.707019 0.772886 -0.520126
v 1.703357 0.760086 -0.519407
v 1.739872 0.765134 -0.490770
v 1.736210 0.752333 -0.490052
v 1.440394 0.884454 0.108351
v 1.436731 0.871654 0.109069
v 1.306978 0.924303 0.138172
v 1.303316 0.911503 0.138891
v 1.195710 0.957196 0.156972
v 1.192047 0.944396 0.157691
v 1.135589 0.976608 0.196327
v 1.131926 0.963807 0.197045
v 1.548957 0.850183 0.051212
v 1.545294 0.837383 0.051930
v 1.623397 0.824750 -0.022421
v 1.619734 0.811950 -0.021702
v 1.670682 0.806205 -0.111768
v 1.667019 0.793405 -0.111049
v 1.700340 0.792125 -0.211434
v 1.696678 0.779324 -0.210715
v 1.712373 0.782508 -0.321419
v 1.708710 0.769708 -0.320701
v 1.699195 0.779385 -0.444227
v 1.695533 0.766585 -0.443509
v 1.500873 0.870406 0.166375
v 1.497210 0.857606 0.167093
v 1.373433 0.908934 0.203125
v 1.369770 0.896134 0.203844
v 1.262164 0.941827 0.221925
v 1.258501 0.929027 0.222644
v 1.194814 0.962851 0.253148
v 1.191151 0.950051 0.253867
v 1.609164 0.836195 0.108921
v 1.605502 0.823395 0.109639
v 1.683604 0.810762 0.035288
v 1.679941 0.797962 0.036007
v 1.730889 0.792217 -0.054059
v 1.727226 0.779417 -0.053341
v 1.760738 0.778085 -0.153665
v 1.757075 0.765285 -0.152946
v 1.777632 0.767213 -0.261246
v 1.773970 0.754412 -0.260527
v 1.778612 0.761324 -0.361164
v 1.774949 0.748523 -0.360445
v 1.701673 0.774880 -0.511858
v 1.698010 0.762080 -0.511140
v 1.755179 0.762826 -0.453853
v 1.751516 0.750026 -0.453134
v 1.715572 0.770542 -0.518293
v 1.711909 0.757742 -0.517574
v 1.154671 0.975460 0.273147
v 1.151008 0.962659 0.273866
v 1.729546 0.767108 -0.508241
v 1.725883 0.754307 -0.507523
v 1.125821 0.982162 0.245495
v 1.122159 0.969362 0.246213
v 1.173189 0.965215 0.185040
v 1.169527 0.952415 0.185758
v 1.453364 0.881357 0.119285
v 1.449702 0.868556 0.120003
v 1.319949 0.921205 0.149106
v 1.316286 0.908405 0.149825
v 1.208680 0.954098 0.167906
v 1.205017 0.941298 0.168625
v 1.148560 0.973510 0.207260
v 1.144897 0.960710 0.207979
v 1.561927 0.847086 0.062146
v 1.558265 0.834285 0.062864
v 1.636367 0.821653 -0.011487
v 1.632705 0.808852 -0.010768
v 1.683652 0.803108 -0.100834
v 1.679990 0.790307 -0.100115
v 1.713311 0.789027 -0.200500
v 1.709648 0.776227 -0.199781
v 1.725343 0.779410 -0.310485
v 1.721680 0.766610 -0.309767
v 1.712166 0.776288 -0.433293
v 1.708503 0.763487 -0.432574
v 1.709725 0.772974 -0.504775
v 1.706062 0.760173 -0.504056
v 1.125659 0.989060 0.220791
v 1.172056 0.983940 0.265414
v 1.175988 0.977367 0.269032
v 1.221607 0.967758 0.229717
v 1.224771 0.961437 0.233908
v 1.709191 0.780478 -0.520552
v 1.742045 0.772726 -0.491197
v 1.735764 0.779679 -0.500019
v 1.503045 0.877998 0.165949
v 1.500204 0.884212 0.161497
v 1.372885 0.922704 0.198230
v 1.375605 0.916526 0.202699
v 1.261606 0.955604 0.217086
v 1.264336 0.949419 0.221499
v 1.196986 0.970443 0.252722
v 1.611337 0.843787 0.108495
v 1.608476 0.850006 0.104031
v 1.685776 0.818354 0.034862
v 1.682875 0.824583 0.030360
v 1.733062 0.799809 -0.054485
v 1.730078 0.806057 -0.059065
v 1.762910 0.785677 -0.154091
v 1.759800 0.791955 -0.158784
v 1.779805 0.774805 -0.261672
v 1.776510 0.781134 -0.266376
v 1.780784 0.768916 -0.361590
v 1.777301 0.775255 -0.367084
v 1.757351 0.770418 -0.454279
v 1.717797 0.784089 -0.513038
v 1.717744 0.778134 -0.518719
v 1.162454 0.986794 0.267310
v 1.156843 0.983052 0.272721
v 1.731718 0.774700 -0.508667
v 1.127994 0.989755 0.245069
v 1.133387 0.993547 0.239457
v 1.117651 0.961075 0.222362
v 1.167981 0.949382 0.270603
v 1.161068 0.945539 0.267569
v 1.216764 0.933452 0.235479
v 1.210619 0.929357 0.231872
v 1.701184 0.752494 -0.518981
v 1.724776 0.741278 -0.497864
v 1.734037 0.744741 -0.489626
v 1.489216 0.845811 0.163652
v 1.495038 0.850013 0.167519
v 1.367598 0.888541 0.204270
v 1.361897 0.884304 0.200385
v 1.256329 0.921434 0.223070
v 1.250618 0.917203 0.219241
v 1.188979 0.942458 0.254293
v 1.597488 0.811605 0.106187
v 1.603329 0.815802 0.110065
v 1.671887 0.786182 0.032515
v 1.677769 0.790370 0.036433
v 1.719091 0.767656 -0.056910
v 1.725054 0.771824 -0.052914
v 1.748812 0.753554 -0.156628
v 1.754903 0.757693 -0.152520
v 1.765522 0.742733 -0.264220
v 1.771797 0.746820 -0.260101
v 1.766313 0.736854 -0.364929
v 1.772777 0.740931 -0.360019
v 1.749344 0.742434 -0.452708
v 1.709737 0.750149 -0.517148
v 1.706809 0.745688 -0.510882
v 1.148836 0.955067 0.274292
v 1.151466 0.948393 0.269465
v 1.723711 0.746715 -0.507097
v 1.122399 0.955147 0.241613
v 1.119986 0.961770 0.246640
vn 0.3966 -0.0621 0.9159
vn 0.1895 0.0009 0.9819
vn -0.7066 -0.1309 -0.6954
vn -0.7666 0.0338 -0.6412
vn -0.7669 0.0349 -0.6408
vn -0.6462 0.2258 0.7290
vn 0.4165 -0.0683 0.9066
vn 0.5589 -0.1138 0.8214
vn 0.7653 -0.1844 0.6167
vn 0.5640 -0.1155 0.8176
vn 0.3610 -0.0510 0.9312
vn 0.8858 -0.2308 0.4026
vn 0.9360 -0.2542 0.2434
vn 0.9580 -0.2685 0.1008
vn 0.9542 -0.2791 -0.1080
vn 0.9541 0.0125 -0.2992
vn 0.9086 -0.2775 -0.3121
vn 0.2747 0.9600 -0.0539
vn 0.3674 -0.1566 -0.9168
vn 0.7195 0.1219 -0.6837
vn 0.6936 -0.2366 -0.6804
vn 0.9010 -0.0152 -0.4336
vn 0.8521 -0.2690 -0.4490
vn 0.1804 -0.1065 -0.9778
vn 0.2071 0.9762 -0.0645
vn -0.9568 0.2785 0.0840
vn -0.9426 0.2578 -0.2124
vn -0.9456 0.2596 -0.1962
vn 0.2199 -0.0082 0.9755
vn 0.2303 -0.0113 0.9731
vn 0.7946 -0.5447 -0.2679
vn -0.2747 -0.9600 0.0539
vn -0.3409 -0.9391 0.0430
vn 0.5263 -0.5530 -0.6459
vn 0.7601 -0.5073 -0.4060
vn -0.1924 -0.0000 -0.9813
vn -0.3333 0.0425 -0.9419
vn -0.5628 0.1151 -0.8186
vn -0.7653 0.1844 -0.6167
vn -0.2952 0.0309 -0.9549
vn -0.5317 0.1050 -0.8404
vn -0.7983 0.1965 -0.5692
vn -0.7548 0.1806 -0.6306
vn -0.7568 -0.6535 -0.0146
vn -0.6458 -0.7405 0.1861
vn -0.8861 0.2310 -0.4017
vn -0.9413 0.2570 -0.2189
vn -0.9615 0.2742 -0.0163
vn -0.9297 0.3667 0.0352
vn -0.8926 0.4502 -0.0255
vn -0.6886 0.3087 -0.6562
vn -0.6877 0.3095 -0.6567
vn -0.5515 0.4111 -0.7258
vn -0.1522 0.9843 0.0893
vn -0.9817 0.1847 0.0454
vn -0.9961 0.0885 -0.0052
vn 0.5990 -0.2147 -0.7714
vn -0.2983 0.9487 -0.1046
vn -0.9589 0.2776 0.0578
vn -0.9609 0.2761 0.0200
vn -0.6369 0.1397 -0.7581
vn -0.6149 0.2185 0.7578
vn 0.4353 0.6472 0.6258
vn 0.3371 0.6437 0.6870
vn 0.3578 0.6452 0.6750
vn 0.4610 0.6465 0.6079
vn 0.3677 0.6412 0.6736
vn 0.3430 0.6414 0.6862
vn 0.5040 0.6381 0.5821
vn 0.4689 0.6399 0.6088
vn 0.5840 0.6314 0.5101
vn 0.5764 0.6315 0.5186
vn 0.4278 0.6175 0.6601
vn 0.5098 0.6282 0.5878
vn 0.5745 0.6354 0.5160
vn 0.5884 0.6330 0.5031
vn 0.7147 0.5975 0.3637
vn 0.7097 0.5994 0.3702
vn 0.8054 0.5497 0.2217
vn 0.7955 0.5562 0.2403
vn 0.8503 0.5129 0.1181
vn 0.8425 0.5203 0.1396
vn 0.8799 0.4748 0.0174
vn 0.8720 0.4871 0.0487
vn 0.9161 0.3642 -0.1676
vn 0.9021 0.4246 -0.0764
vn 0.8144 0.2778 -0.5095
vn 0.9003 0.2764 -0.3364
vn 0.4384 0.6227 -0.6481
vn 0.3184 0.6591 -0.6813
vn 0.4559 0.6163 -0.6421
vn 0.3199 0.5941 0.7381
vn -0.3371 0.8980 0.2828
vn -0.1920 0.8889 0.4159
vn 0.0684 -0.7254 0.6849
vn -0.0165 -0.6630 0.7484
vn -0.0329 -0.6495 0.7596
vn 0.0468 -0.7106 0.7020
vn -0.0267 -0.6508 0.7588
vn -0.0060 -0.6649 0.7469
vn 0.0787 -0.7239 0.6854
vn 0.1086 -0.7436 0.6597
vn 0.1717 -0.7829 0.5980
vn 0.1779 -0.7877 0.5898
vn 0.1189 -0.7378 0.6645
vn 0.0571 -0.6780 0.7328
vn 0.1807 -0.7921 0.5831
vn 0.1679 -0.7854 0.5958
vn 0.2974 -0.8415 0.4511
vn 0.3025 -0.8431 0.4446
vn 0.3892 -0.8638 0.3200
vn 0.4005 -0.8654 0.3012
vn 0.4450 -0.8687 0.2175
vn 0.4550 -0.8687 0.1957
vn 0.4849 -0.8656 0.1246
vn 0.4972 -0.8627 0.0925
vn 0.5398 -0.8418 -0.0053
vn 0.5808 -0.8076 -0.1019
vn 0.6087 -0.7427 -0.2792
vn 0.5298 -0.7165 -0.4537
vn 0.0430 -0.8266 -0.5611
vn -0.0975 -0.7943 -0.5997
vn 0.0246 -0.8234 -0.5669
vn -0.0199 -0.5933 0.8047
vn -0.7515 -0.5502 0.3641
vn -0.6196 -0.6053 0.4998
vt 0.587533 0.993846
vt 0.584853 0.993637
vt 0.584857 0.992634
vt 0.587561 0.992709
vt 0.779335 0.994640
vt 0.777745 0.993009
vt 0.777894 0.991617
vt 0.779825 0.991770
vt 0.584832 0.991013
vt 0.579931 0.991062
vt 0.579965 0.990014
vt 0.584797 0.990047
vt 0.597189 0.994137
vt 0.591530 0.994050
vt 0.591566 0.992790
vt 0.597194 0.992822
vt 0.681947 0.993362
vt 0.665294 0.993472
vt 0.665282 0.992233
vt 0.681938 0.992102
vt 0.645507 0.993641
vt 0.645495 0.992393
vt 0.697990 0.993238
vt 0.697982 0.991998
vt 0.714492 0.993149
vt 0.714483 0.991885
vt 0.731863 0.993041
vt 0.731853 0.991774
vt 0.747725 0.992947
vt 0.747721 0.991658
vt 0.763429 0.992912
vt 0.763423 0.991591
vt 0.829282 0.769383
vt 0.804224 0.762800
vt 0.789413 0.748045
vt 0.808616 0.748670
vt 0.776258 0.992827
vt 0.773485 0.992777
vt 0.773466 0.991503
vt 0.776312 0.991530
vt 0.770109 0.992852
vt 0.770094 0.991539
vt 0.856350 0.769083
vt 0.841574 0.752250
vt 0.997021 0.605696
vt 0.991606 0.613829
vt 0.976668 0.597764
vt 0.982726 0.590873
vt 0.885324 0.764334
vt 0.871175 0.748805
vt 0.912226 0.755960
vt 0.898063 0.740449
vt 0.936424 0.742716
vt 0.922240 0.727182
vt 0.956482 0.721895
vt 0.942288 0.706349
vt 0.972302 0.691633
vt 0.958022 0.676006
vt 0.966500 0.638749
vt 0.982617 0.656072
vt 0.988072 0.625002
vt 0.971940 0.607682
vt 0.580015 0.993731
vt 0.576666 0.994075
vt 0.576583 0.992922
vt 0.579948 0.992737
vt 0.793700 0.757897
vt 0.790264 0.752893
vt 0.587535 0.990885
vt 0.587467 0.989752
vt 0.597183 0.990587
vt 0.591554 0.990698
vt 0.591503 0.989458
vt 0.597161 0.989281
vt 0.681922 0.990036
vt 0.665268 0.990167
vt 0.665257 0.988920
vt 0.681910 0.988796
vt 0.645480 0.990301
vt 0.645471 0.989040
vt 0.623590 0.990445
vt 0.604373 0.990557
vt 0.604368 0.989244
vt 0.623582 0.989161
vt 0.697965 0.989907
vt 0.697953 0.988658
vt 0.714468 0.989775
vt 0.714457 0.988514
vt 0.731839 0.989650
vt 0.731829 0.988375
vt 0.747704 0.989522
vt 0.747689 0.988244
vt 0.763407 0.989370
vt 0.763394 0.988049
vt 0.503966 0.647252
vt 0.493010 0.664154
vt 0.486821 0.657660
vt 0.497393 0.641983
vt 0.776323 0.989292
vt 0.773456 0.989347
vt 0.773454 0.988045
vt 0.776232 0.987999
vt 0.770079 0.989331
vt 0.770076 0.988013
vt 0.686137 0.769104
vt 0.664522 0.779039
vt 0.679921 0.757023
vt 0.697187 0.753408
vt 0.948885 0.990133
vt 0.921890 0.989974
vt 0.921905 0.987446
vt 0.948900 0.987605
vt 0.777880 0.989206
vt 0.777737 0.987825
vt 0.639995 0.783068
vt 0.650683 0.765498
vt 0.613038 0.783377
vt 0.623367 0.767085
vt 0.587379 0.780079
vt 0.597722 0.763800
vt 0.563391 0.771945
vt 0.573750 0.755644
vt 0.541944 0.756303
vt 0.552310 0.739989
vt 0.522828 0.731449
vt 0.533260 0.715048
vt 0.507850 0.700928
vt 0.519673 0.682702
vt 0.509818 0.655471
vt 0.497980 0.673697
vt 0.576576 0.990929
vt 0.576623 0.989769
vt 0.694875 0.762998
vt 0.697188 0.757927
vt 0.897741 0.989831
vt 0.877314 0.989711
vt 0.877329 0.987183
vt 0.897756 0.987304
vt 0.971169 0.990264
vt 0.971184 0.987736
vt 0.978932 0.990310
vt 0.978947 0.987782
vt 0.985414 0.990348
vt 0.985429 0.987820
vt 0.490753 0.639609
vt 0.486452 0.642347
vt 0.857830 0.989596
vt 0.857845 0.987069
vt 0.837937 0.989479
vt 0.837952 0.986951
vt 0.816882 0.989355
vt 0.816898 0.986827
vt 0.793446 0.989215
vt 0.793476 0.986686
vt 0.779854 0.989042
vt 0.779348 0.986166
vt 0.481059 0.650836
vt 0.481976 0.653174
vt 0.990741 0.990379
vt 0.990750 0.988880
vt 0.623619 0.993845
vt 0.623607 0.992583
vt 0.604402 0.994049
vt 0.604389 0.992760
vt 0.994531 0.589201
vt 1.001915 0.597291
vt 1.001372 0.599972
vt 0.793432 0.994275
vt 0.793430 0.991748
vt 0.746579 0.555498
vt 0.750346 0.558537
vt 0.750279 0.561782
vt 0.746511 0.558743
vt 0.816853 0.994411
vt 0.816868 0.991883
vt 0.884263 0.594516
vt 0.895473 0.591842
vt 0.895329 0.595090
vt 0.884119 0.597765
vt 0.837907 0.994534
vt 0.837922 0.992007
vt 0.804077 0.594305
vt 0.814394 0.586249
vt 0.814326 0.589494
vt 0.804009 0.597550
vt 0.857801 0.994652
vt 0.857816 0.992124
vt 0.741709 0.554786
vt 0.743097 0.554672
vt 0.743029 0.557917
vt 0.741641 0.558032
vt 0.877285 0.994766
vt 0.877300 0.992239
vt 0.934092 0.547241
vt 0.937638 0.546105
vt 0.937494 0.549354
vt 0.933948 0.550489
vt 0.989401 0.587075
vt 0.990726 0.992907
vt 0.985399 0.992876
vt 0.985384 0.995403
vt 0.978902 0.995365
vt 0.978917 0.992837
vt 0.782402 0.596821
vt 0.793470 0.598515
vt 0.793403 0.601760
vt 0.782335 0.600066
vt 0.971139 0.995319
vt 0.971154 0.992792
vt 0.854798 0.573009
vt 0.864079 0.584061
vt 0.863935 0.587310
vt 0.854654 0.576258
vt 0.921860 0.995029
vt 0.897712 0.994887
vt 0.897727 0.992359
vt 0.921875 0.992501
vt 0.948856 0.995188
vt 0.948871 0.992660
vt 0.920309 0.565304
vt 0.930116 0.550620
vt 0.929972 0.553869
vt 0.920165 0.568552
vt 0.824421 0.574347
vt 0.824354 0.577592
vt 0.759224 0.572398
vt 0.759157 0.575643
vt 0.392464 0.186233
vt 0.392464 0.168263
vt 0.395810 0.168263
vt 0.395810 0.186233
vt 0.392464 0.217242
vt 0.395810 0.217242
vt 0.392464 0.245116
vt 0.395810 0.245116
vt 0.392464 0.271452
vt 0.395810 0.271452
vt 0.392464 0.297246
vt 0.395810 0.297246
vt 0.392464 0.440357
vt 0.392464 0.431775
vt 0.395810 0.431775
vt 0.395810 0.440357
vt 0.392464 0.421498
vt 0.395810 0.421498
vt 0.392464 0.356259
vt 0.392464 0.324289
vt 0.395810 0.324289
vt 0.395810 0.356259
vt 0.392464 0.391997
vt 0.395810 0.391997
vt 0.873900 0.591230
vt 0.873756 0.594479
vt 0.770481 0.588113
vt 0.770414 0.591359
vt 0.833872 0.557184
vt 0.839715 0.549149
vt 0.839649 0.551200
vt 0.833805 0.560429
vt 0.907996 0.582058
vt 0.907852 0.585306
vt 0.841102 0.549088
vt 0.846438 0.556630
vt 0.846294 0.559879
vt 0.841035 0.551139
vt 0.645099 0.994865
vt 0.623101 0.995030
vt 0.603882 0.995247
vt 0.596744 0.995403
vt 0.590930 0.995310
vt 0.586858 0.994869
vt 0.665105 0.994740
vt 0.682043 0.994677
vt 0.698330 0.994509
vt 0.714999 0.994398
vt 0.732503 0.994265
vt 0.748669 0.994084
vt 0.772063 0.993905
vt 0.764698 0.993977
vt 0.776016 0.994252
vt 0.585242 0.994812
vt 0.579664 0.994821
vt 0.623046 0.987984
vt 0.645045 0.987822
vt 0.603829 0.988055
vt 0.596695 0.988022
vt 0.590871 0.988200
vt 0.586761 0.988751
vt 0.665050 0.987654
vt 0.681985 0.987481
vt 0.698274 0.987381
vt 0.714947 0.987259
vt 0.732451 0.987143
vt 0.748616 0.987094
vt 0.764647 0.986966
vt 0.772021 0.986930
vt 0.775990 0.986561
vt 0.585155 0.988865
vt 0.579589 0.988938
vt 0.990718 0.994406
s 1
usemtl Material.001
f 2773/4528/1987 2802/4529/1988 2741/4530/1988 2687/4531/1987
f 2666/4532/1989 2776/4533/1989 2691/4534/1990 2735/4535/1991
f 2742/4536/1992 2746/4537/1992 2840/4538/1992 2836/4539/1992
f 2775/4540/1993 2785/4541/1994 2721/4542/1994 2689/4543/1993
f 2788/4544/1995 2786/4545/1996 2723/4546/1996 2725/4547/1995
f 2786/4545/1996 2779/4548/1997 2715/4549/1997 2723/4546/1996
f 2790/4550/1998 2788/4544/1995 2725/4547/1995 2727/4551/1998
f 2792/4552/1999 2790/4550/1998 2727/4551/1998 2729/4553/1999
f 2794/4554/2000 2792/4552/1999 2729/4553/1999 2731/4555/2000
f 2796/4556/2001 2794/4554/2000 2731/4555/2000 2733/4557/2001
f 2798/4558/2002 2796/4556/2001 2733/4557/2001 2737/4559/2003
f 2797/4560/2004 2668/4561/2004 2666/4562/2004 2665/4563/2004
f 2800/4564/2005 2803/4565/2006 2743/4566/2007 2739/4567/2005
f 2803/4565/2006 2777/4568/2008 2693/4569/2009 2743/4566/2007
f 2795/4570/2004 2797/4560/2004 2665/4563/2004 2664/4571/2004
f 2776/4533/2010 2800/4564/2005 2739/4567/2005 2691/4534/2010
f 2667/4572/2004 2774/4573/2004 2655/4574/2004 2659/4575/2011
f 2793/4576/2004 2795/4570/2004 2664/4571/2004 2663/4577/2004
f 2791/4578/2004 2793/4576/2004 2663/4577/2004 2662/4579/2004
f 2789/4580/2004 2791/4578/2004 2662/4579/2004 2661/4581/2004
f 2787/4582/2004 2789/4580/2004 2661/4581/2004 2660/4583/2004
f 2780/4584/2004 2787/4582/2004 2660/4583/2004 2656/4585/2004
f 2780/4584/2004 2656/4585/2004 2657/4586/2004 2781/4587/2004
f 2655/4574/2004 2774/4573/2004 2783/4588/2004 2658/4589/2004
f 2781/4587/2004 2657/4586/2004 2658/4589/2004 2783/4588/2004
f 2804/4590/2012 2771/4591/2013 2683/4592/2014 2745/4593/2012
f 2666/4562/2004 2668/4561/2004 2778/4594/2004 2799/4595/2004
f 2688/4596/1987 2742/4536/1988 2836/4539/1988 2807/4597/1987
f 2690/4598/1993 2722/4599/1994 2820/4600/1994 2809/4601/1993
f 2726/4602/1995 2724/4603/1996 2822/4604/1996 2824/4605/1995
f 2724/4603/1996 2716/4606/1997 2815/4607/1997 2822/4604/1996
f 2718/4608/2015 2720/4609/2016 2818/4610/2016 2816/4611/2015
f 2728/4612/1998 2726/4602/1995 2824/4605/1995 2826/4613/1998
f 2730/4614/1999 2728/4612/1998 2826/4613/1998 2828/4615/1999
f 2732/4616/2000 2730/4614/1999 2828/4615/1999 2830/4617/2000
f 2734/4618/2001 2732/4616/2000 2830/4617/2000 2832/4619/2001
f 2738/4620/2003 2734/4618/2001 2832/4619/2001 2833/4621/2017
f 2669/4622/2018 2810/4623/2018 2681/4624/2018 2673/4625/2019
f 2740/4626/2005 2744/4627/2007 2838/4628/2020 2834/4629/2005
f 2744/4627/2007 2694/4630/2009 2813/4631/2021 2838/4628/2020
f 2682/4632/2018 2831/4633/2018 2679/4634/2018 2680/4635/2018
f 2698/4636/2022 2696/4637/2023 2670/4638/2023 2671/4639/2022
f 2692/4640/2010 2740/4626/2005 2834/4629/2005 2811/4641/2010
f 2679/4634/2018 2831/4633/2018 2829/4642/2018 2678/4643/2018
f 2678/4643/2018 2829/4642/2018 2827/4644/2018 2677/4645/2018
f 2677/4645/2018 2827/4644/2018 2825/4646/2018 2676/4647/2018
f 2676/4647/2018 2825/4646/2018 2823/4648/2018 2675/4649/2018
f 2675/4649/2018 2823/4648/2018 2821/4650/2018 2674/4651/2018
f 2674/4651/2018 2821/4650/2018 2814/4652/2018 2670/4653/2018
f 2670/4653/2018 2814/4652/2018 2817/4654/2018 2671/4655/2018
f 2672/4656/2018 2819/4657/2018 2810/4623/2018 2669/4622/2018
f 2671/4655/2018 2817/4654/2018 2819/4657/2018 2672/4656/2018
f 2746/4537/2012 2684/4658/2014 2806/4659/2013 2840/4538/2012
f 2812/4660/2018 2682/4632/2018 2680/4635/2018 2835/4661/2018
f 2704/4662/2024 2706/4663/2025 2675/4664/2025 2674/4665/2024
f 2700/4666/2026 2698/4636/2022 2671/4639/2022 2672/4667/2026
f 2696/4637/2023 2704/4662/2024 2674/4665/2024 2670/4638/2023
f 2686/4668/2027 2700/4666/2026 2672/4667/2026 2669/4669/2027
f 2702/4670/2028 2686/4668/2027 2669/4669/2027 2673/4671/2029
f 2806/4672/2030 2673/4625/2019 2839/4673/2031
f 2706/4663/2025 2708/4674/2032 2676/4675/2032 2675/4664/2025
f 2708/4674/2032 2710/4676/2033 2677/4677/2033 2676/4675/2032
f 2710/4676/2033 2712/4678/2034 2678/4679/2034 2677/4677/2033
f 2712/4678/2034 2714/4680/2035 2679/4681/2035 2678/4679/2034
f 2714/4680/2035 2736/4682/2036 2680/4683/2036 2679/4681/2035
f 2736/4682/2037 2692/4640/2038 2811/4641/2039 2680/4683/2039
f 2837/4684/2018 2681/4624/2018 2808/4685/2018
f 2802/4529/1992 2804/4590/1992 2745/4593/1992 2741/4530/1992
f 2839/4673/2031 2673/4625/2019 2681/4624/2018 2837/4684/2018
f 2694/4630/2009 2738/4620/2003 2833/4621/2017 2813/4631/2021
f 2720/4609/2016 2690/4598/1993 2809/4601/1993 2818/4610/2016
f 2716/4606/1997 2718/4608/2015 2816/4611/2015 2815/4607/1997
f 2722/4599/1994 2688/4596/1987 2807/4597/1987 2820/4600/1994
f 2684/4686/2014 2702/4670/2028 2673/4671/2029 2806/4687/2013
f 2785/4541/1994 2773/4528/1987 2687/4531/1987 2721/4542/1994
f 2745/4593/2012 2683/4592/2014 2684/4658/2014 2746/4537/2012
f 2779/4548/1997 2782/4688/2015 2717/4689/2015 2715/4549/1997
f 2743/4566/2007 2693/4569/2009 2694/4630/2009 2744/4627/2007
f 2784/4690/2016 2775/4540/1993 2689/4543/1993 2719/4691/2016
f 2687/4531/1987 2741/4530/1988 2742/4536/1988 2688/4596/1987
f 2777/4568/2008 2798/4558/2002 2737/4559/2003 2693/4569/2009
f 2691/4534/2010 2739/4567/2005 2740/4626/2005 2692/4640/2010
f 2805/4692/2040 2801/4693/2004 2667/4572/2004 2659/4575/2011
f 2741/4530/1992 2745/4593/1992 2746/4537/1992 2742/4536/1992
f 2693/4569/2009 2737/4559/2003 2738/4620/2003 2694/4630/2009
f 2735/4535/1991 2691/4534/1990 2692/4640/2038 2736/4682/2037
f 2737/4559/2003 2733/4557/2001 2734/4618/2001 2738/4620/2003
f 2733/4557/2001 2731/4555/2000 2732/4616/2000 2734/4618/2001
f 2731/4555/2000 2729/4553/1999 2730/4614/1999 2732/4616/2000
f 2729/4553/1999 2727/4551/1998 2728/4612/1998 2730/4614/1999
f 2727/4551/1998 2725/4547/1995 2726/4602/1995 2728/4612/1998
f 2801/4693/2004 2772/4694/2004 2667/4572/2004
f 2721/4542/1994 2687/4531/1987 2688/4596/1987 2722/4599/1994
f 2689/4543/1993 2721/4542/1994 2722/4599/1994 2690/4598/1993
f 2719/4691/2016 2689/4543/1993 2690/4598/1993 2720/4609/2016
f 2782/4688/2015 2784/4690/2016 2719/4691/2016 2717/4689/2015
f 2723/4546/1996 2715/4549/1997 2716/4606/1997 2724/4603/1996
f 2717/4689/2015 2719/4691/2016 2720/4609/2016 2718/4608/2015
f 2725/4547/1995 2723/4546/1996 2724/4603/1996 2726/4602/1995
f 2715/4549/1997 2717/4689/2015 2718/4608/2015 2716/4606/1997
f 2665/4695/2041 2666/4532/2042 2735/4535/2042 2713/4696/2041
f 2685/4697/2018 2699/4698/2018 2753/4699/2018 2747/4700/2018
f 2664/4701/2034 2665/4695/2041 2713/4696/2041 2711/4702/2034
f 2706/4703/2004 2704/4704/2004 2758/4705/2004 2760/4706/2004
f 2663/4707/2033 2664/4701/2034 2711/4702/2034 2709/4708/2033
f 2707/4709/2018 2709/4710/2018 2763/4711/2018 2761/4712/2018
f 2662/4713/2032 2663/4707/2033 2709/4708/2033 2707/4714/2032
f 2702/4715/2043 2701/4716/2043 2755/4717/2043 2756/4718/2043
f 2661/4719/2025 2662/4713/2032 2707/4714/2032 2705/4720/2025
f 2686/4721/2004 2702/4722/2004 2756/4723/2004 2748/4724/2004
f 2771/4725/2044 2805/4692/2040 2659/4575/2011
f 2683/4726/2014 2701/4727/2028 2702/4670/2028 2684/4686/2014
f 2659/4728/2029 2655/4729/2027 2685/4730/2027 2701/4727/2028
f 2703/4731/2018 2705/4732/2018 2759/4733/2018 2757/4734/2018
f 2655/4729/2027 2658/4735/2026 2699/4736/2026 2685/4730/2027
f 2712/4737/2004 2710/4738/2004 2764/4739/2004 2766/4740/2004
f 2656/4741/2023 2660/4742/2024 2703/4743/2024 2695/4744/2023
f 2701/4716/2018 2685/4697/2018 2747/4700/2018 2755/4717/2018
f 2658/4735/2026 2657/4745/2022 2697/4746/2022 2699/4736/2026
f 2698/4747/2004 2700/4748/2004 2754/4749/2004 2752/4750/2004
f 2660/4742/2024 2661/4719/2025 2705/4720/2025 2703/4743/2024
f 2709/4710/2018 2711/4751/2018 2765/4752/2018 2763/4711/2018
f 2657/4745/2022 2656/4741/2023 2695/4744/2023 2697/4746/2022
f 2699/4698/2018 2697/4753/2018 2751/4754/2018 2753/4699/2018
f 2739/4567/2005 2743/4566/2007 2744/4627/2007 2740/4626/2005
f 2767/4755/2045 2769/4756/2046 2770/4757/2046 2768/4758/2045
f 2765/4759/2034 2767/4755/2045 2768/4758/2045 2766/4760/2034
f 2763/4761/2033 2765/4759/2034 2766/4760/2034 2764/4762/2033
f 2761/4763/2032 2763/4761/2033 2764/4762/2033 2762/4764/2032
f 2759/4765/2025 2761/4763/2032 2762/4764/2032 2760/4766/2025
f 2755/4767/2047 2747/4768/2027 2748/4769/2027 2756/4770/2047
f 2747/4768/2027 2753/4771/2026 2754/4772/2026 2748/4769/2027
f 2749/4773/2023 2757/4774/2024 2758/4775/2024 2750/4776/2023
f 2753/4771/2026 2751/4777/2022 2752/4778/2022 2754/4772/2026
f 2757/4774/2024 2759/4765/2025 2760/4766/2025 2758/4775/2024
f 2751/4777/2022 2749/4773/2023 2750/4776/2023 2752/4778/2022
f 2710/4738/2004 2708/4779/2004 2762/4780/2004 2764/4739/2004
f 2697/4753/2018 2695/4781/2018 2749/4782/2018 2751/4754/2018
f 2713/4783/2018 2735/4784/2018 2769/4785/2018 2767/4786/2018
f 2700/4748/2004 2686/4721/2004 2748/4724/2004 2754/4749/2004
f 2705/4732/2018 2707/4709/2018 2761/4712/2018 2759/4733/2018
f 2696/4787/2004 2698/4747/2004 2752/4750/2004 2750/4788/2004
f 2736/4789/2004 2714/4790/2004 2768/4791/2004 2770/4792/2004
f 2695/4781/2018 2703/4731/2018 2757/4734/2018 2749/4782/2018
f 2708/4779/2004 2706/4703/2004 2760/4706/2004 2762/4780/2004
f 2711/4751/2018 2713/4783/2018 2767/4786/2018 2765/4752/2018
f 2704/4704/2004 2696/4787/2004 2750/4788/2004 2758/4705/2004
f 2735/4784/2048 2736/4789/2048 2770/4792/2048 2769/4785/2048
f 2714/4790/2004 2712/4737/2004 2766/4740/2004 2768/4791/2004
f 2780/4793/2049 2781/4794/2050 2782/4688/2051 2779/4548/2052
f 2781/4794/2050 2783/4795/2053 2784/4690/2054 2782/4688/2051
f 2783/4795/2053 2774/4796/2055 2775/4540/2056 2784/4690/2054
f 2774/4796/2055 2667/4797/2057 2785/4541/2058 2775/4540/2056
f 2667/4797/2057 2772/4798/2059 2773/4528/2060 2785/4541/2058
f 2787/4799/2061 2780/4793/2049 2779/4548/2052 2786/4545/2062
f 2789/4800/2063 2787/4799/2061 2786/4545/2062 2788/4544/2064
f 2791/4801/2065 2789/4800/2063 2788/4544/2064 2790/4550/2066
f 2793/4802/2067 2791/4801/2065 2790/4550/2066 2792/4552/2068
f 2795/4803/2069 2793/4802/2067 2792/4552/2068 2794/4554/2070
f 2797/4804/2071 2795/4803/2069 2794/4554/2070 2796/4556/2072
f 2778/4805/2073 2668/4806/2074 2798/4558/2002 2777/4568/2008
f 2668/4806/2074 2797/4804/2071 2796/4556/2072 2798/4558/2002
f 2800/4564/2075 2776/4533/2076 2666/4532/2076 2799/4807/2077
f 2802/4529/2078 2773/4528/2060 2772/4798/2059 2801/4808/2078
f 2777/4568/2008 2803/4565/2006 2778/4805/2073
f 2803/4565/2006 2800/4564/2075 2799/4807/2077 2778/4805/2073
f 2771/4591/2044 2804/4590/2079 2805/4809/2040
f 2804/4590/2079 2802/4529/2080 2801/4808/2080 2805/4809/2040
f 2815/4607/2081 2816/4611/2082 2817/4810/2083 2814/4811/2084
f 2816/4611/2082 2818/4610/2085 2819/4812/2086 2817/4810/2083
f 2818/4610/2085 2809/4601/2087 2810/4813/2088 2819/4812/2086
f 2809/4601/2087 2820/4600/2089 2681/4814/2090 2810/4813/2088
f 2820/4600/2089 2807/4597/2091 2808/4815/2092 2681/4814/2090
f 2822/4604/2093 2815/4607/2081 2814/4811/2084 2821/4816/2094
f 2824/4605/2095 2822/4604/2093 2821/4816/2094 2823/4817/2096
f 2826/4613/2097 2824/4605/2095 2823/4817/2096 2825/4818/2098
f 2828/4615/2099 2826/4613/2097 2825/4818/2098 2827/4819/2100
f 2830/4617/2101 2828/4615/2099 2827/4819/2100 2829/4820/2102
f 2832/4619/2103 2830/4617/2101 2829/4820/2102 2831/4821/2104
f 2813/4631/2021 2833/4621/2017 2682/4822/2105 2812/4823/2106
f 2833/4621/2017 2832/4619/2103 2831/4821/2104 2682/4822/2105
f 2835/4824/2107 2680/4683/2108 2811/4641/2108 2834/4629/2109
f 2837/4825/2110 2808/4815/2092 2807/4597/2091 2836/4539/2110
f 2812/4823/2106 2838/4628/2020 2813/4631/2021
f 2812/4823/2106 2835/4824/2107 2834/4629/2109 2838/4628/2020
f 2806/4659/2030 2839/4826/2031 2840/4538/2111
f 2839/4826/2031 2837/4825/2112 2836/4539/2112 2840/4538/2111
f 2771/4827/2013 2659/4728/2029 2701/4727/2028 2683/4726/2014
o Cylinder.002
v 0.034702 1.230314 -0.681451
v 0.034247 1.197566 -0.660682
v 0.035533 1.175190 -0.629033
v 0.038364 1.166591 -0.591323
v 0.042310 1.173081 -0.553292
v 0.046769 1.193669 -0.520731
v 0.051063 1.225223 -0.498596
v 0.009027 1.308413 -0.676979
v 0.036830 1.268449 -0.688178
v 0.054624 1.264483 -0.490530
v 0.040305 1.306163 -0.679840
v 0.043051 1.198007 -0.564782
v 0.039857 1.213742 -0.612073
v 0.037672 1.238477 -0.655404
v 0.048595 1.243791 -0.540174
v 0.045684 1.265693 -0.589218
v 0.042773 1.287595 -0.638262
v 0.022316 1.321105 -0.668545
v 0.010736 1.320972 -0.668169
v 0.042800 1.324502 -0.666976
v 0.022720 1.259329 -0.488692
v 0.051284 1.269688 -0.531136
v 0.052811 1.262110 -0.508488
v 0.047975 1.286118 -0.580233
v 0.044614 1.302801 -0.630089
v 0.043106 1.310287 -0.652459
v -0.081853 1.238697 -0.670789
v -0.082309 1.205949 -0.650020
v -0.081023 1.183572 -0.618371
v -0.078192 1.174974 -0.580661
v -0.074246 1.181463 -0.542630
v -0.069787 1.202052 -0.510069
v -0.065493 1.233605 -0.487934
v -0.061966 1.272248 -0.479759
v -0.076251 1.314546 -0.669178
v -0.079726 1.276831 -0.677517
v -0.078884 1.246860 -0.644742
v -0.076699 1.222124 -0.601411
v -0.073504 1.206390 -0.554120
v -0.073783 1.295978 -0.627601
v -0.070872 1.274076 -0.578556
v -0.067961 1.252173 -0.529512
v -0.043771 1.265234 -0.482353
v -0.011058 1.320723 -0.667460
v -0.073826 1.332367 -0.656677
v -0.056713 1.326789 -0.661316
v -0.071942 1.311184 -0.619428
v -0.073541 1.319123 -0.643152
v -0.068581 1.294500 -0.569571
v -0.065271 1.278071 -0.520474
v -0.063653 1.270039 -0.496471
vn 0.9933 -0.0714 -0.0909
vn -0.0332 0.5770 -0.8161
vn -0.0541 0.4072 -0.9117
vn -0.0891 0.0277 -0.9956
vn -0.1105 -0.3559 -0.9280
vn -0.1151 -0.6854 -0.7190
vn -0.1021 -0.9106 -0.4006
vn -0.0736 -0.9971 -0.0212
vn -0.0339 -0.9318 0.3615
vn 0.0109 -0.7246 0.6891
vn 0.0583 -0.4041 0.9128
vn 0.0516 -0.4056 0.9126
vn 0.0575 -0.2116 0.9757
vn 0.0668 -0.2177 0.9737
vn -0.9933 0.0714 0.0909
vn 0.0781 -0.2176 0.9729
vn 0.0898 -0.2082 0.9740
vt 0.565964 0.809628
vt 0.556415 0.795610
vt 0.567954 0.786348
vt 0.573765 0.797510
vt 0.571080 0.822047
vt 0.574863 0.810045
vt 0.764526 0.930851
vt 0.772157 0.930542
vt 0.772589 0.941203
vt 0.766807 0.937528
vt 0.785287 0.930009
vt 0.557828 0.778107
vt 0.555842 0.783670
vt 0.767363 0.941415
vt 0.562992 0.831687
vt 0.554392 0.820973
vt 0.542804 0.806536
vt 0.550288 0.789096
vt 0.538248 0.800860
vt 0.551830 0.837498
vt 0.540813 0.829816
vt 0.529192 0.817462
vt 0.526021 0.812806
vt 0.539294 0.838595
vt 0.527293 0.834812
vt 0.517653 0.826724
vt 0.520535 0.818166
vt 0.514276 0.820237
vt 0.800029 0.969205
vt 0.798417 0.929477
vt 0.811548 0.928944
vt 0.813159 0.968673
vt 0.824678 0.928412
vt 0.826289 0.968140
vt 0.837808 0.927879
vt 0.839419 0.967608
vt 0.850938 0.927347
vt 0.852549 0.967075
vt 0.864068 0.926814
vt 0.865680 0.966542
vt 0.877199 0.926282
vt 0.878810 0.966010
vt 0.892236 0.965466
vt 0.890031 0.959176
vt 0.650743 0.223520
vt 0.660510 0.207792
vt 0.658235 0.227255
vt 0.768410 0.948730
vt 0.773768 0.970270
vt 0.767899 0.964465
vt 0.786898 0.969737
vt 0.588829 0.168636
vt 0.584835 0.188697
vt 0.564717 0.197477
vt 0.573904 0.180658
vt 0.585111 0.214527
vt 0.562665 0.216532
vt 0.565713 0.226918
vt 0.574154 0.222883
vt 0.607218 0.163239
vt 0.609079 0.184079
vt 0.611588 0.212162
vt 0.586542 0.222986
vt 0.612574 0.223202
vt 0.626272 0.165291
vt 0.633758 0.184327
vt 0.638065 0.209797
vt 0.638210 0.223416
vt 0.643091 0.174478
vt 0.655114 0.189402
vt 0.888722 0.936493
vt 0.766352 0.970571
vt 0.890822 0.925727
s 1
usemtl Material.001
f 2852/4828/2113 2855/4829/2113 2847/4830/2113 2846/4831/2113
f 2844/4832/2113 2852/4828/2113 2846/4831/2113 2845/4833/2113
f 2860/4834/2114 2851/4835/2115 2848/4836/2115 2858/4837/2114
f 2849/4838/2116 2848/4836/2115 2851/4835/2115
f 2850/4839/2113 2847/4830/2113 2863/4840/2113
f 2858/4837/2114 2848/4836/2115 2859/4841/2114
f 2843/4842/2113 2853/4843/2113 2852/4828/2113 2844/4832/2113
f 2853/4843/2113 2856/4844/2113 2855/4829/2113 2852/4828/2113
f 2862/4845/2113 2855/4829/2113 2856/4844/2113 2864/4846/2113
f 2842/4847/2113 2854/4848/2113 2853/4843/2113 2843/4842/2113
f 2854/4848/2113 2857/4849/2113 2856/4844/2113 2853/4843/2113
f 2864/4846/2113 2856/4844/2113 2857/4849/2113 2865/4850/2113
f 2841/4851/2113 2849/4852/2113 2854/4848/2113 2842/4847/2113
f 2849/4852/2113 2851/4853/2113 2857/4849/2113 2854/4848/2113
f 2865/4850/2113 2857/4849/2113 2866/4854/2113
f 2866/4854/2113 2857/4849/2113 2851/4853/2113 2860/4855/2113
f 2863/4840/2113 2847/4830/2113 2855/4829/2113 2862/4845/2113
f 2867/4856/2117 2841/4857/2117 2842/4858/2118 2868/4859/2118
f 2868/4859/2118 2842/4858/2118 2843/4860/2119 2869/4861/2119
f 2869/4861/2119 2843/4860/2119 2844/4862/2120 2870/4863/2120
f 2870/4863/2120 2844/4862/2120 2845/4864/2121 2871/4865/2121
f 2871/4865/2121 2845/4864/2121 2846/4866/2122 2872/4867/2122
f 2872/4867/2122 2846/4866/2122 2847/4868/2123 2873/4869/2124
f 2874/4870/2125 2873/4869/2124 2883/4871/2126
f 2891/4872/2127 2873/4873/2127 2874/4874/2127
f 2884/4875/2114 2848/4836/2115 2875/4876/2115 2886/4877/2114
f 2875/4876/2115 2848/4836/2115 2849/4838/2116 2876/4878/2116
f 2876/4878/2116 2849/4838/2116 2841/4857/2117 2867/4856/2117
f 2868/4879/2127 2877/4880/2127 2876/4881/2127 2867/4882/2127
f 2877/4880/2127 2880/4883/2127 2875/4884/2127 2876/4881/2127
f 2885/4885/2127 2875/4884/2127 2888/4886/2127
f 2869/4887/2127 2878/4888/2127 2877/4880/2127 2868/4879/2127
f 2878/4888/2127 2881/4889/2127 2880/4883/2127 2877/4880/2127
f 2887/4890/2127 2880/4883/2127 2881/4889/2127 2889/4891/2127
f 2870/4892/2127 2879/4893/2127 2878/4888/2127 2869/4887/2127
f 2879/4893/2127 2882/4894/2127 2881/4889/2127 2878/4888/2127
f 2889/4891/2127 2881/4889/2127 2882/4894/2127 2890/4895/2127
f 2871/4896/2127 2872/4897/2127 2879/4893/2127 2870/4892/2127
f 2872/4897/2127 2873/4873/2127 2882/4894/2127 2879/4893/2127
f 2890/4895/2127 2882/4894/2127 2873/4873/2127 2891/4872/2127
f 2883/4871/2126 2873/4869/2124 2847/4868/2123 2861/4898/2128
f 2848/4836/2115 2884/4875/2114 2859/4841/2114
f 2886/4877/2114 2875/4876/2115 2885/4899/2114
f 2888/4886/2127 2875/4884/2127 2880/4883/2127 2887/4890/2127
f 2847/4868/2123 2850/4900/2129 2861/4898/2128
o Cylinder.006
v -0.001637 1.257446 -0.645145
v -0.056283 1.229118 -0.641331
v -0.015024 1.271082 -0.659768
v -0.047692 1.223691 -0.634460
v -0.026102 1.272903 -0.664712
v -0.024737 1.223935 -0.627250
v -0.036615 1.221870 -0.629516
v -0.048850 1.265204 -0.666219
v -0.037980 1.270838 -0.666978
v -0.006433 1.265655 -0.652897
v -0.061079 1.237327 -0.649083
v -0.001366 1.247705 -0.637694
v -0.061351 1.247068 -0.656534
v -0.005660 1.237917 -0.631676
v -0.057056 1.256857 -0.662552
v -0.013867 1.229569 -0.628009
v 0.006695 1.181310 -0.691840
v -0.004175 1.175675 -0.691082
v -0.036495 1.208597 -0.726383
v -0.028288 1.216944 -0.730051
v 0.014902 1.189657 -0.695507
v -0.040789 1.198808 -0.720366
v 0.019196 1.199446 -0.701525
v -0.040518 1.189068 -0.712914
v 0.018925 1.209186 -0.708977
v -0.035721 1.180859 -0.705163
v 0.005537 1.222823 -0.723599
v 0.014128 1.217395 -0.716728
v -0.027130 1.175431 -0.698292
v -0.005540 1.224643 -0.728544
v -0.016053 1.173611 -0.693347
v -0.017418 1.222579 -0.730809
v 0.004735 1.183306 -0.693981
v -0.006135 1.177672 -0.693223
v -0.038455 1.210594 -0.728525
v -0.030248 1.218941 -0.732192
v 0.012941 1.191653 -0.697649
v -0.042749 1.200805 -0.722507
v 0.017236 1.201442 -0.703666
v -0.042478 1.191064 -0.715055
v 0.016964 1.211183 -0.711118
v -0.037682 1.182855 -0.707304
v 0.003577 1.224819 -0.725740
v 0.012168 1.219392 -0.718869
v -0.029091 1.177428 -0.700433
v -0.007500 1.226640 -0.730685
v -0.018013 1.175607 -0.695488
v -0.019378 1.224575 -0.732950
v 0.022729 1.147273 -0.730254
v 0.008958 1.140135 -0.729293
v -0.031986 1.181842 -0.774015
v -0.021589 1.192417 -0.778661
v 0.033126 1.157848 -0.734900
v -0.037426 1.169441 -0.766392
v 0.038566 1.170249 -0.742523
v -0.037082 1.157102 -0.756952
v 0.038222 1.182588 -0.751963
v -0.031006 1.146702 -0.747132
v 0.021263 1.199864 -0.770488
v 0.032146 1.192988 -0.761783
v -0.020123 1.139826 -0.738427
v 0.007229 1.202170 -0.776752
v -0.006089 1.137520 -0.732163
v -0.007818 1.199555 -0.779622
v -0.018838 1.226642 -0.751667
v -0.016229 1.221383 -0.764179
v -0.012659 1.212720 -0.773807
v -0.028907 1.204297 -0.772673
v -0.032868 1.212758 -0.763017
v -0.034290 1.218632 -0.750588
v 0.026007 1.219273 -0.731650
v 0.032060 1.213448 -0.742624
v 0.034495 1.204971 -0.752758
v 0.021654 1.213085 -0.763029
v 0.018910 1.221757 -0.753142
v 0.013794 1.226989 -0.741417
v -0.041175 1.191820 -0.767191
v -0.045431 1.199981 -0.757404
v -0.045956 1.206766 -0.745375
v 0.032825 1.207604 -0.720630
v 0.039403 1.200882 -0.730758
v 0.041665 1.192701 -0.741172
v 0.015440 1.167976 -0.696270
v 0.020682 1.158210 -0.704527
v 0.023384 1.151032 -0.715557
v 0.035651 1.163509 -0.721038
v 0.033244 1.170988 -0.710140
v 0.027106 1.179842 -0.701483
v -0.044857 1.167335 -0.715209
v -0.044247 1.157520 -0.724920
v -0.040019 1.150358 -0.735471
v -0.027177 1.142245 -0.725200
v -0.031097 1.149212 -0.714402
v -0.032645 1.159619 -0.705441
v -0.047594 1.177188 -0.758196
v -0.052005 1.184996 -0.748192
v -0.052061 1.192851 -0.736821
v 0.005095 1.215806 -0.770420
v 0.001953 1.224543 -0.760711
v -0.001953 1.229576 -0.748446
v 0.042071 1.178141 -0.730033
v 0.039818 1.185972 -0.719352
v 0.033211 1.193757 -0.710038
v -0.010619 1.139524 -0.717809
v -0.014140 1.146425 -0.706833
v -0.016897 1.157031 -0.698412
v -0.047188 1.162628 -0.747058
v -0.051589 1.170086 -0.736786
v -0.051675 1.179004 -0.726228
v 0.007136 1.142609 -0.714423
v 0.004043 1.149585 -0.703365
v -0.000012 1.159966 -0.695192
v 0.020442 1.146441 -0.742742
v 0.009572 1.140806 -0.741983
v -0.022748 1.173728 -0.777285
v -0.014541 1.182076 -0.780952
v 0.028648 1.154788 -0.746409
v -0.027042 1.163939 -0.771267
v 0.032943 1.164577 -0.752426
v -0.026771 1.154199 -0.763816
v 0.032671 1.174317 -0.759878
v -0.021974 1.145990 -0.756064
v 0.019284 1.187954 -0.774501
v 0.027875 1.182526 -0.767629
v -0.013384 1.140562 -0.749193
v 0.008207 1.189774 -0.779445
v -0.002306 1.138742 -0.744248
v -0.003671 1.187710 -0.781711
v -0.010147 1.176849 -0.775585
v 0.005795 1.178067 -0.771371
v 0.021303 1.177183 -0.765707
v -0.014266 1.164075 -0.767254
v 0.002950 1.164258 -0.761847
v 0.020167 1.164441 -0.756439
v -0.015403 1.151333 -0.757987
v 0.000106 1.150449 -0.752323
v 0.016047 1.151667 -0.748108
vn 0.1672 0.8116 -0.5598
vn 0.5195 0.7537 -0.4025
vn 0.9540 0.0101 0.2996
vn 0.8174 -0.3012 0.4910
vn -0.1672 -0.8116 0.5598
vn -0.5195 -0.7537 0.4025
vn -0.9454 -0.3200 -0.0626
vn -0.9540 -0.0101 -0.2996
vn -0.2106 0.7460 -0.6318
vn 0.9454 0.3200 0.0626
vn 0.2106 -0.7460 0.6318
vn -0.7928 -0.5811 0.1839
vn 0.5564 -0.5667 0.6077
vn -0.5564 0.5667 -0.6077
vn 0.7928 0.5811 -0.1839
vn -0.8174 0.3012 -0.4910
vn -0.4655 0.3825 -0.7981
vn -0.1333 0.5547 -0.8213
vn -0.0340 0.2878 -0.9571
vn -0.3198 0.1397 -0.9371
vn -0.6413 -0.5932 -0.4866
vn -0.6485 -0.3371 -0.6825
vn -0.5531 -0.3928 -0.7347
vn -0.5466 -0.6257 -0.5565
vn 0.5682 0.5622 -0.6009
vn 0.8307 0.3963 -0.3910
vn 0.7954 0.1515 -0.5869
vn 0.5695 0.2942 -0.7675
vn -0.7163 0.1274 -0.6860
vn -0.5356 -0.0798 -0.8407
vn 0.9773 0.1454 -0.1541
vn 0.9215 -0.0643 -0.3831
vn 0.8544 -0.4514 0.2575
vn 0.6035 -0.7065 0.3696
vn 0.5999 -0.7972 0.0675
vn 0.8157 -0.5777 -0.0289
vn -0.4302 -0.8861 0.1725
vn -0.6927 -0.7203 -0.0375
vn -0.5152 -0.8090 -0.2828
vn -0.2894 -0.9518 -0.1021
vn -0.8476 -0.1717 -0.5021
vn 0.2296 0.6178 -0.7521
vn 0.2783 0.3421 -0.8975
vn 0.9856 -0.1522 0.0736
vn 0.9286 -0.3204 -0.1872
vn -0.0916 -0.9418 0.3236
vn 0.0019 -0.9996 0.0279
vn -0.8393 -0.4694 -0.2744
vn 0.2714 -0.8787 0.3928
vn 0.3142 -0.9453 0.0874
vn 0.2203 0.0082 0.9754
vn -0.0254 -0.1192 0.9925
vn 0.4771 -0.4039 0.7806
vn 0.1422 -0.5775 0.8039
vn 0.1896 -0.6958 0.6928
vn 0.5342 -0.5172 0.6687
vn -0.7385 -0.0020 0.6743
vn -0.8469 0.1836 0.4990
vn -0.8298 -0.4177 0.3701
vn -0.9775 -0.1648 0.1313
vn -0.9625 -0.2712 0.0006
vn -0.8105 -0.5315 0.2464
vn -0.2939 -0.1658 0.9413
vn -0.2238 -0.6411 0.7341
vn -0.1869 -0.7612 0.6209
vn 0.4967 0.6383 0.5880
vn 0.5029 0.4182 0.7565
vn 0.8539 0.4550 0.2526
vn 0.8623 0.1549 0.4822
vn 0.9305 0.0578 0.3617
vn 0.9219 0.3666 0.1255
vn -0.3248 0.9411 0.0945
vn -0.0563 0.9877 0.1457
vn -0.2658 0.8677 -0.4201
vn 0.1001 0.9313 -0.3503
vn 0.1463 0.8566 -0.4949
vn -0.2302 0.7911 -0.5667
vn -0.8531 0.4037 0.3306
vn -0.9859 0.1353 -0.0983
vn -0.9711 0.0376 -0.2356
vn -0.5443 -0.1247 0.8296
vn -0.5651 -0.5850 0.5818
vn -0.5381 -0.7035 0.4642
vn 0.4058 0.1969 0.8925
vn 0.7300 -0.1467 0.6676
vn 0.7944 -0.2526 0.5525
vn 0.1941 0.9466 0.2575
vn 0.4414 0.8752 -0.1979
vn 0.4975 0.7989 -0.3381
vn -0.7560 0.6250 0.1946
vn -0.8536 0.4369 -0.2837
vn -0.8350 0.3479 -0.4264
vn 0.3883 0.8239 0.4128
vn 0.7061 0.7080 0.0138
vn 0.7698 0.6268 -0.1203
vn -0.5705 0.8137 0.1117
vn -0.6007 0.6941 -0.3967
vn -0.5748 0.6125 -0.5426
vn -0.2265 -0.9518 -0.2069
vn 0.0384 -0.9953 -0.0886
vn 0.7786 -0.6116 -0.1403
vn 0.8813 -0.3775 -0.2842
vn 0.5547 0.1815 -0.8120
vn 0.2898 0.2250 -0.9303
vn -0.4504 -0.1587 -0.8786
vn -0.4319 -0.8220 -0.3712
vn 0.5824 -0.8112 -0.0526
vn 0.8748 -0.1446 -0.4624
vn 0.7601 0.0517 -0.6477
vn -0.2541 0.0409 -0.9663
vn 0.0058 0.1756 -0.9844
vn 0.3224 -0.9460 -0.0345
vn 0.2489 -0.5841 -0.7726
vt 0.282871 0.675497
vt 0.282871 0.671443
vt 0.310180 0.671443
vt 0.310180 0.675497
vt 0.282871 0.724152
vt 0.282871 0.720098
vt 0.310180 0.720098
vt 0.310180 0.724152
vt 0.282871 0.707934
vt 0.282871 0.703879
vt 0.310180 0.703879
vt 0.310180 0.707934
vt 0.282871 0.695770
vt 0.282871 0.691716
vt 0.310180 0.691716
vt 0.310180 0.695770
vt 0.282871 0.679552
vt 0.310180 0.679552
vt 0.282871 0.728207
vt 0.310180 0.728207
vt 0.282871 0.711989
vt 0.310180 0.711989
vt 0.282871 0.699825
vt 0.310180 0.699825
vt 0.282871 0.716043
vt 0.310180 0.716043
vt 0.282871 0.683606
vt 0.310180 0.683606
vt 0.282871 0.667388
vt 0.310180 0.667388
vt 0.282871 0.687661
vt 0.310180 0.687661
vt 0.282871 0.732262
vt 0.310180 0.732262
vt 0.295926 0.604205
vt 0.296095 0.609368
vt 0.291427 0.609492
vt 0.291254 0.604395
vt 0.289710 0.587914
vt 0.290463 0.593672
vt 0.285396 0.594278
vt 0.284472 0.589035
vt 0.296091 0.619365
vt 0.296124 0.624254
vt 0.291611 0.624222
vt 0.291630 0.619367
vt 0.295843 0.598878
vt 0.290889 0.599127
vt 0.296020 0.629116
vt 0.291581 0.629049
vt 0.295803 0.638840
vt 0.295658 0.643864
vt 0.291148 0.643630
vt 0.291360 0.638688
vt 0.294793 0.660273
vt 0.294141 0.667217
vt 0.287932 0.665568
vt 0.289494 0.659455
vt 0.295599 0.593256
vt 0.296066 0.614420
vt 0.291617 0.614489
vt 0.295912 0.633948
vt 0.291509 0.633839
vt 0.295211 0.654376
vt 0.290278 0.653928
vt 0.295228 0.587121
vt 0.295493 0.648987
vt 0.290741 0.648694
vt 0.294631 0.579915
vt 0.288161 0.581546
vt 0.309792 0.643864
vt 0.310183 0.648803
vt 0.303289 0.649047
vt 0.303274 0.643945
vt 0.299288 0.649117
vt 0.299392 0.643944
vt 0.313178 0.583955
vt 0.311842 0.588819
vt 0.304763 0.587420
vt 0.306061 0.580898
vt 0.299932 0.587006
vt 0.300367 0.579814
vt 0.310198 0.653789
vt 0.303516 0.654362
vt 0.299267 0.654546
vt 0.309482 0.629238
vt 0.309745 0.633971
vt 0.303238 0.634009
vt 0.303302 0.629177
vt 0.299465 0.634015
vt 0.299564 0.629147
vt 0.310362 0.609530
vt 0.310603 0.614596
vt 0.303593 0.614458
vt 0.303738 0.609400
vt 0.299712 0.614399
vt 0.299822 0.609347
vt 0.311352 0.593958
vt 0.304227 0.593336
vt 0.299815 0.593114
vt 0.310994 0.658675
vt 0.303967 0.660057
vt 0.299320 0.660425
vt 0.310063 0.638917
vt 0.303217 0.638953
vt 0.299392 0.638939
vt 0.310196 0.619663
vt 0.303496 0.619475
vt 0.299685 0.619376
vt 0.311290 0.599260
vt 0.303950 0.598899
vt 0.299787 0.598765
vt 0.312249 0.663486
vt 0.305196 0.666409
vt 0.299673 0.667388
vt 0.309819 0.624536
vt 0.303390 0.624373
vt 0.299681 0.624295
vt 0.310772 0.604504
vt 0.303813 0.604240
vt 0.299767 0.604146
vt 0.284471 0.658320
vt 0.285418 0.653294
vt 0.286803 0.638548
vt 0.287031 0.633767
vt 0.287208 0.619357
vt 0.287021 0.614564
vt 0.285979 0.599486
vt 0.282871 0.663350
vt 0.286492 0.643385
vt 0.287207 0.629047
vt 0.286964 0.624210
vt 0.286422 0.604616
vt 0.286743 0.609641
vt 0.286029 0.648304
vt 0.282871 0.583788
vt 2.569273 1.632600
vt 2.563006 1.647731
vt 2.558064 1.629635
vt 2.569273 1.616222
vt 2.551425 1.659312
vt 2.540726 1.643299
vt 2.536294 1.665579
vt 2.521467 1.654088
vt 2.519917 1.665579
vt 2.504786 1.659312
vt 2.548140 1.611025
vt 2.563006 1.601091
vt 2.528106 1.624411
vt 2.508072 1.637797
vt 2.493205 1.647731
vt 2.534744 1.594734
vt 2.551425 1.589511
vt 2.515485 1.605523
vt 2.498148 1.619187
vt 2.486938 1.632600
vt 2.519917 1.583243
vt 2.536294 1.583243
vt 2.504786 1.589511
vt 2.493205 1.601091
vt 2.486938 1.616222
s 1
usemtl Material.001
f 2896/4901/2130 2894/4902/2131 2918/4903/2131 2921/4904/2130
f 2903/4905/2132 2905/4906/2133 2912/4907/2133 2914/4908/2132
f 2898/4909/2134 2895/4910/2135 2920/4911/2135 2922/4912/2134
f 2902/4913/2136 2904/4914/2137 2913/4915/2137 2915/4916/2136
f 2900/4917/2138 2896/4901/2130 2921/4904/2130 2923/4918/2138
f 2892/4919/2139 2903/4905/2132 2914/4908/2132 2916/4920/2139
f 2897/4921/2140 2898/4909/2134 2922/4912/2134 2909/4922/2140
f 2893/4923/2141 2902/4913/2136 2915/4916/2136 2917/4924/2141
f 2907/4925/2142 2897/4921/2140 2909/4922/2140 2908/4926/2142
f 2899/4927/2143 2900/4917/2138 2923/4918/2138 2911/4928/2143
f 2894/4902/2131 2901/4929/2144 2919/4930/2144 2918/4903/2131
f 2906/4931/2145 2899/4927/2143 2911/4928/2143 2910/4932/2145
f 2901/4933/2144 2892/4919/2139 2916/4920/2139 2919/4934/2144
f 2905/4906/2133 2907/4925/2142 2908/4926/2142 2912/4907/2133
f 2895/4910/2135 2893/4923/2141 2917/4924/2141 2920/4911/2135
f 2904/4914/2137 2906/4931/2145 2910/4932/2145 2913/4915/2137
f 2959/4935/2146 2958/4936/2147 2955/4937/2148 2943/4938/2149
f 2947/4939/2150 2945/4940/2151 3009/4941/2152 3011/4942/2153
f 2965/4943/2154 2964/4944/2155 2951/4945/2156 2950/4946/2157
f 2968/4947/2158 2959/4935/2146 2943/4938/2149 2942/4948/2159
f 2964/4944/2155 2973/4949/2160 2948/4950/2161 2951/4945/2156
f 2977/4951/2162 2976/4952/2163 2940/4953/2164 2944/4954/2165
f 2983/4955/2166 2982/4956/2167 2949/4957/2168 2952/4958/2169
f 2986/4959/2170 2968/4947/2158 2942/4948/2159 2945/4940/2151
f 2989/4960/2171 2965/4943/2154 2950/4946/2157 2953/4961/2172
f 2992/4962/2173 2977/4951/2162 2944/4954/2165 2946/4963/2174
f 2995/4964/2175 2983/4955/2166 2952/4958/2169 2954/4965/2176
f 2998/4966/2177 2986/4959/2170 2945/4940/2151 2947/4939/2150
f 2958/4936/2147 2989/4960/2171 2953/4961/2172 2955/4937/2148
f 2973/4949/2160 2992/4962/2173 2946/4963/2174 2948/4950/2161
f 3001/4967/2178 2995/4964/2175 2954/4965/2176 2941/4968/2179
f 2982/4969/2167 2998/4966/2177 2947/4939/2150 2949/4970/2168
f 2976/4952/2163 3001/4967/2178 2941/4968/2179 2940/4953/2164
f 2924/4971/2180 2925/4972/2181 3003/4973/2181 2974/4974/2180
f 2974/4974/2182 3003/4973/2183 3002/4975/2184 2975/4976/2185
f 2975/4976/2185 3002/4975/2184 3001/4967/2178 2976/4952/2163
f 2933/4977/2186 2931/4978/2187 3000/4979/2187 2980/4980/2186
f 2980/4980/2188 3000/4979/2189 2999/4981/2190 2981/4982/2191
f 2981/4982/2191 2999/4981/2190 2998/4966/2177 2982/4969/2167
f 2925/4972/2181 2938/4983/2192 2997/4984/2192 3003/4973/2181
f 3003/4973/2183 2997/4984/2193 2996/4985/2194 3002/4975/2184
f 3002/4975/2184 2996/4985/2194 2995/4964/2175 3001/4967/2178
f 2932/4986/2195 2930/4987/2196 2994/4988/2196 2971/4989/2195
f 2971/4989/2197 2994/4988/2198 2993/4990/2199 2972/4991/2200
f 2972/4991/2200 2993/4990/2199 2992/4962/2173 2973/4949/2160
f 2939/4992/2201 2937/4993/2202 2991/4994/2202 2956/4995/2201
f 2956/4995/2203 2991/4994/2204 2990/4996/2205 2957/4997/2206
f 2957/4997/2206 2990/4996/2205 2989/4960/2171 2958/4936/2147
f 2931/4978/2187 2929/4998/2207 2988/4999/2207 3000/4979/2187
f 3000/4979/2189 2988/4999/2208 2987/5000/2209 2999/4981/2190
f 2999/4981/2190 2987/5000/2209 2986/4959/2170 2998/4966/2177
f 2938/4983/2192 2936/5001/2210 2985/5002/2210 2997/4984/2192
f 2997/4984/2193 2985/5002/2211 2984/5003/2212 2996/4985/2194
f 2996/4985/2194 2984/5003/2212 2983/4955/2166 2995/4964/2175
f 2930/4987/2196 2928/5004/2213 2979/5005/2213 2994/4988/2196
f 2994/4988/2198 2979/5005/2214 2978/5006/2215 2993/4990/2199
f 2993/4990/2199 2978/5006/2215 2977/4951/2162 2992/4962/2173
f 2937/4993/2202 2934/5007/2216 2967/5008/2216 2991/4994/2202
f 2991/4994/2204 2967/5008/2217 2966/5009/2218 2990/4996/2205
f 2990/4996/2205 2966/5009/2218 2965/4943/2154 2989/4960/2171
f 2929/4998/2207 2926/5010/2219 2970/5011/2219 2988/4999/2207
f 2988/4999/2208 2970/5011/2220 2969/5012/2221 2987/5000/2209
f 2987/5000/2209 2969/5012/2221 2968/4947/2158 2986/4959/2170
f 2936/5001/2210 2933/5013/2186 2980/5014/2186 2985/5002/2210
f 2985/5002/2211 2980/5014/2188 2981/5015/2191 2984/5003/2212
f 2984/5003/2212 2981/5015/2191 2982/4956/2167 2983/4955/2166
f 2928/5004/2213 2924/4971/2180 2974/4974/2180 2979/5005/2213
f 2979/5005/2214 2974/4974/2182 2975/4976/2185 2978/5006/2215
f 2978/5006/2215 2975/4976/2185 2976/4952/2163 2977/4951/2162
f 2935/5016/2222 2932/4986/2195 2971/4989/2195 2962/5017/2222
f 2962/5017/2223 2971/4989/2197 2972/4991/2200 2963/5018/2224
f 2963/5018/2224 2972/4991/2200 2973/4949/2160 2964/4944/2155
f 2926/5010/2219 2927/5019/2225 2961/5020/2225 2970/5011/2219
f 2970/5011/2220 2961/5020/2226 2960/5021/2227 2969/5012/2221
f 2969/5012/2221 2960/5021/2227 2959/4935/2146 2968/4947/2158
f 2934/5007/2216 2935/5016/2222 2962/5017/2222 2967/5008/2216
f 2967/5008/2217 2962/5017/2223 2963/5018/2224 2966/5009/2218
f 2966/5009/2218 2963/5018/2224 2964/4944/2155 2965/4943/2154
f 2927/5019/2225 2939/4992/2201 2956/4995/2201 2961/5020/2225
f 2961/5020/2226 2956/4995/2203 2957/4997/2206 2960/5021/2227
f 2960/5021/2227 2957/4997/2206 2958/4936/2147 2959/4935/2146
f 2954/4965/2176 2952/4958/2169 3016/5022/2228 3018/5023/2229
f 2946/4963/2174 2944/4954/2165 3008/5024/2230 3010/5025/2231
f 2953/4961/2172 2950/4946/2157 3014/5026/2232 3017/5027/2233
f 2945/4940/2151 2942/4948/2159 3006/5028/2234 3009/4941/2152
f 2952/4958/2169 2949/4957/2168 3013/5029/2235 3016/5022/2228
f 2944/4954/2165 2940/4953/2164 3004/5030/2236 3008/5024/2230
f 2951/4945/2156 2948/4950/2161 3012/5031/2237 3015/5032/2238
f 2942/4948/2159 2943/4938/2149 3007/5033/2239 3006/5028/2234
f 2950/4946/2157 2951/4945/2156 3015/5032/2238 3014/5026/2232
f 2943/4938/2149 2955/4937/2148 3019/5034/2240 3007/5033/2239
f 2940/4953/2164 2941/4968/2179 3005/5035/2241 3004/5030/2236
f 2949/4970/2168 2947/4939/2150 3011/4942/2153 3013/5036/2235
f 2941/4968/2179 2954/4965/2176 3018/5023/2229 3005/5035/2241
f 2948/4950/2161 2946/4963/2174 3010/5025/2231 3012/5031/2237
f 2955/4937/2148 2953/4961/2172 3017/5027/2233 3019/5034/2240
f 3007/5037/2242 3019/5038/2242 3020/5039/2242 3006/5040/2242
f 3019/5038/2242 3017/5041/2242 3021/5042/2242 3020/5039/2242
f 3017/5041/2242 3014/5043/2242 3022/5044/2242 3021/5042/2242
f 3014/5043/2242 3015/5045/2242 3012/5046/2242 3022/5044/2242
f 3006/5040/2242 3020/5039/2242 3023/5047/2242 3009/5048/2242
f 3020/5039/2242 3021/5042/2242 3024/5049/2242 3023/5047/2242
f 3021/5042/2242 3022/5044/2242 3025/5050/2242 3024/5049/2242
f 3022/5044/2242 3012/5046/2242 3010/5051/2242 3025/5050/2242
f 3009/5048/2242 3023/5047/2242 3026/5052/2242 3011/5053/2242
f 3023/5047/2242 3024/5049/2242 3027/5054/2242 3026/5052/2242
f 3024/5049/2242 3025/5050/2242 3028/5055/2242 3027/5054/2242
f 3025/5050/2242 3010/5051/2242 3008/5056/2242 3028/5055/2242
f 3011/5053/2242 3026/5052/2242 3016/5057/2242 3013/5058/2242
f 3026/5052/2242 3027/5054/2242 3018/5059/2242 3016/5057/2242
f 3027/5054/2242 3028/5055/2242 3005/5060/2242 3018/5059/2242
f 3028/5055/2242 3008/5056/2242 3004/5061/2242 3005/5060/2242
o Cylinder.007
v 0.110127 0.341903 -0.144163
v 0.048745 0.341903 -0.245119
v 0.146185 0.350297 -0.166087
v 0.084803 0.350297 -0.267043
v 0.176754 0.374202 -0.184673
v 0.115372 0.374202 -0.285629
v 0.197180 0.409978 -0.197092
v 0.135798 0.409978 -0.298048
v 0.204352 0.452178 -0.201453
v 0.142971 0.452178 -0.302409
v 0.197180 0.494378 -0.197092
v 0.135798 0.494378 -0.298048
v 0.176754 0.530154 -0.184673
v 0.115373 0.530154 -0.285629
v 0.146185 0.554059 -0.166087
v 0.084804 0.554059 -0.267043
v 0.110127 0.562453 -0.144163
v 0.048745 0.562453 -0.245119
v 0.074068 0.554059 -0.122239
v 0.012686 0.554059 -0.223195
v 0.043499 0.530154 -0.103653
v -0.017883 0.530154 -0.204609
v 0.023074 0.494378 -0.091234
v -0.038308 0.494378 -0.192190
v 0.015901 0.452178 -0.086873
v -0.045481 0.452178 -0.187829
v 0.023074 0.409978 -0.091234
v -0.038308 0.409978 -0.192190
v 0.043499 0.374202 -0.103653
v -0.017883 0.374202 -0.204609
v 0.074068 0.350297 -0.122239
v 0.012686 0.350297 -0.223195
v 0.116991 0.450283 -0.286613
v 0.086991 0.407418 -0.268373
v 0.050364 0.372307 -0.246103
v 0.084804 0.494378 -0.267043
v 0.048745 0.452178 -0.245119
v 0.012686 0.409978 -0.223195
v 0.047126 0.532049 -0.244135
v 0.010499 0.496938 -0.221865
v -0.019501 0.454073 -0.203625
v 0.111746 0.372307 -0.145147
v 0.148373 0.407418 -0.167417
v 0.178373 0.450283 -0.185657
v 0.074068 0.409978 -0.122239
v 0.110127 0.452178 -0.144163
v 0.146185 0.494378 -0.166087
v 0.041880 0.454073 -0.102669
v 0.071881 0.496938 -0.120909
v 0.108508 0.532049 -0.143179
vn -0.0000 -1.0000 -0.0000
vn 0.3270 -0.9239 -0.1988
vn 0.6042 -0.7071 -0.3674
vn 0.7894 -0.3827 -0.4800
vn 0.8545 -0.0000 -0.5195
vn 0.7894 0.3827 -0.4800
vn 0.6042 0.7071 -0.3674
vn 0.3270 0.9239 -0.1988
vn -0.0000 1.0000 -0.0000
vn -0.3270 0.9239 0.1988
vn -0.6042 0.7071 0.3674
vn -0.7894 0.3827 0.4800
vn -0.8545 -0.0000 0.5195
vn -0.7894 -0.3827 0.4800
vn -0.6042 -0.7071 0.3674
vn -0.3270 -0.9239 0.1988
vn -0.5195 -0.0000 -0.8545
vn 0.5195 -0.0000 0.8545
vt 0.409971 0.455125
vt 0.446948 0.455126
vt 0.446948 0.468591
vt 0.409971 0.468591
vt 0.446948 0.482057
vt 0.409971 0.482057
vt 0.446948 0.495523
vt 0.409971 0.495523
vt 0.446948 0.508989
vt 0.409971 0.508989
vt 0.446948 0.522455
vt 0.409971 0.522455
vt 0.446948 0.535921
vt 0.409971 0.535921
vt 0.446948 0.549387
vt 0.409971 0.549387
vt 0.446948 0.562852
vt 0.409971 0.562852
vt 0.409971 0.347399
vt 0.446948 0.347399
vt 0.446948 0.360864
vt 0.409971 0.360864
vt 0.446948 0.374330
vt 0.409971 0.374330
vt 0.446948 0.387796
vt 0.409971 0.387796
vt 0.446948 0.401262
vt 0.409971 0.401262
vt 0.446948 0.414728
vt 0.409971 0.414728
vt 0.446948 0.428194
vt 0.409971 0.428194
vt 0.446948 0.441660
vt 0.409971 0.441660
vt 0.920052 0.274980
vt 0.934271 0.282417
vt 0.936437 0.299501
vt 0.925805 0.288870
vt 0.953776 0.287915
vt 0.950327 0.305254
vt 0.973900 0.290300
vt 0.965361 0.305254
vt 0.989883 0.288870
vt 0.979252 0.299501
vt 0.920052 0.259945
vt 0.936150 0.263147
vt 0.957844 0.267462
vt 0.979538 0.271777
vt 0.995636 0.274980
vt 0.925805 0.246055
vt 0.941788 0.244625
vt 0.961912 0.247009
vt 0.981417 0.252507
vt 0.995636 0.259945
vt 0.936437 0.235424
vt 0.950327 0.229670
vt 0.965361 0.229670
vt 0.979252 0.235424
vt 0.989883 0.246055
vt 0.475776 0.755653
vt 0.480072 0.769369
vt 0.470623 0.781560
vt 0.470623 0.768094
vt 0.488942 0.785204
vt 0.475776 0.794001
vt 0.500177 0.799459
vt 0.485298 0.803523
vt 0.511205 0.808676
vt 0.497739 0.808676
vt 0.485298 0.746131
vt 0.493466 0.758355
vt 0.504472 0.774827
vt 0.515478 0.791299
vt 0.523646 0.803523
vt 0.497739 0.740978
vt 0.508767 0.750195
vt 0.520002 0.764450
vt 0.528873 0.780285
vt 0.533168 0.794001
vt 0.511205 0.740978
vt 0.523646 0.746131
vt 0.533168 0.755653
vt 0.538321 0.768094
vt 0.538321 0.781560
s 1
usemtl Material.001
f 3029/5062/2243 3030/5063/2243 3032/5064/2244 3031/5065/2244
f 3031/5065/2244 3032/5064/2244 3034/5066/2245 3033/5067/2245
f 3033/5067/2245 3034/5066/2245 3036/5068/2246 3035/5069/2246
f 3035/5069/2246 3036/5068/2246 3038/5070/2247 3037/5071/2247
f 3037/5071/2247 3038/5070/2247 3040/5072/2248 3039/5073/2248
f 3039/5073/2248 3040/5072/2248 3042/5074/2249 3041/5075/2249
f 3041/5075/2249 3042/5074/2249 3044/5076/2250 3043/5077/2250
f 3043/5077/2250 3044/5076/2250 3046/5078/2251 3045/5079/2251
f 3045/5080/2251 3046/5081/2251 3048/5082/2252 3047/5083/2252
f 3047/5083/2252 3048/5082/2252 3050/5084/2253 3049/5085/2253
f 3049/5085/2253 3050/5084/2253 3052/5086/2254 3051/5087/2254
f 3051/5087/2254 3052/5086/2254 3054/5088/2255 3053/5089/2255
f 3053/5089/2255 3054/5088/2255 3056/5090/2256 3055/5091/2256
f 3055/5091/2256 3056/5090/2256 3058/5092/2257 3057/5093/2257
f 3057/5093/2257 3058/5092/2257 3060/5094/2258 3059/5095/2258
f 3059/5095/2258 3060/5094/2258 3030/5063/2243 3029/5062/2243
f 3036/5096/2259 3061/5097/2259 3040/5098/2259 3038/5099/2259
f 3061/5097/2259 3064/5100/2259 3042/5101/2259 3040/5098/2259
f 3064/5100/2259 3067/5102/2259 3044/5103/2259 3042/5101/2259
f 3067/5102/2259 3048/5104/2259 3046/5105/2259 3044/5103/2259
f 3034/5106/2259 3062/5107/2259 3061/5097/2259 3036/5096/2259
f 3062/5107/2259 3065/5108/2259 3064/5100/2259 3061/5097/2259
f 3065/5108/2259 3068/5109/2259 3067/5102/2259 3064/5100/2259
f 3068/5109/2259 3050/5110/2259 3048/5104/2259 3067/5102/2259
f 3032/5111/2259 3063/5112/2259 3062/5107/2259 3034/5106/2259
f 3063/5112/2259 3066/5113/2259 3065/5108/2259 3062/5107/2259
f 3066/5113/2259 3069/5114/2259 3068/5109/2259 3065/5108/2259
f 3069/5114/2259 3052/5115/2259 3050/5110/2259 3068/5109/2259
f 3030/5116/2259 3060/5117/2259 3063/5112/2259 3032/5111/2259
f 3060/5117/2259 3058/5118/2259 3066/5113/2259 3063/5112/2259
f 3058/5118/2259 3056/5119/2259 3069/5114/2259 3066/5113/2259
f 3056/5119/2259 3054/5120/2259 3052/5115/2259 3069/5114/2259
f 3031/5121/2260 3070/5122/2260 3059/5123/2260 3029/5124/2260
f 3070/5122/2260 3073/5125/2260 3057/5126/2260 3059/5123/2260
f 3073/5125/2260 3076/5127/2260 3055/5128/2260 3057/5126/2260
f 3076/5127/2260 3051/5129/2260 3053/5130/2260 3055/5128/2260
f 3033/5131/2260 3071/5132/2260 3070/5122/2260 3031/5121/2260
f 3071/5132/2260 3074/5133/2260 3073/5125/2260 3070/5122/2260
f 3074/5133/2260 3077/5134/2260 3076/5127/2260 3073/5125/2260
f 3077/5134/2260 3049/5135/2260 3051/5129/2260 3076/5127/2260
f 3035/5136/2260 3072/5137/2260 3071/5132/2260 3033/5131/2260
f 3072/5137/2260 3075/5138/2260 3074/5133/2260 3071/5132/2260
f 3075/5138/2260 3078/5139/2260 3077/5134/2260 3074/5133/2260
f 3078/5139/2260 3047/5140/2260 3049/5135/2260 3077/5134/2260
f 3037/5141/2260 3039/5142/2260 3072/5137/2260 3035/5136/2260
f 3039/5142/2260 3041/5143/2260 3075/5138/2260 3072/5137/2260
f 3041/5143/2260 3043/5144/2260 3078/5139/2260 3075/5138/2260
f 3043/5144/2260 3045/5145/2260 3047/5140/2260 3078/5139/2260
o Cube.008
v 0.044147 0.427470 -0.029257
v -0.094280 0.434527 -0.271725
v 0.279752 0.517360 -0.249330
v 0.217212 0.520548 -0.358874
v -0.026293 0.090759 0.001158
v -0.164720 0.097816 -0.241310
v 0.108452 0.072813 -0.369764
v 0.217166 0.067486 -0.178553
v 0.102868 0.059116 -0.050018
v -0.055769 0.067203 -0.327886
v -0.030048 0.085322 -0.085646
v -0.092064 0.088484 -0.194272
v 0.124625 0.071311 -0.301493
v 0.172020 0.068895 -0.218475
v 0.059435 0.062879 -0.126865
v 0.053253 0.033471 -0.124191
v -0.011635 0.066503 -0.251351
v -0.017817 0.037094 -0.248677
v -0.027857 0.437293 -0.087269
v -0.080736 0.439989 -0.179892
v 0.255481 0.541467 -0.322330
v 0.268293 0.540814 -0.299888
v 0.165245 0.071623 -0.336124
v 0.222495 0.068704 -0.235847
v -0.098297 0.100582 -0.056855
v -0.151176 0.103277 -0.149478
v 0.140273 0.070233 -0.277182
v 0.159032 0.069277 -0.244324
v -0.073459 0.092639 -0.105184
v -0.097149 0.093847 -0.146679
v -0.008683 0.174936 -0.006446
v 0.008927 0.259114 -0.014049
v 0.026537 0.343292 -0.021653
v -0.111890 0.350349 -0.264121
v -0.129500 0.266171 -0.256518
v -0.147110 0.181994 -0.248914
v 0.213023 0.398720 -0.390252
v 0.192581 0.286039 -0.393557
v 0.154274 0.178877 -0.385371
v 0.301572 0.394206 -0.235149
v 0.287106 0.279226 -0.215486
v 0.261981 0.173386 -0.196712
v 0.171458 0.307529 -0.081947
v 0.148819 0.224666 -0.071434
v 0.123781 0.142430 -0.059533
v 0.012821 0.315616 -0.359815
v -0.009818 0.232753 -0.349302
v -0.034856 0.150517 -0.337401
v 0.275693 0.412400 -0.355204
v 0.262357 0.293125 -0.357377
v 0.215064 0.145867 -0.341130
v 0.303633 0.410976 -0.306265
v 0.295732 0.291424 -0.298918
v 0.254004 0.143882 -0.272923
v -0.045467 0.353115 -0.079666
v -0.063077 0.268937 -0.072062
v -0.080687 0.184759 -0.064459
v -0.098346 0.355811 -0.172288
v -0.115956 0.271633 -0.164685
v -0.133566 0.187455 -0.157081
v 0.140309 0.467904 -0.381186
v 0.258516 0.461878 -0.174136
v 0.173851 0.063711 -0.119269
v 0.040050 0.070532 -0.353634
v 0.109049 0.034191 -0.166512
v 0.116463 0.065850 -0.171382
v 0.047004 0.037354 -0.275189
v 0.055760 0.068944 -0.277710
v 0.183243 0.464972 -0.314213
v 0.222645 0.462963 -0.245196
v 0.210159 0.160304 -0.130561
v 0.238021 0.257799 -0.151432
v 0.252742 0.358669 -0.165368
v 0.070656 0.167416 -0.374912
v 0.105233 0.264569 -0.384023
v 0.127241 0.365067 -0.385195
v 0.106495 0.413296 -0.041780
v -0.052142 0.421383 -0.319648
v -0.129912 0.086588 -0.284993
v 0.028725 0.078501 -0.007125
v -0.072405 0.051366 -0.217097
v -0.066237 0.080778 -0.219762
v -0.001335 0.047743 -0.092611
v 0.004833 0.077155 -0.095276
v 0.004456 0.417715 -0.229177
v 0.057335 0.415019 -0.136554
v -0.110651 0.170334 -0.293552
v -0.089326 0.253541 -0.303305
v -0.069202 0.337061 -0.312363
v 0.047987 0.162247 -0.015684
v 0.069311 0.245454 -0.025437
v 0.089435 0.328974 -0.034495
v -0.006510 0.409452 -0.346047
v 0.075273 0.428158 -0.372745
v 0.032290 0.411050 -0.362456
v 0.217173 0.420924 -0.124194
v 0.152127 0.401365 -0.068179
v 0.186025 0.403212 -0.093174
v 0.053808 0.404812 -0.257728
v 0.129149 0.424573 -0.293592
v 0.090720 0.406718 -0.276821
v 0.176371 0.422165 -0.210879
v 0.106687 0.402116 -0.165105
v 0.141942 0.404107 -0.187100
v 0.192258 0.129804 -0.249583
v 0.163216 0.131285 -0.300452
v 0.078436 0.003417 -0.193635
v 0.054003 0.004662 -0.236432
v 0.011570 0.004614 -0.151621
v -0.016137 0.006027 -0.200154
v -0.050176 0.022689 -0.116168
v -0.077604 0.024088 -0.164211
v -0.030223 0.084488 -0.085570
v -0.013639 0.050624 -0.089216
v -0.027842 0.062730 -0.085569
v -0.081514 0.054084 -0.208105
v -0.092239 0.087649 -0.194197
v -0.091574 0.065980 -0.197201
v 0.122935 0.065895 -0.300895
v 0.096048 0.037460 -0.291691
v 0.111391 0.045804 -0.296900
v 0.148200 0.034801 -0.200341
v 0.170510 0.063470 -0.217562
v 0.160696 0.043291 -0.210536
v 0.130990 0.034681 -0.273258
v 0.106208 0.004962 -0.261728
v 0.120528 0.013707 -0.268527
v 0.126769 0.003914 -0.225714
v 0.150042 0.033710 -0.239887
v 0.140123 0.012708 -0.234204
v -0.080208 0.060374 -0.102269
v -0.067394 0.027059 -0.108289
v -0.078929 0.038792 -0.102964
v -0.093034 0.028366 -0.153201
v -0.103898 0.061582 -0.143765
v -0.103190 0.040029 -0.145460
vn -0.9229 0.2215 0.3149
vn -0.9681 0.2143 0.1300
vn -0.1336 0.0461 -0.9900
vn -0.0403 0.1192 -0.9921
vn 0.3712 0.2237 -0.9012
vn 0.2548 0.0913 -0.9627
vn 0.9652 0.0857 -0.2469
vn 0.9242 0.2469 -0.2913
vn 0.9700 0.1931 0.1476
vn 0.9600 0.0503 0.2753
vn 0.3572 0.0107 0.9340
vn 0.3555 0.0094 0.9346
vn 0.2078 0.0436 0.9772
vn 0.2058 0.0474 0.9774
vn 0.2040 0.9750 -0.0881
vn 0.0831 0.9962 -0.0251
vn 0.0952 0.9948 -0.0365
vn 0.6196 -0.0313 0.7843
vn 0.5358 -0.0135 0.8443
vn -0.3606 0.0187 -0.9325
vn -0.2079 0.0278 -0.9778
vn -0.2101 -0.9751 0.0715
vn -0.2013 -0.9771 0.0694
vn -0.1986 -0.9777 0.0688
vn -0.2104 -0.9750 0.0717
vn -0.1928 -0.9759 0.1017
vn -0.0948 -0.9945 0.0452
vn -0.0796 -0.9962 0.0363
vn -0.1931 -0.9759 0.1019
vn -0.1778 -0.9807 0.0813
vn -0.1865 -0.9778 0.0951
vn -0.1848 -0.9784 0.0931
vn -0.1770 -0.9811 0.0782
vn -0.0101 -0.9998 -0.0183
vn 0.0044 -0.9992 -0.0401
vn -0.0014 -0.9995 -0.0314
vn -0.5966 0.0525 -0.8008
vn -0.5965 0.0525 -0.8009
vn -0.4298 0.0181 -0.9027
vn -0.4395 0.0192 -0.8980
vn 0.6277 -0.0387 0.7775
vn 0.6350 -0.0403 0.7714
vn 0.5587 -0.0323 0.8288
vn 0.5497 -0.0313 0.8347
vn 0.1109 -0.7726 0.6251
vn 0.1356 -0.3810 0.9146
vn -0.2554 -0.8004 0.5423
vn -0.0607 -0.9142 0.4007
vn 0.5526 -0.7341 0.3947
vn 0.3609 -0.7918 0.4928
vn 0.1787 -0.9517 0.2496
vn 0.3710 -0.9187 0.1354
vn 0.0492 -0.9023 -0.4283
vn -0.1478 -0.9351 -0.3222
vn -0.2603 -0.7601 -0.5954
vn -0.0770 -0.7020 -0.7080
vn -0.3986 -0.8970 -0.1912
vn -0.6167 -0.7820 -0.0905
vn -0.7276 -0.3370 -0.5975
vn -0.5009 -0.7415 -0.4465
vn 0.0265 -0.9993 -0.0264
vn 0.0130 -0.9996 -0.0259
vn 0.0019 -0.9997 -0.0249
vn 0.0266 -0.9993 -0.0263
vn 0.0117 -0.9985 -0.0533
vn -0.1120 -0.9936 0.0150
vn -0.0967 -0.9953 0.0063
vn 0.0116 -0.9985 -0.0534
vn 0.3870 0.0024 0.9221
vn 0.3871 0.0024 0.9220
vn -0.0216 -0.1477 0.9888
vn -0.3508 0.0112 -0.9364
vn -0.3419 0.0095 -0.9397
vn -0.3245 0.0027 -0.9459
vn -0.3207 0.0102 -0.9471
vn -0.0124 -0.9996 -0.0236
vn 0.7775 -0.3030 0.5510
vn -0.1850 -0.9803 0.0687
vn -0.1819 -0.9809 0.0696
vn -0.6218 0.0606 -0.7808
vn -0.6233 0.0593 -0.7798
vn -0.4544 0.0370 -0.8900
vn 0.7270 0.2570 -0.6367
vn 0.7087 0.1015 -0.6982
vn -0.5990 0.1954 0.7765
vn -0.7349 0.2119 0.6442
vn -0.0863 -0.2590 -0.9620
vn 0.6048 -0.3085 -0.7342
vn 0.6911 -0.1747 -0.7013
vn 0.9531 -0.1885 -0.2367
vn 0.9347 -0.3264 -0.1405
vn 0.0844 -0.2143 -0.9731
vn 0.1835 -0.1879 -0.9649
vn 0.4511 -0.3339 -0.8277
vn 0.2123 -0.0877 -0.9733
vn -0.6402 0.0669 -0.7653
vn -0.6357 0.0668 -0.7690
vn -0.4013 -0.0139 -0.9158
vn -0.4088 -0.0210 -0.9124
vn -0.6268 0.0646 -0.7765
vn -0.3951 0.0097 -0.9186
vn 0.7206 -0.1702 0.6722
vn 0.7342 -0.1341 0.6656
vn 0.5837 -0.0641 0.8094
vn 0.5767 -0.0713 0.8138
vn 0.7520 -0.0600 0.6564
vn 0.5898 -0.0405 0.8065
vn 0.7854 -0.0011 0.6190
vn 0.3346 0.0172 0.9422
vn 0.3401 0.0171 0.9402
vn 0.1767 0.0582 0.9825
vn 0.1673 0.0580 0.9842
vn 0.3510 0.0147 0.9363
vn 0.1949 0.0549 0.9793
vn 0.9263 -0.3720 0.0604
vn 0.9160 -0.2335 0.3262
vn 0.8769 -0.3009 0.3747
vn 0.9376 -0.1213 0.3257
vn -0.2423 -0.0942 -0.9656
vn -0.2241 -0.0628 -0.9725
vn -0.1840 -0.0120 -0.9829
vn -0.6421 0.6632 0.3844
vn -0.5623 0.7473 0.3540
vn -0.5720 0.7478 0.3371
vn -0.6409 0.6632 0.3867
vn -0.6273 0.6834 0.3733
vn -0.5198 0.7768 0.3554
vn 0.8438 -0.4041 -0.3532
vn 0.8218 -0.3410 -0.4564
vn 0.8601 -0.2763 -0.4289
vn 0.8718 -0.3311 -0.3612
vn 0.8363 0.0745 0.5432
vn -0.5508 0.7784 0.3011
vn -0.6233 0.6832 0.3804
vn 0.7364 -0.0203 0.6762
vn -0.7423 0.1026 -0.6622
vn -0.7353 0.0954 -0.6710
vn -0.7542 0.1057 -0.6480
vn -0.7604 0.1053 -0.6409
vn -0.4033 0.8703 0.2827
vn -0.4266 0.8715 0.2418
vn -0.3711 0.8819 0.2908
vn -0.9819 0.0732 0.1749
vn -0.9572 0.2175 0.1911
vn -0.8817 0.1439 -0.4494
vn -0.8923 0.1069 -0.4385
vn -0.7342 0.0916 -0.6728
vn 0.0888 0.9959 -0.0151
vn -0.4169 0.8842 0.2105
vn -0.2996 0.0347 -0.9534
vn 0.6690 -0.0146 0.7431
vn -0.1710 0.9812 0.0900
vn -0.1949 0.9735 0.1195
vn 0.1048 0.9943 -0.0197
vn -0.1776 0.9726 0.1498
vn -0.1399 0.9796 0.1445
vn 0.1743 -0.9764 -0.1279
vn 0.8023 -0.3400 -0.4906
vn 0.7656 -0.4594 -0.4504
vn 0.2439 -0.8126 0.5294
vn 0.0399 -0.9487 0.3136
vn -0.8656 -0.1047 -0.4896
vn 0.7231 -0.3979 -0.5647
vn -0.2734 -0.9327 -0.2350
vn -0.6481 0.0562 0.7595
vn -0.6459 0.2016 0.7363
vn 0.6522 -0.0394 0.7570
vn 0.6490 -0.0469 0.7593
vn -0.3518 -0.7822 -0.5142
vn 0.7460 -0.3246 -0.5815
vn 0.7997 -0.2732 -0.5347
vn 0.8265 -0.5629 -0.0049
vn 0.6995 -0.7046 -0.1191
vn -0.9214 -0.2274 -0.3152
vn 0.4407 -0.6914 -0.5725
vn 0.4106 -0.5417 -0.7335
vn -0.0738 0.0652 0.9951
vn -0.2031 -0.2640 0.9429
vn -0.8673 -0.0673 0.4932
vn -0.5987 -0.7341 0.3204
vn -0.0582 0.1019 0.9931
vn 0.6475 -0.0506 0.7604
vn -0.3263 -0.0009 -0.9453
vt 0.405027 0.126455
vt 0.401583 0.160451
vt 0.364942 0.156681
vt 0.368512 0.122761
vt 0.263105 0.138940
vt 0.259089 0.178790
vt 0.225969 0.198463
vt 0.232949 0.152071
vt 0.189991 0.157489
vt 0.194717 0.206180
vt 0.173408 0.198772
vt 0.165847 0.152615
vt 0.055140 0.121234
vt 0.059003 0.155439
vt 0.033105 0.158485
vt 0.029068 0.124167
vt 0.304083 0.228407
vt 0.304129 0.195022
vt 0.332710 0.206569
vt 0.339389 0.227103
vt 0.304031 0.247690
vt 0.339304 0.245012
vt 0.092959 0.116900
vt 0.080488 0.152810
vt 0.305294 0.116018
vt 0.284830 0.162168
vt 0.006325 0.220607
vt 0.013226 0.202915
vt 0.038902 0.216535
vt 0.035834 0.228569
vt 0.113042 0.220451
vt 0.113343 0.249395
vt 0.084107 0.250095
vt 0.083788 0.228434
vt 0.077519 0.191498
vt 0.106179 0.202876
vt 0.080662 0.216470
vt 0.067748 0.206931
vt 0.036541 0.318110
vt 0.022091 0.305137
vt 0.042636 0.300322
vt 0.053426 0.301925
vt 0.157312 0.017106
vt 0.159077 0.007291
vt 0.180118 0.011063
vt 0.178348 0.020877
vt 0.599929 0.514585
vt 0.601699 0.537375
vt 0.552750 0.525617
vt 0.552262 0.504646
vt 0.519967 0.282052
vt 0.517628 0.285952
vt 0.498921 0.288336
vt 0.500454 0.283520
vt 0.514845 0.212131
vt 0.520775 0.230713
vt 0.503098 0.236267
vt 0.501603 0.218491
vt 0.489725 0.218127
vt 0.486686 0.235544
vt 0.469751 0.228683
vt 0.477006 0.211057
vt 0.485597 0.282989
vt 0.486790 0.288080
vt 0.468059 0.284382
vt 0.465937 0.280271
vt 0.105919 0.280812
vt 0.101536 0.302743
vt 0.078248 0.299253
vt 0.081389 0.274352
vt 0.013600 0.282021
vt 0.005999 0.249829
vt 0.035714 0.250322
vt 0.038924 0.274848
vt 0.507319 0.505641
vt 0.507794 0.526612
vt 0.486562 0.512072
vt 0.498223 0.505843
vt 0.201467 0.019712
vt 0.203973 0.009138
vt 0.223767 0.015851
vt 0.218549 0.018861
vt 0.085197 0.315615
vt 0.067558 0.301443
vt 0.075199 0.339222
vt 0.068565 0.322842
vt 0.042015 0.191498
vt 0.051815 0.206946
vt 0.342774 0.120067
vt 0.339272 0.153950
vt 0.317968 0.151546
vt 0.233518 0.227157
vt 0.240177 0.206605
vt 0.268764 0.195022
vt 0.268835 0.228421
vt 0.204671 0.206251
vt 0.208798 0.157201
vt 0.483668 0.134273
vt 0.480289 0.168308
vt 0.443633 0.164666
vt 0.447023 0.130642
vt 0.457030 0.028612
vt 0.453722 0.062632
vt 0.411712 0.058543
vt 0.414976 0.024547
vt 0.450390 0.096638
vt 0.408411 0.092501
vt 0.493681 0.032185
vt 0.490360 0.066215
vt 0.487026 0.100243
vt 0.055015 0.323454
vt 0.051625 0.341787
vt 0.214407 0.061722
vt 0.210639 0.117756
vt 0.187801 0.118135
vt 0.183706 0.061654
vt 0.254867 0.028531
vt 0.244177 0.072327
vt 0.228666 0.029191
vt 0.237116 0.112744
vt 0.355872 0.018977
vt 0.352077 0.052876
vt 0.316934 0.049836
vt 0.321177 0.015974
vt 0.347285 0.086504
vt 0.310790 0.083105
vt 0.116042 0.023122
vt 0.123189 0.063336
vt 0.081009 0.050180
vt 0.076749 0.015974
vt 0.131135 0.101609
vt 0.087249 0.083746
vt 0.135590 0.139668
vt 0.041705 0.018999
vt 0.045502 0.053268
vt 0.022137 0.055440
vt 0.019017 0.021058
vt 0.050391 0.087292
vt 0.025432 0.089808
vt 0.168374 0.029039
vt 0.153969 0.072793
vt 0.145203 0.028452
vt 0.159334 0.112346
vt 0.282309 0.023017
vt 0.275017 0.062875
vt 0.267238 0.101024
vt 0.375154 0.055034
vt 0.378332 0.021058
vt 0.371903 0.088910
vt 0.282243 0.333229
vt 0.273396 0.299419
vt 0.299625 0.299401
vt 0.290822 0.333234
vt 0.265556 0.324359
vt 0.247049 0.298455
vt 0.502074 0.205920
vt 0.503144 0.192943
vt 0.514149 0.194404
vt 0.513941 0.196583
vt 0.140008 0.179599
vt 0.325965 0.298399
vt 0.307502 0.324334
vt 0.113975 0.163204
vt 0.270835 0.276313
vt 0.302148 0.276306
vt 0.239258 0.274180
vt 0.486149 0.298026
vt 0.483362 0.308115
vt 0.466986 0.299548
vt 0.467138 0.299257
vt 0.268903 0.247713
vt 0.333715 0.274122
vt 0.301471 0.153781
vt 0.097139 0.154910
vt 0.337608 0.258880
vt 0.303449 0.261381
vt 0.233626 0.245073
vt 0.269508 0.261387
vt 0.235342 0.258941
vt 0.489196 0.192943
vt 0.485373 0.167711
vt 0.506967 0.167711
vt 0.522525 0.257300
vt 0.502755 0.262193
vt 0.153055 0.016342
vt 0.148035 0.012559
vt 0.489799 0.205649
vt 0.484889 0.261500
vt 0.499042 0.298022
vt 0.501198 0.308865
vt 0.635152 0.521910
vt 0.645016 0.529864
vt 0.465503 0.254947
vt 0.478617 0.196046
vt 0.478500 0.193931
vt 0.513577 0.205454
vt 0.501381 0.213220
vt 0.469392 0.291339
vt 0.487134 0.292347
vt 0.490165 0.212803
vt 0.478592 0.204652
vt 0.517808 0.300618
vt 0.498243 0.292583
vt 0.515936 0.292654
vt 0.517949 0.300916
vt 0.146958 0.005406
vt 0.147008 0.005127
vt 0.482009 0.527183
vt 0.481996 0.526588
vt 0.650520 0.545257
vt 0.650982 0.549196
vt 0.227990 0.007209
vt 0.227483 0.009025
s 1
usemtl Material.001
f 3136/5146/2261 3098/5147/2261 3080/5148/2262 3112/5149/2262
f 3154/5150/2263 3139/5151/2264 3082/5152/2265 3115/5153/2266
f 3130/5154/2267 3100/5155/2268 3081/5156/2269 3118/5157/2270
f 3170/5158/2271 3155/5159/2272 3079/5160/2273 3111/5161/2274
f 3164/5162/2275 3097/5163/2275 3079/5164/2275 3155/5165/2275
f 3181/5166/2276 3164/5162/2275 3155/5165/2275 3175/5167/2277
f 3121/5168/2278 3175/5169/2279 3155/5159/2272 3170/5158/2271
f 3124/5170/2280 3172/5171/2281 3139/5151/2264 3154/5150/2263
f 3158/5172/2282 3083/5173/2283 3089/5174/2284 3162/5175/2285
f 3157/5176/2286 3088/5177/2287 3095/5178/2288 3160/5179/2289
f 3104/5180/2290 3084/5181/2291 3090/5182/2292 3108/5183/2293
f 3102/5184/2294 3086/5185/2295 3092/5186/2296 3106/5187/2294
f 3159/5188/2297 3160/5189/2298 3095/5190/2299 3096/5191/2300
f 3143/5192/2301 3144/5193/2302 3093/5194/2303 3094/5195/2304
f 3161/5196/2305 3192/5197/2306 3210/5198/2307 3189/5199/2308
f 3200/5200/2309 3143/5201/2310 3185/5202/2311 3206/5203/2312
f 3204/5204/2313 3186/5205/2314 3145/5206/2315 3198/5207/2316
f 3190/5208/2317 3212/5209/2318 3194/5210/2319 3159/5211/2320
f 3142/5212/2321 3085/5213/2322 3091/5214/2323 3146/5215/2324
f 3141/5216/2325 3087/5217/2326 3093/5218/2327 3144/5219/2328
f 3161/5220/2329 3162/5221/2330 3193/5222/2331 3192/5223/2306
f 3145/5224/2332 3146/5225/2333 3199/5226/2334 3198/5227/2335
f 3189/5199/2308 3210/5198/2307 3212/5209/2318 3190/5208/2317
f 3085/5213/2322 3101/5228/2336 3105/5229/2336 3091/5214/2323
f 3105/5229/2337 3101/5228/2337 3129/5230/2337 3184/5231/2337
f 3083/5173/2283 3103/5232/2338 3107/5233/2339 3089/5174/2284
f 3103/5232/2338 3104/5180/2290 3108/5183/2293 3107/5233/2339
f 3167/5234/2340 3156/5235/2341 3171/5236/2342 3124/5170/2280
f 3156/5237/2275 3080/5238/2275 3098/5239/2275 3163/5240/2275
f 3163/5240/2275 3098/5239/2275 3097/5163/2275 3164/5162/2275
f 3115/5153/2266 3082/5152/2265 3099/5241/2343 3127/5242/2344
f 3127/5242/2344 3099/5241/2343 3100/5155/2268 3130/5154/2267
f 3111/5243/2345 3079/5244/2345 3097/5245/2346 3133/5246/2346
f 3133/5246/2346 3097/5245/2346 3098/5147/2261 3136/5146/2261
f 3103/5247/2346 3135/5248/2346 3138/5249/2261 3104/5250/2261
f 3135/5248/2346 3134/5251/2346 3137/5252/2261 3138/5249/2261
f 3134/5251/2346 3133/5246/2346 3136/5146/2261 3137/5252/2261
f 3083/5253/2345 3109/5254/2345 3135/5248/2346 3103/5247/2346
f 3109/5254/2345 3110/5255/2345 3134/5251/2346 3135/5248/2346
f 3110/5255/2345 3111/5243/2345 3133/5246/2346 3134/5251/2346
f 3183/5256/2347 3132/5257/2347 3102/5184/2347 3106/5187/2347
f 3129/5258/2348 3128/5259/2349 3131/5260/2350 3132/5261/2351
f 3128/5259/2349 3127/5242/2344 3130/5154/2267 3131/5260/2350
f 3085/5262/2352 3117/5263/2353 3129/5258/2348 3101/5264/2354
f 3117/5263/2353 3116/5265/2355 3128/5259/2349 3129/5258/2348
f 3116/5265/2355 3115/5153/2266 3127/5242/2344 3128/5259/2349
f 3157/5266/2356 3165/5267/2357 3126/5268/2358 3088/5269/2359
f 3165/5267/2357 3166/5270/2360 3125/5271/2361 3126/5268/2358
f 3166/5270/2360 3167/5234/2340 3124/5170/2280 3125/5271/2361
f 3141/5272/2362 3149/5273/2363 3123/5274/2364 3087/5275/2365
f 3149/5273/2363 3150/5276/2366 3122/5277/2367 3123/5274/2364
f 3150/5276/2366 3151/5278/2368 3121/5168/2278 3122/5277/2367
f 3158/5279/2369 3168/5280/2370 3109/5281/2371 3083/5282/2372
f 3168/5280/2370 3169/5283/2373 3110/5284/2374 3109/5281/2371
f 3169/5283/2373 3170/5158/2271 3111/5161/2274 3110/5284/2374
f 3102/5285/2375 3132/5261/2351 3120/5286/2376 3086/5287/2377
f 3132/5261/2351 3131/5260/2350 3119/5288/2378 3120/5286/2376
f 3131/5260/2350 3130/5154/2267 3118/5157/2270 3119/5288/2378
f 3142/5289/2379 3152/5290/2380 3117/5263/2353 3085/5262/2352
f 3152/5290/2380 3153/5291/2381 3116/5265/2355 3117/5263/2353
f 3153/5291/2381 3154/5150/2263 3115/5153/2266 3116/5265/2355
f 3104/5250/2261 3138/5249/2261 3114/5292/2262 3084/5293/2262
f 3138/5249/2261 3137/5252/2261 3113/5294/2262 3114/5292/2262
f 3137/5252/2261 3136/5146/2261 3112/5149/2262 3113/5294/2262
f 3125/5271/2361 3124/5170/2280 3154/5150/2263 3153/5291/2381
f 3126/5268/2358 3125/5271/2361 3153/5291/2381 3152/5290/2380
f 3088/5269/2359 3126/5268/2358 3152/5290/2380 3142/5289/2379
f 3119/5288/2378 3118/5157/2270 3151/5278/2368 3150/5276/2366
f 3120/5286/2376 3119/5288/2378 3150/5276/2366 3149/5273/2363
f 3086/5287/2377 3120/5286/2376 3149/5273/2363 3141/5272/2362
f 3099/5295/2382 3147/5296/2383 3148/5297/2384 3100/5298/2385
f 3082/5299/2386 3139/5300/2387 3147/5296/2383 3099/5295/2382
f 3086/5185/2295 3141/5216/2325 3144/5219/2328 3092/5186/2296
f 3088/5177/2287 3142/5212/2321 3146/5215/2324 3095/5178/2288
f 3096/5191/2300 3095/5190/2299 3146/5225/2333 3145/5224/2332
f 3207/5301/2388 3106/5302/2389 3092/5303/2390 3201/5304/2391
f 3118/5157/2270 3081/5156/2269 3140/5305/2392 3151/5278/2368
f 3100/5298/2385 3148/5297/2384 3140/5306/2393 3081/5307/2394
f 3151/5278/2368 3140/5305/2392 3174/5308/2395 3121/5168/2278
f 3122/5277/2367 3121/5168/2278 3170/5158/2271 3169/5283/2373
f 3123/5274/2364 3122/5277/2367 3169/5283/2373 3168/5280/2370
f 3087/5275/2365 3123/5274/2364 3168/5280/2370 3158/5279/2369
f 3113/5294/2396 3112/5149/2397 3167/5234/2340 3166/5270/2360
f 3114/5292/2398 3113/5294/2396 3166/5270/2360 3165/5267/2357
f 3084/5293/2399 3114/5292/2398 3165/5267/2357 3157/5266/2356
f 3147/5296/2383 3178/5309/2400 3180/5310/2401 3148/5297/2384
f 3139/5300/2387 3172/5311/2402 3178/5309/2400 3147/5296/2383
f 3094/5195/2304 3093/5194/2303 3162/5221/2330 3161/5220/2329
f 3213/5312/2403 3108/5313/2404 3090/5314/2405 3195/5315/2406
f 3084/5181/2291 3157/5176/2286 3160/5179/2289 3090/5182/2292
f 3087/5217/2326 3158/5172/2282 3162/5175/2285 3093/5218/2327
f 3112/5149/2397 3080/5148/2407 3156/5235/2341 3167/5234/2340
f 3177/5316/2408 3163/5240/2275 3164/5162/2275 3181/5166/2276
f 3148/5297/2384 3180/5310/2401 3174/5317/2409 3140/5306/2393
f 3171/5236/2342 3173/5318/2410 3124/5170/2280
f 3173/5318/2410 3172/5171/2281 3124/5170/2280
f 3174/5308/2395 3176/5319/2411 3121/5168/2278
f 3176/5319/2411 3175/5169/2279 3121/5168/2278
f 3181/5166/2276 3175/5167/2277 3176/5320/2412 3182/5321/2413
f 3182/5321/2413 3176/5320/2412 3174/5317/2409 3180/5310/2401
f 3171/5322/2414 3177/5316/2408 3179/5323/2415 3173/5324/2416
f 3173/5324/2416 3179/5323/2415 3178/5309/2400 3172/5311/2402
f 3177/5316/2408 3181/5166/2276 3182/5321/2413 3179/5323/2415
f 3179/5323/2415 3182/5321/2413 3180/5310/2401 3178/5309/2400
f 3171/5322/2414 3156/5237/2275 3163/5240/2275 3177/5316/2408
f 3183/5256/2417 3184/5231/2417 3129/5230/2417 3132/5257/2417
f 3105/5325/2418 3184/5326/2419 3183/5327/2419 3106/5302/2389
f 3206/5203/2312 3185/5202/2311 3186/5205/2314 3204/5204/2313
f 3143/5201/2310 3094/5328/2420 3187/5329/2421 3185/5202/2311
f 3094/5328/2420 3161/5196/2305 3189/5199/2308 3187/5329/2421
f 3194/5330/2319 3196/5331/2422 3160/5189/2298 3159/5188/2297
f 3203/5332/2423 3105/5325/2418 3106/5302/2389 3207/5301/2388
f 3185/5202/2311 3187/5329/2421 3188/5333/2424 3186/5205/2314
f 3187/5329/2421 3189/5199/2308 3190/5208/2317 3188/5333/2424
f 3209/5334/2425 3107/5335/2426 3108/5313/2404 3213/5312/2403
f 3200/5336/2427 3202/5337/2428 3144/5193/2302 3143/5192/2301
f 3186/5205/2314 3188/5333/2424 3096/5338/2429 3145/5206/2315
f 3188/5333/2424 3190/5208/2317 3159/5211/2320 3096/5338/2429
f 3197/5339/2430 3091/5340/2431 3105/5325/2418 3203/5332/2423
f 3207/5301/2388 3201/5304/2391 3202/5341/2432 3208/5342/2433
f 3208/5342/2433 3202/5341/2432 3200/5200/2309 3206/5203/2312
f 3213/5312/2403 3195/5315/2406 3196/5343/2422 3214/5344/2434
f 3214/5344/2434 3196/5343/2422 3194/5210/2319 3212/5209/2318
f 3197/5339/2430 3203/5332/2423 3205/5345/2435 3199/5346/2436
f 3199/5346/2436 3205/5345/2435 3204/5204/2313 3198/5207/2316
f 3203/5332/2423 3207/5301/2388 3208/5342/2433 3205/5345/2435
f 3205/5345/2435 3208/5342/2433 3206/5203/2312 3204/5204/2313
f 3191/5347/2437 3209/5334/2425 3211/5348/2438 3193/5349/2331
f 3193/5349/2331 3211/5348/2438 3210/5198/2307 3192/5197/2306
f 3209/5334/2425 3213/5312/2403 3214/5344/2439 3211/5348/2439
f 3211/5348/2440 3214/5344/2440 3212/5209/2318 3210/5198/2307
f 3191/5347/2437 3089/5350/2441 3107/5335/2426 3209/5334/2425
f 3160/5189/2298 3196/5331/2422 3195/5351/2406 3090/5352/2405
f 3193/5222/2331 3162/5221/2330 3089/5353/2441 3191/5354/2437
f 3144/5193/2302 3202/5337/2428 3201/5355/2442 3092/5356/2442
f 3199/5226/2334 3146/5225/2333 3091/5357/2443 3197/5358/2443
o Cube.009
v 0.024592 0.035227 -0.104099
v -0.042658 0.035103 -0.214846
v 0.166243 0.066262 -0.325307
v 0.218854 0.066359 -0.238667
v 0.115469 0.035034 -0.148257
v 0.038401 0.034892 -0.275173
v -0.020732 0.035246 -0.123404
v -0.046422 0.035199 -0.165709
v 0.168383 0.050698 -0.191452
v 0.101102 0.050575 -0.302250
v -0.016855 0.035022 -0.241594
v 0.060213 0.035163 -0.114678
v 0.020168 0.028234 0.019444
v -0.154370 0.028032 -0.267850
v 0.177450 0.075189 -0.432987
v 0.319608 0.075354 -0.198989
v 0.173460 0.027918 -0.044971
v -0.026560 0.027687 -0.374210
v -0.073892 0.028266 -0.044951
v -0.140566 0.028188 -0.154698
v 0.255266 0.053527 -0.123309
v 0.080647 0.053325 -0.410737
v -0.116899 0.027899 -0.319327
v 0.083120 0.028131 0.009912
v 0.020060 -0.048880 0.019564
v -0.154478 -0.049082 -0.267730
v 0.194010 -0.049834 -0.436634
v 0.330555 -0.049676 -0.211877
v 0.173352 -0.049196 -0.044851
v -0.026668 -0.049427 -0.374090
v 0.237010 -0.049791 -0.370095
v 0.291318 -0.049728 -0.280702
v -0.074001 -0.048849 -0.044831
v -0.140674 -0.048926 -0.154578
v 0.255121 -0.049432 -0.123149
v 0.080503 -0.049634 -0.410577
v -0.117007 -0.049215 -0.319207
v 0.083012 -0.048983 0.010032
v 0.080583 0.007554 -0.410666
v 0.231285 0.050568 -0.443898
v -0.154398 0.008107 -0.267819
v -0.116927 0.007974 -0.319296
v -0.140593 0.008263 -0.154667
v 0.173432 0.007993 -0.044940
v 0.083093 0.008205 0.009943
v -0.026588 0.007762 -0.374179
v 0.020140 0.008309 0.019475
v -0.073920 0.008340 -0.044920
v 0.255202 0.007757 -0.123238
v 0.354117 0.050711 -0.241714
v 0.349711 -0.049887 -0.330212
v 0.379517 -0.049846 -0.276909
v 0.274289 -0.049968 -0.450118
v 0.307859 -0.049936 -0.399102
v 0.263928 0.007246 -0.443864
v 0.307939 0.007253 -0.399191
v 0.369156 0.007367 -0.270655
v 0.247193 0.163085 -0.354157
v 0.281733 0.163125 -0.297303
v 0.274906 0.131496 -0.376651
v 0.314487 0.131542 -0.311499
v 0.245264 0.147474 -0.357272
v 0.208368 0.078812 -0.400546
v 0.205800 0.073883 -0.338809
v 0.258513 0.082214 -0.335211
v 0.231115 0.100322 -0.375343
v 0.305064 0.078924 -0.241382
v 0.283618 0.147519 -0.294139
v 0.270186 0.082227 -0.315997
v 0.249092 0.073933 -0.267549
v 0.293166 0.100393 -0.273206
v 0.259975 0.049642 -0.431833
v 0.319029 0.048692 -0.371952
v 0.272895 0.018240 -0.434090
v 0.279979 0.073213 -0.405402
v 0.356630 0.049754 -0.272735
v 0.364607 0.018346 -0.283128
v 0.349792 0.007314 -0.330297
v 0.330702 0.048706 -0.352739
v 0.342377 0.073285 -0.302693
v 0.193963 -0.049474 -0.205268
v 0.125198 -0.049554 -0.318457
v 0.090717 -0.049215 -0.132160
v 0.012737 -0.049306 -0.260519
v -0.012201 -0.048975 -0.070521
v -0.089395 -0.049065 -0.197585
v 0.024592 -0.000152 -0.104099
v -0.042658 -0.000275 -0.214846
v 0.166243 0.030884 -0.325307
v 0.218854 0.030981 -0.238667
v 0.115469 -0.000345 -0.148257
v 0.038401 -0.000486 -0.275173
v -0.020732 -0.000132 -0.123404
v -0.046422 -0.000179 -0.165709
v 0.168383 0.015320 -0.191452
v 0.101102 0.015197 -0.302250
v -0.016855 -0.000356 -0.241594
v 0.060213 -0.000215 -0.114678
vn -0.0534 0.9973 0.0497
vn -0.0692 0.9973 0.0233
vn -0.0691 0.9974 0.0190
vn -0.0496 0.9974 0.0516
vn 0.5870 0.2994 0.7522
vn 0.6101 0.3880 0.6908
vn 0.5645 0.2290 0.7930
vn -0.8546 0.0020 0.5192
vn -0.0563 0.9983 -0.0174
vn -0.0357 0.9983 -0.0465
vn -0.0375 0.9983 -0.0446
vn -0.0542 0.9983 -0.0208
vn -0.1278 0.9917 0.0107
vn -0.1125 0.9936 0.0007
vn -0.2108 0.9754 0.0643
vn -0.1847 0.9801 0.0726
vn -0.1947 0.9788 0.0635
vn -0.2105 0.9755 0.0639
vn 0.5552 0.8230 0.1199
vn 0.4977 0.8659 -0.0507
vn 0.5641 0.8115 0.1523
vn -0.1500 0.9802 0.1293
vn -0.1545 0.9755 0.1567
vn -0.1540 0.9756 0.1567
vn -0.1464 0.9789 0.1425
vn -0.0687 0.9918 0.1078
vn 0.0243 0.9983 0.0525
vn 0.0218 0.9983 0.0532
vn -0.0528 0.9937 0.0989
vn -0.0113 0.9983 0.0573
vn -0.0072 0.9983 0.0570
vn -0.2706 -0.0015 -0.9627
vn -0.1784 0.0036 -0.9840
vn -0.1791 0.0091 -0.9838
vn -0.2715 0.0028 -0.9624
vn -0.8085 0.0002 -0.5885
vn -0.6771 -0.0002 -0.7359
vn -0.9448 0.0018 0.3275
vn -0.9926 0.0016 0.1211
vn 0.6090 0.0004 0.7932
vn 0.3411 0.0010 0.9400
vn -0.0014 -1.0000 0.0016
vn -0.4233 -0.0008 -0.9060
vn -0.5649 0.0021 0.8251
vn -0.7261 0.0021 0.6876
vn 0.7297 -0.0003 0.6838
vn 0.7290 0.0040 0.6845
vn 0.1497 0.0013 0.9887
vn 0.7910 0.0047 0.6117
vn 0.7905 0.0102 0.6123
vn 0.9602 0.1649 -0.2255
vn 0.9593 0.1948 -0.2042
vn 0.9499 0.2772 -0.1447
vn 0.9585 0.2843 0.0207
vn -0.4166 -0.0008 -0.9091
vn -0.2616 -0.0085 -0.9651
vn 0.7674 -0.0129 0.6410
vn 0.7360 -0.0073 0.6769
vn 0.6148 0.0004 0.7887
vn 0.6425 0.1645 -0.7484
vn 0.6232 0.1944 -0.7575
vn 0.7905 0.1325 -0.5980
vn -0.3321 0.3869 -0.8602
vn -0.3972 0.2982 -0.8679
vn -0.4438 0.2278 -0.8667
vn -0.2152 -0.0140 -0.9765
vn 0.8166 0.0508 -0.5749
vn 0.7726 0.1032 -0.6264
vn 0.8949 0.1326 -0.4260
vn 0.8865 0.0509 -0.4598
vn 0.9119 0.1034 -0.3971
vn 0.8295 0.0141 0.5584
vn 0.7317 0.5447 -0.4097
vn 0.8510 0.2661 -0.4527
vn 0.7938 0.2660 -0.5469
vn 0.7005 0.5447 -0.4611
vn -0.1133 0.0130 -0.9935
vn 0.5691 0.7458 -0.3463
vn -0.1506 0.9828 0.1069
vn -0.1652 0.9827 0.0833
vn 0.4232 0.2836 -0.8605
vn 0.5660 0.2767 -0.7766
vn -0.1745 0.9824 0.0662
vn -0.6059 0.4834 0.6318
vn -0.3487 0.7113 0.6103
vn 0.7123 0.2907 -0.6388
vn 0.8950 0.2909 -0.3381
vn -0.0982 0.6546 -0.7496
vn -0.1781 0.5746 -0.7988
vn 0.1243 0.8110 -0.5717
vn 0.1489 0.8225 -0.5489
vn 0.6196 0.6554 0.4319
vn 0.6265 0.5755 0.5256
vn 0.2738 0.8656 -0.4192
vn -0.7027 0.7109 0.0275
vn -0.8402 0.4832 0.2461
vn -0.1619 0.9820 0.0976
vn 0.6248 -0.0000 0.7808
vn 0.7197 -0.0000 0.6943
vn 0.6245 -0.0000 0.7810
vn 0.9971 -0.0000 0.0764
vn -0.4052 -0.0000 -0.9142
vn -0.5810 -0.0000 -0.8139
vn -0.5729 -0.0000 -0.8196
vn -0.4055 -0.0000 -0.9141
vn -0.8548 -0.0000 0.5190
vn 0.4549 -0.0000 0.8905
vn 0.4637 -0.0000 0.8860
vn 0.3919 -0.0000 -0.9200
vn -0.6618 -0.0000 -0.7497
vn -0.6545 -0.0000 -0.7561
vn 0.8548 -0.0000 -0.5190
vn -0.2847 -0.0000 -0.9586
vn -0.6832 -0.0000 -0.7303
vn 0.3608 -0.0000 0.9327
vn 0.3698 -0.0000 0.9291
vn 0.3337 -0.0000 0.9427
vn -0.1393 0.9826 0.1230
vt 0.416272 0.621141
vt 0.400376 0.621902
vt 0.387102 0.594213
vt 0.427588 0.592629
vt 0.429013 0.756503
vt 0.425708 0.768076
vt 0.424862 0.753163
vt 0.402464 0.748806
vt 0.425791 0.748175
vt 0.403665 0.753746
vt 0.387426 0.631706
vt 0.382932 0.643160
vt 0.345147 0.627355
vt 0.353376 0.609211
vt 0.382439 0.663240
vt 0.344785 0.663061
vt 0.386478 0.684572
vt 0.396790 0.704994
vt 0.371490 0.728073
vt 0.356566 0.700215
vt 0.453645 0.773503
vt 0.467875 0.776974
vt 0.455130 0.791879
vt 0.445144 0.793673
vt 0.428538 0.702793
vt 0.436701 0.682895
vt 0.468098 0.695784
vt 0.456254 0.725357
vt 0.438454 0.661023
vt 0.435921 0.640616
vt 0.472465 0.621512
vt 0.476349 0.657380
vt 0.430146 0.629380
vt 0.462634 0.603936
vt 0.377923 0.408302
vt 0.387202 0.441379
vt 0.365658 0.433274
vt 0.365660 0.408302
vt 0.377923 0.347707
vt 0.377923 0.361359
vt 0.365660 0.361359
vt 0.365660 0.347707
vt 0.377923 0.323264
vt 0.365660 0.323264
vt 0.377923 0.234966
vt 0.377923 0.257632
vt 0.365660 0.257632
vt 0.365660 0.234966
vt 0.363308 0.958284
vt 0.387305 0.958951
vt 0.390940 0.981863
vt 0.372446 0.981196
vt 0.419001 0.958951
vt 0.415366 0.981863
vt 0.377923 0.384026
vt 0.365660 0.384026
vt 0.377923 0.271285
vt 0.377923 0.295728
vt 0.365660 0.295728
vt 0.365660 0.271285
vt 0.377923 0.210690
vt 0.365659 0.210690
vt 0.387202 0.177614
vt 0.365658 0.185718
vt 0.447672 0.807795
vt 0.443177 0.804492
vt 0.382195 0.384026
vt 0.387738 0.408302
vt 0.392464 0.189400
vt 0.387737 0.210690
vt 0.382195 0.257632
vt 0.382195 0.271285
vt 0.382195 0.295728
vt 0.382195 0.323264
vt 0.382195 0.234966
vt 0.382195 0.361359
vt 0.381846 0.807934
vt 0.386303 0.804629
vt 0.401859 0.808904
vt 0.403331 0.768218
vt 0.399761 0.757078
vt 0.382195 0.347707
vt 0.392464 0.429592
vt 0.401674 0.827230
vt 0.381939 0.826849
vt 0.427570 0.808832
vt 0.427788 0.827230
vt 0.447626 0.826807
vt 0.365580 0.168263
vt 0.377892 0.170642
vt 0.418214 0.795780
vt 0.411082 0.795774
vt 0.442999 0.958284
vt 0.433860 0.981196
vt 0.377892 0.448351
vt 0.365580 0.450729
vt 0.426166 0.716668
vt 0.399834 0.717822
vt 0.374388 0.792147
vt 0.384296 0.793881
vt 0.384450 0.729586
vt 0.395928 0.733683
vt 0.410376 0.729669
vt 0.443031 0.727855
vt 0.431426 0.732704
vt 0.395366 0.786553
vt 0.433945 0.786364
vt 0.387056 0.767814
vt 0.375790 0.773963
vt 0.442225 0.767327
vt 0.361726 0.777449
vt 0.352197 0.924788
vt 0.383087 0.921869
vt 0.416685 0.729847
vt 0.344785 0.891292
vt 0.380397 0.883628
vt 0.344785 0.859261
vt 0.380627 0.847276
vt 0.352221 0.841458
vt 0.383697 0.827230
vt 0.423220 0.921869
vt 0.425909 0.883628
vt 0.425680 0.847276
vt 0.422609 0.827230
vt 0.454109 0.924788
vt 0.461522 0.891292
vt 0.461522 0.859261
vt 0.454086 0.841458
vt 0.395567 0.637623
vt 0.392882 0.645443
vt 0.403425 0.631099
vt 0.427779 0.660243
vt 0.426258 0.644241
vt 0.401759 0.694329
vt 0.423411 0.694803
vt 0.392807 0.661468
vt 0.422713 0.636127
vt 0.413945 0.630094
vt 0.427283 0.678607
vt 0.395261 0.679312
s 1
usemtl Material.001
f 3221/5359/2444 3222/5360/2445 3234/5361/2446 3233/5362/2447
f 3282/5363/2448 3275/5364/2449 3273/5365/2450
f 3276/5366/2451 3282/5367/2451 3273/5365/2451 3272/5368/2451
f 3216/5369/2452 3225/5370/2453 3237/5371/2454 3228/5372/2455
f 3225/5370/2453 3220/5373/2456 3232/5374/2457 3237/5371/2454
f 3224/5375/2458 3217/5376/2459 3229/5377/2460 3236/5378/2461
f 3281/5379/2462 3230/5380/2463 3264/5381/2463 3290/5382/2464
f 3218/5383/2465 3223/5384/2466 3235/5385/2467 3230/5386/2468
f 3219/5387/2469 3226/5388/2470 3238/5389/2471 3231/5390/2472
f 3223/5384/2466 3219/5387/2469 3231/5390/2472 3235/5385/2467
f 3222/5360/2445 3216/5369/2452 3228/5372/2455 3234/5361/2446
f 3220/5373/2456 3224/5375/2458 3236/5378/2461 3232/5374/2457
f 3215/5391/2473 3221/5359/2444 3233/5362/2447 3227/5392/2474
f 3226/5388/2470 3215/5391/2473 3227/5392/2474 3238/5389/2471
f 3253/5393/2475 3254/5394/2476 3241/5395/2477 3250/5396/2478
f 3255/5397/2479 3256/5398/2480 3251/5399/2480 3240/5400/2479
f 3257/5401/2481 3255/5397/2482 3240/5400/2482 3248/5402/2481
f 3258/5403/2483 3259/5404/2484 3252/5405/2484 3243/5406/2483
f 3242/5407/2485 3246/5408/2485 3265/5409/2485 3266/5410/2485
f 3246/5408/2485 3245/5411/2485 3268/5412/2485 3265/5409/2485
f 3256/5398/2480 3260/5413/2486 3244/5414/2486 3251/5399/2480
f 3261/5415/2487 3262/5416/2488 3247/5417/2488 3239/5418/2487
f 3263/5419/2489 3258/5403/2483 3243/5406/2483 3249/5420/2490
f 3262/5416/2488 3257/5401/2481 3248/5402/2481 3247/5417/2488
f 3259/5404/2484 3261/5415/2491 3239/5418/2491 3252/5405/2484
f 3264/5421/2492 3263/5419/2489 3249/5420/2490 3242/5422/2493
f 3271/5423/2494 3291/5424/2495 3290/5382/2496 3264/5381/2497
f 3260/5413/2486 3253/5393/2475 3250/5396/2478 3244/5414/2486
f 3232/5425/2498 3236/5426/2499 3253/5393/2475 3260/5413/2486
f 3230/5427/2500 3235/5428/2501 3263/5419/2489 3264/5421/2492
f 3238/5429/2484 3227/5430/2491 3261/5415/2491 3259/5404/2484
f 3233/5431/2488 3234/5432/2481 3257/5401/2481 3262/5416/2488
f 3235/5428/2501 3231/5433/2502 3258/5403/2483 3263/5419/2489
f 3227/5430/2487 3233/5431/2488 3262/5416/2488 3261/5415/2487
f 3237/5434/2480 3232/5425/2498 3260/5413/2486 3256/5398/2480
f 3269/5435/2503 3288/5436/2504 3270/5437/2505
f 3274/5438/2506 3276/5439/2507 3272/5368/2508
f 3231/5433/2502 3238/5429/2484 3259/5404/2484 3258/5403/2483
f 3234/5432/2481 3228/5440/2482 3255/5397/2482 3257/5401/2481
f 3228/5440/2479 3237/5434/2480 3256/5398/2480 3255/5397/2479
f 3236/5426/2499 3229/5441/2509 3254/5394/2476 3253/5393/2475
f 3269/5435/2503 3270/5437/2505 3268/5442/2510 3267/5443/2511
f 3270/5437/2505 3292/5444/2512 3265/5445/2513 3268/5442/2510
f 3292/5444/2512 3271/5423/2494 3266/5446/2514 3265/5445/2513
f 3264/5421/2492 3242/5422/2493 3266/5447/2515 3271/5448/2515
f 3275/5364/2516 3293/5449/2517 3287/5450/2518 3274/5438/2519
f 3245/5411/2485 3241/5451/2485 3267/5452/2485 3268/5412/2485
f 3241/5395/2477 3254/5394/2476 3269/5453/2520 3267/5454/2520
f 3272/5368/2521 3273/5365/2521 3275/5364/2516 3274/5438/2519
f 3217/5376/2459 3218/5383/2465 3284/5455/2522 3278/5456/2523
f 3254/5457/2524 3286/5458/2525 3288/5436/2504 3269/5435/2503
f 3217/5376/2459 3278/5456/2523 3277/5459/2526 3229/5377/2460
f 3270/5437/2505 3287/5450/2518 3293/5449/2517 3292/5444/2512
f 3292/5444/2512 3291/5424/2495 3271/5423/2494
f 3276/5366/2527 3280/5460/2527 3278/5456/2527 3279/5461/2527
f 3281/5462/2528 3285/5463/2528 3284/5455/2528
f 3286/5458/2525 3289/5464/2529 3270/5437/2505 3288/5436/2504
f 3275/5364/2516 3294/5465/2530 3292/5444/2512 3293/5449/2517
f 3276/5439/2507 3274/5438/2506 3289/5464/2531 3280/5466/2532
f 3280/5466/2532 3289/5464/2531 3286/5458/2533 3277/5467/2534
f 3281/5379/2462 3290/5382/2464 3294/5465/2535 3285/5468/2536
f 3285/5468/2536 3294/5465/2535 3275/5364/2449 3282/5363/2448
f 3229/5469/2537 3277/5467/2534 3286/5458/2533 3254/5457/2537
f 3242/5407/2485 3249/5470/2485 3295/5471/2485 3246/5408/2485
f 3278/5456/2538 3280/5460/2538 3277/5459/2538
f 3284/5455/2539 3285/5463/2539 3282/5367/2539 3283/5472/2539
f 3278/5456/2523 3284/5455/2522 3283/5472/2540 3279/5461/2540
f 3270/5437/2505 3289/5464/2529 3274/5438/2519 3287/5450/2518
f 3292/5444/2512 3294/5465/2530 3290/5382/2496 3291/5424/2495
f 3249/5470/2485 3243/5473/2485 3297/5474/2485 3295/5471/2485
f 3243/5473/2485 3252/5475/2485 3299/5476/2485 3297/5474/2485
f 3252/5475/2485 3239/5477/2485 3247/5478/2485 3299/5476/2485
f 3246/5408/2485 3295/5471/2485 3296/5479/2485 3245/5411/2485
f 3295/5471/2485 3297/5474/2485 3298/5480/2485 3296/5479/2485
f 3297/5474/2485 3299/5476/2485 3300/5481/2485 3298/5480/2485
f 3299/5476/2485 3247/5478/2485 3248/5482/2485 3300/5481/2485
f 3245/5411/2485 3296/5479/2485 3250/5483/2485 3241/5451/2485
f 3296/5479/2485 3298/5480/2485 3244/5484/2485 3250/5483/2485
f 3298/5480/2485 3300/5481/2485 3251/5485/2485 3244/5484/2485
f 3300/5481/2485 3248/5482/2485 3240/5486/2485 3251/5485/2485
f 3225/5370/2541 3216/5369/2542 3302/5487/2542 3311/5488/2543
f 3216/5369/2544 3222/5360/2544 3308/5489/2544 3302/5487/2544
f 3226/5388/2545 3219/5387/2546 3305/5490/2547 3312/5491/2548
f 3218/5383/2549 3217/5376/2549 3303/5492/2549 3304/5493/2549
f 3220/5373/2550 3225/5370/2541 3311/5488/2543 3306/5494/2551
f 3221/5359/2552 3215/5391/2552 3301/5495/2552 3307/5496/2552
f 3219/5387/2546 3223/5384/2553 3309/5497/2554 3305/5490/2547
f 3222/5360/2555 3221/5359/2555 3307/5496/2555 3308/5489/2555
f 3215/5391/2556 3226/5388/2545 3312/5491/2548 3301/5495/2556
f 3223/5384/2553 3218/5383/2557 3304/5493/2557 3309/5497/2554
f 3224/5375/2558 3220/5373/2550 3306/5494/2551 3310/5498/2559
f 3217/5376/2560 3224/5375/2558 3310/5498/2559 3303/5492/2560
f 3282/5367/2451 3276/5366/2451 3279/5461/2451 3283/5472/2451
f 3284/5455/2522 3218/5383/2465 3230/5386/2468 3281/5462/2561
