# Blender 4.0.1
# www.blender.org
mtllib robot_pose_temp_torso.mtl
o Cube.003
v 0.022394 0.748264 0.072159
v 0.119398 0.469827 0.013180
v 0.022394 0.577176 0.072159
v 0.070896 0.481883 0.042669
v 0.035390 0.521175 0.064257
v 0.267276 0.593221 -0.076731
v 0.170272 0.473161 -0.017752
v 0.254280 0.535517 -0.068829
v 0.218774 0.491572 -0.047241
v 0.232495 0.748264 -0.055584
v 0.267276 0.707559 -0.076731
v 0.063394 0.503967 -0.012487
v 0.100641 0.494709 -0.035133
v 0.036127 0.534142 0.004092
v 0.026146 0.577148 0.010160
v 0.139710 0.497269 -0.058887
v 0.176957 0.511408 -0.081534
v 0.204224 0.545156 -0.098112
v 0.214205 0.589470 -0.104180
v 0.026146 0.740203 0.010160
v 0.214205 0.708943 -0.104180
v 0.187494 0.740203 -0.087940
v 0.083971 0.748264 0.173436
v 0.180975 0.469827 0.114457
v 0.132473 0.481883 0.143946
v 0.096967 0.521175 0.165534
v 0.083971 0.577176 0.173436
v 0.231849 0.473161 0.083525
v 0.280351 0.491572 0.054036
v 0.315857 0.535517 0.032448
v 0.328853 0.593221 0.024546
v 0.294072 0.748264 0.045693
v 0.328853 0.707559 0.024546
v 0.145548 0.748264 0.274713
v 0.242552 0.469827 0.215734
v 0.145548 0.577176 0.274713
v 0.194050 0.481883 0.245223
v 0.158544 0.521175 0.266811
v 0.390430 0.593221 0.125823
v 0.293426 0.473161 0.184802
v 0.377434 0.535517 0.133725
v 0.341928 0.491572 0.155313
v 0.355649 0.748264 0.146970
v 0.390430 0.707559 0.125823
v 0.239565 0.503968 0.277267
v 0.276813 0.494709 0.254621
v 0.212298 0.534142 0.293846
v 0.202318 0.577148 0.299914
v 0.315882 0.497269 0.230867
v 0.353129 0.511408 0.208220
v 0.380396 0.545156 0.191642
v 0.390377 0.589470 0.185573
v 0.202318 0.740203 0.299914
v 0.390377 0.708943 0.185573
v 0.363666 0.740203 0.201813
vn -0.8470 -0.1322 0.5150
vn -0.8545 -0.0000 0.5195
vn -0.9029 -0.4178 -0.1011
vn -0.9928 -0.1040 -0.0600
vn -0.9916 -0.1146 -0.0600
vn -0.8919 -0.4398 -0.1057
vn 0.1570 -0.9830 -0.0955
vn 0.4564 -0.8454 -0.2775
vn 0.7467 -0.4861 -0.4540
vn 0.8474 -0.1285 -0.5152
vn -0.2988 -0.8907 -0.3427
vn -0.6217 -0.7527 -0.2168
vn -0.5835 -0.7782 -0.2322
vn -0.2818 -0.8931 -0.3506
vn 0.3989 -0.4141 -0.8182
vn 0.1740 -0.7455 -0.6434
vn 0.1590 -0.7581 -0.6324
vn 0.3908 -0.4351 -0.8112
vn -0.9982 -0.0000 -0.0604
vn 0.4594 -0.0000 -0.8882
vn 0.4627 -0.1019 -0.8806
vn 0.4628 -0.1201 -0.8783
vn 0.3610 0.6539 -0.6649
vn -0.0837 -0.8856 -0.4568
vn -0.0842 -0.8857 -0.4565
vn -0.0811 0.9878 -0.1333
vn -0.0000 1.0000 -0.0000
vn 0.6042 0.7071 -0.3674
vn -0.0655 -0.9971 0.0398
vn -0.8246 -0.2621 0.5014
vn -0.5871 -0.7266 0.3569
vn -0.1775 -0.9782 0.1079
vn 0.8545 -0.0000 -0.5195
vn -0.3258 -0.4178 0.8481
vn -0.3166 -0.4398 0.8404
vn -0.4031 -0.1146 0.9080
vn -0.4036 -0.1040 0.9090
vn 0.1667 -0.8907 0.4230
vn 0.1816 -0.8931 0.4115
vn -0.0624 -0.7782 0.6249
vn -0.0936 -0.7527 0.6517
vn 0.9100 -0.4141 0.0224
vn 0.9000 -0.4351 0.0264
vn 0.6346 -0.7581 0.1499
vn 0.6513 -0.7455 0.1416
vn -0.4057 -0.0000 0.9140
vn 1.0000 -0.0000 0.0009
vn 0.9927 -0.1201 -0.0066
vn 0.9948 -0.1019 -0.0055
vn 0.7565 0.6539 -0.0145
vn 0.3666 -0.8857 0.2849
vn 0.3671 -0.8856 0.2845
vn 0.0811 0.9878 0.1333
vn -0.5195 -0.0000 -0.8545
vn 0.5195 -0.0000 0.8545
vt 0.079282 0.661744
vt 0.079695 0.719362
vt 0.042080 0.721038
vt 0.035667 0.664280
vt 0.032619 0.642768
vt 0.012712 0.665583
vt 0.009585 0.648656
vt 0.081202 0.929520
vt 0.038108 0.928784
vt 0.039082 0.907466
vt 0.081048 0.908098
vt 0.039112 0.886329
vt 0.080893 0.886403
vt 0.038211 0.865236
vt 0.080739 0.864911
vt 0.037364 0.950572
vt 0.036753 0.972069
vt 0.013719 0.965489
vt 0.014979 0.946688
vt 0.016939 0.908696
vt 0.016395 0.888956
vt 0.020816 0.727102
vt 0.039785 0.825117
vt 0.014804 0.869256
vt 0.017010 0.819419
vt 0.038138 0.805673
vt 0.018243 0.800184
vt 0.033775 0.994631
vt 0.009585 0.983928
vt 0.016259 0.927732
vt 0.080302 0.804045
vt 0.080451 0.824694
vt 0.081361 0.951692
vt 0.079120 0.639083
vt 0.081522 0.974111
vt 0.081683 0.996539
vt 0.122930 0.663654
vt 0.117331 0.720499
vt 0.125669 0.642101
vt 0.148785 0.647659
vt 0.145900 0.664628
vt 0.123001 0.906865
vt 0.124281 0.928166
vt 0.122668 0.885730
vt 0.123267 0.864626
vt 0.125338 0.949941
vt 0.147664 0.945737
vt 0.149194 0.964518
vt 0.126256 0.971428
vt 0.145421 0.888032
vt 0.145160 0.907776
vt 0.138680 0.726257
vt 0.121119 0.824534
vt 0.143809 0.818510
vt 0.146730 0.868310
vt 0.122486 0.805068
vt 0.142300 0.799295
vt 0.153592 0.982895
vt 0.129557 0.993944
vt 0.146113 0.926801
vt 0.234287 0.172790
vt 0.181195 0.172790
vt 0.234287 0.126945
vt 0.172406 0.164001
vt 0.172406 0.130410
vt 0.175690 0.117950
vt 0.231003 0.114854
vt 0.184663 0.108462
vt 0.222031 0.106370
vt 0.196919 0.104486
vt 0.209774 0.103767
vt 0.604050 0.355160
vt 0.604050 0.278593
vt 0.692721 0.355160
vt 0.707400 0.284379
vt 0.707400 0.340481
vt 0.609535 0.258399
vt 0.701915 0.263570
vt 0.624520 0.244229
vt 0.686930 0.247723
vt 0.644989 0.239882
vt 0.666460 0.241084
s 1
usemtl Material.002
f 27/1/1 23/2/2 1/3/2 3/4/1
f 5/5/3 3/4/4 15/6/5 14/7/6
f 28/8/7 7/9/7 9/10/8 29/11/8
f 29/11/8 9/10/8 8/12/9 30/13/9
f 30/13/9 8/12/9 6/14/10 31/15/10
f 2/16/11 4/17/12 12/18/13 13/19/14
f 8/12/15 9/10/16 17/20/17 18/21/18
f 3/4/4 1/3/19 20/22/19 15/6/5
f 11/23/20 6/14/21 19/24/22 21/25/20
f 10/26/23 11/23/23 21/25/23 22/27/23
f 6/14/21 8/12/15 18/21/18 19/24/22
f 4/17/12 5/28/3 14/29/6 12/18/13
f 9/10/16 7/9/24 16/30/25 17/20/17
f 7/9/24 2/16/11 13/19/14 16/30/25
f 1/3/26 10/26/26 22/27/26 20/22/26
f 10/26/27 1/3/27 23/2/27 32/31/27
f 10/26/28 32/31/28 33/32/28 11/23/28
f 2/16/29 7/9/7 28/8/7 24/33/29
f 5/5/30 26/34/30 27/1/1 3/4/1
f 4/17/31 25/35/31 26/36/31 5/28/31
f 2/16/29 24/33/29 25/35/32 4/17/32
f 6/14/10 11/23/33 33/32/33 31/15/10
f 27/1/1 36/37/1 34/38/2 23/2/2
f 38/39/34 47/40/35 48/41/36 36/37/37
f 28/8/7 29/11/8 42/42/8 40/43/7
f 29/11/8 30/13/9 41/44/9 42/42/8
f 30/13/9 31/15/10 39/45/10 41/44/9
f 35/46/38 46/47/39 45/48/40 37/49/41
f 41/44/42 51/50/43 50/51/44 42/42/45
f 36/37/37 48/41/36 53/52/46 34/38/46
f 44/53/47 54/54/47 52/55/48 39/45/49
f 43/56/50 55/57/50 54/54/50 44/53/50
f 39/45/49 52/55/48 51/50/43 41/44/42
f 37/49/41 45/48/40 47/58/35 38/59/34
f 42/42/45 50/51/44 49/60/51 40/43/52
f 40/43/52 49/60/51 46/47/39 35/46/38
f 34/38/53 53/52/53 55/57/53 43/56/53
f 43/56/27 32/31/27 23/2/27 34/38/27
f 43/56/28 44/53/28 33/32/28 32/31/28
f 35/46/29 24/33/29 28/8/7 40/43/7
f 38/39/30 36/37/1 27/1/1 26/34/30
f 37/49/31 38/59/31 26/36/31 25/35/31
f 35/46/29 37/49/32 25/35/32 24/33/29
f 39/45/10 31/15/10 33/32/33 44/53/33
f 20/61/54 22/62/54 15/63/54
f 22/62/54 21/64/54 19/65/54 15/63/54
f 15/63/54 19/65/54 18/66/54 14/67/54
f 14/67/54 18/66/54 17/68/54 12/69/54
f 12/69/54 17/68/54 16/70/54 13/71/54
f 53/72/55 48/73/55 55/74/55
f 55/74/55 48/73/55 52/75/55 54/76/55
f 48/73/55 47/77/55 51/78/55 52/75/55
f 47/77/55 45/79/55 50/80/55 51/78/55
f 45/79/55 46/81/55 49/82/55 50/80/55
o Cube.005
v 0.213084 0.474463 0.382741
v 0.306294 0.474463 0.536044
v 0.213084 0.616174 0.382741
v 0.306294 0.616174 0.536044
v 0.548467 0.616174 0.388801
v 0.455258 0.616174 0.235498
v 0.427380 0.474463 0.462423
v 0.334171 0.474463 0.309119
v 0.334171 0.757886 0.309119
v 0.427380 0.616174 0.462423
v 0.335545 0.726571 0.311379
v 0.335545 0.505777 0.311379
v 0.434312 0.616174 0.251328
v 0.405384 0.538112 0.268916
v 0.236778 0.616174 0.371429
v 0.265706 0.538112 0.353841
v 0.492713 0.616174 0.347382
v 0.395320 0.616174 0.409692
v 0.393946 0.726571 0.407433
v 0.463785 0.694237 0.364970
v 0.393946 0.505777 0.407433
v 0.463785 0.538112 0.364970
v 0.295179 0.616174 0.467484
v 0.324108 0.694237 0.449895
v 0.324108 0.538112 0.449895
v 0.292844 0.757886 0.334247
v 0.213084 0.664541 0.382741
v 0.265702 0.694242 0.353843
v 0.236445 0.730546 0.368537
v 0.455258 0.664541 0.235498
v 0.375499 0.757886 0.283992
v 0.405388 0.694242 0.268913
v 0.431897 0.730546 0.249701
v 0.548467 0.664541 0.388801
v 0.391059 0.474463 0.274532
v 0.455258 0.549597 0.235498
v 0.548467 0.549597 0.388801
v 0.484268 0.474463 0.427835
v 0.395264 0.757886 0.409600
v 0.427380 0.696066 0.462423
v 0.407555 0.753180 0.429815
v 0.417974 0.739779 0.446951
v 0.424936 0.719724 0.458402
v 0.353937 0.757886 0.434728
v 0.390094 0.719724 0.479585
v 0.379724 0.739779 0.470208
v 0.367027 0.753180 0.454456
v 0.297538 0.730546 0.469018
v 0.306294 0.664541 0.536044
v 0.308050 0.725521 0.490314
v 0.313406 0.711213 0.510529
v 0.312789 0.689800 0.526588
v 0.436592 0.757886 0.384473
v 0.459777 0.719724 0.437218
v 0.456224 0.739779 0.423695
v 0.448082 0.753180 0.405174
v 0.492990 0.730546 0.350183
v 0.537083 0.689800 0.390216
v 0.522542 0.711213 0.383373
v 0.507059 0.725521 0.369316
v 0.274177 0.474463 0.483222
v 0.274177 0.616174 0.483222
v 0.274177 0.664541 0.483222
v 0.452152 0.474463 0.375013
v 0.395264 0.474463 0.409600
v 0.516351 0.549597 0.335979
v 0.516351 0.616174 0.335979
v 0.516351 0.664541 0.335979
vn -0.8545 -0.0000 0.5195
vn 0.8545 -0.0000 -0.5195
vn 0.8380 0.1951 -0.5095
vn 0.8399 0.1839 -0.5107
vn -0.4662 -0.0048 -0.8847
vn -0.4673 -0.0234 -0.8838
vn -0.4851 -0.0388 -0.8736
vn -0.0000 -1.0000 -0.0000
vn -0.5186 -0.0609 -0.8529
vn -0.5007 -0.0552 -0.8639
vn -0.4922 0.0296 -0.8700
vn -0.4931 0.0305 -0.8694
vn -0.5895 -0.0090 -0.8077
vn -0.5815 -0.0019 -0.8135
vn -0.5523 -0.0388 -0.8327
vn -0.5696 -0.0234 -0.8216
vn 0.3143 0.9299 -0.1911
vn -0.7839 -0.3979 0.4766
vn -0.1667 0.9808 0.1014
vn -0.3270 0.9239 0.1988
vn -0.2744 0.9210 0.2767
vn -0.1158 0.9767 0.1809
vn -0.5371 0.0526 -0.8419
vn -0.5541 0.0415 -0.8314
vn -0.5687 0.0305 -0.8220
vn -0.5366 -0.0552 -0.8421
vn -0.4860 -0.0383 -0.8731
vn 0.5195 -0.0000 0.8545
vn 0.5167 0.1038 0.8498
vn 0.5056 0.0574 0.8608
vn 0.2139 0.9767 -0.0196
vn 0.1667 0.9808 -0.1014
vn -0.0000 1.0000 -0.0000
vn 0.0509 0.9952 0.0838
vn 0.7839 0.3979 -0.4766
vn 0.7839 -0.3979 -0.4767
vn -0.5210 0.0543 -0.8519
vn -0.5332 0.0169 -0.8458
vn -0.5194 0.0169 -0.8543
vn -0.5195 -0.0000 -0.8545
vn -0.5333 -0.0000 -0.8459
vn -0.5194 -0.0169 -0.8543
vn -0.5332 -0.0169 -0.8458
vn -0.5056 -0.0000 -0.8628
vn -0.5056 -0.0169 -0.8626
vn -0.5056 0.0169 -0.8626
vn 0.3143 -0.9299 -0.1911
vn -0.3143 -0.9299 0.1911
vn -0.3143 0.9299 0.1911
vn -0.7839 0.3979 0.4766
vn -0.8380 0.1951 0.5095
vn -0.5515 -0.0383 -0.8333
vn -0.7894 0.3827 0.4800
vn 0.3719 0.9210 -0.1162
vn 0.3270 0.9239 -0.1988
vn 0.7894 0.3827 -0.4800
vn 0.5316 0.0574 0.8451
vn 0.6042 -0.7071 -0.3674
vn 0.4187 0.3881 0.8210
vn 0.4197 0.2843 0.8620
vn 0.2472 0.7128 0.6563
vn 0.1782 0.6444 0.7436
vn 0.0407 0.9133 0.4052
vn -0.0871 0.8574 0.5072
vn 0.5722 0.2844 0.7693
vn 0.5363 0.3881 0.7496
vn 0.5782 0.6444 0.5004
vn 0.4689 0.7128 0.5215
vn 0.4904 0.8574 0.1561
vn 0.3410 0.9133 0.2226
vn 0.4800 0.3827 0.7894
vn 0.3674 0.7071 0.6042
vn 0.1988 0.9239 0.3270
vn -0.8399 0.1839 0.5107
vt 0.403774 0.634569
vt 0.341007 0.634569
vt 0.341007 0.607188
vt 0.403774 0.607188
vt 0.469629 0.615521
vt 0.448976 0.615521
vt 0.448976 0.599362
vt 0.469629 0.599362
vt 0.452142 0.756768
vt 0.452136 0.748907
vt 0.466628 0.748913
vt 0.475510 0.766906
vt 0.469629 0.742850
vt 0.448976 0.742850
vt 0.448976 0.695506
vt 0.469629 0.695506
vt 0.494594 0.791388
vt 0.485183 0.791385
vt 0.494593 0.776897
vt 0.428765 0.766892
vt 0.409699 0.748923
vt 0.452118 0.833841
vt 0.452121 0.825980
vt 0.475497 0.815856
vt 0.466607 0.833838
vt 0.779541 0.172070
vt 0.795541 0.195922
vt 0.791067 0.205338
vt 0.761030 0.199716
vt 0.469629 0.637764
vt 0.448976 0.637764
vt 0.799699 0.254111
vt 0.803267 0.218986
vt 0.812878 0.216643
vt 0.831465 0.238538
vt 0.703877 0.632505
vt 0.705996 0.609616
vt 0.743670 0.613103
vt 0.739664 0.634668
vt 0.409680 0.811302
vt 0.428761 0.815833
vt 0.432174 0.833818
vt 0.494584 0.805879
vt 0.486403 0.757118
vt 0.790891 0.605104
vt 0.791718 0.649744
vt 0.767712 0.649323
vt 0.775435 0.605435
vt 0.739167 0.662983
vt 0.703326 0.663889
vt 0.703122 0.648188
vt 0.739199 0.648822
vt 0.836358 0.650571
vt 0.835846 0.671937
vt 0.836358 0.605104
vt 0.809320 0.165868
vt 0.804961 0.192512
vt 0.833748 0.180336
vt 0.814374 0.196784
vt 0.409680 0.791357
vt 0.419090 0.791363
vt 0.794541 0.215098
vt 0.804179 0.206032
vt 0.816819 0.206964
vt 0.848101 0.209318
vt 0.768222 0.234345
vt 0.341007 0.555102
vt 0.319585 0.607188
vt 0.319585 0.555102
vt 0.486382 0.825649
vt 0.287941 0.555102
vt 0.287941 0.607188
vt 0.742412 0.684675
vt 0.704639 0.686837
vt 0.468057 0.590228
vt 0.789324 0.694328
vt 0.773889 0.693454
vt 0.409688 0.673263
vt 0.409688 0.637764
vt 0.448976 0.673263
vt 0.469629 0.673263
vt 0.760299 0.637283
vt 0.767525 0.609166
vt 0.753367 0.636267
vt 0.759530 0.612088
vt 0.746554 0.635407
vt 0.751532 0.613556
vt 0.766115 0.689448
vt 0.759881 0.661094
vt 0.758227 0.686247
vt 0.752918 0.661866
vt 0.750286 0.684499
vt 0.746079 0.662486
vt 0.760366 0.649194
vt 0.753308 0.649070
vt 0.746296 0.648946
vt 0.319585 0.634569
vt 0.403774 0.555102
vt 0.307475 0.632484
vt 0.297209 0.626549
vt 0.409688 0.742850
vt 0.409688 0.695506
vt 0.409688 0.615521
vt 0.409688 0.599362
vt 0.409688 0.575494
vt 0.448976 0.575494
vt 0.456880 0.577311
vt 0.463580 0.582485
vt 0.290350 0.617666
vt 0.810671 0.695358
s 1
usemtl Material.002
f 57/83/56 59/84/56 117/85/56 116/86/56
f 60/87/57 122/88/57 123/89/58 89/90/59
f 70/91/60 58/92/60 82/93/61 83/94/62
f 57/95/63 116/96/63 120/97/63 62/98/63
f 64/99/64 66/100/64 83/94/62 81/101/65
f 71/102/66 56/103/67 58/92/60 70/91/60
f 61/104/68 68/105/69 87/106/70 85/107/71
f 71/108/72 80/109/72 76/110/72 67/111/72
f 92/112/57 121/113/57 122/88/57 60/87/57
f 68/114/73 72/115/73 75/116/73 87/117/73
f 81/118/74 84/119/75 103/120/76 99/121/77
f 90/122/78 69/123/79 68/105/69 91/124/80
f 64/99/64 86/125/81 87/106/70 66/100/64
f 84/126/82 81/101/65 83/94/62 82/93/61
f 59/127/83 65/128/83 95/129/84 104/130/85
f 108/131/86 86/132/87 64/133/88 94/134/89
f 62/135/83 93/136/83 65/128/83
f 57/137/83 62/135/83 65/128/83 59/127/83
f 70/138/90 78/139/90 80/109/90 71/108/90
f 83/140/91 79/141/91 78/139/91 70/138/91
f 90/122/78 63/142/92 67/143/92 69/123/79
f 77/144/93 76/110/94 73/145/95 72/115/96
f 72/115/96 73/145/95 74/146/97 75/116/98
f 73/145/95 78/139/99 79/141/100 74/146/97
f 76/110/94 80/109/101 78/139/99 73/145/95
f 66/147/102 74/146/102 79/141/102 83/140/102
f 87/117/103 75/116/103 74/146/103 66/147/103
f 67/111/104 76/110/104 77/144/104 69/148/104
f 69/148/105 77/144/105 72/115/105 68/114/105
f 58/149/56 117/85/56 118/150/106 82/151/106
f 88/152/107 85/107/71 87/106/70 86/125/81
f 84/153/108 82/151/106 118/150/106 103/154/108
f 108/131/86 112/155/109 88/156/110 86/132/87
f 89/90/59 123/89/58 113/157/111
f 65/128/83 60/158/83 89/159/112 95/129/84
f 90/160/113 91/161/113 121/113/113 119/162/113
f 62/98/63 120/97/63 119/162/63 93/163/63
f 95/129/84 100/164/114 107/165/115 104/130/85
f 100/164/114 101/166/116 106/167/117 107/165/115
f 101/166/116 102/168/118 105/169/119 106/167/117
f 102/168/118 99/121/77 103/120/76 105/169/119
f 89/159/112 113/170/120 109/171/121 95/129/84
f 113/170/120 114/172/122 110/173/123 109/171/121
f 114/172/122 115/174/124 111/175/125 110/173/123
f 115/174/124 112/155/109 108/131/86 111/175/125
f 95/129/84 98/176/126 100/164/114
f 98/176/126 97/177/127 101/166/116 100/164/114
f 97/177/127 96/178/128 102/168/118 101/166/116
f 96/178/128 94/134/89 99/121/77 102/168/118
f 95/129/84 109/171/121 98/176/126
f 109/171/121 110/173/123 97/177/127 98/176/126
f 110/173/123 111/175/125 96/178/128 97/177/127
f 111/175/125 108/131/86 94/134/89 96/178/128
f 94/134/89 64/133/88 81/118/74 99/121/77
f 117/85/56 59/84/56 104/179/129 118/150/106
f 117/85/56 58/149/56 56/180/56 116/86/56
f 118/150/106 107/181/108 106/182/108
f 121/113/113 92/112/113 93/163/113 119/162/113
f 116/96/63 56/183/63 63/184/63 120/97/63
f 120/97/63 63/184/63 90/160/63 119/162/63
f 121/113/57 91/161/57 61/185/57 122/88/57
f 123/89/58 85/186/58 88/187/111 112/188/111
f 122/88/57 61/185/57 85/186/58 123/89/58
f 123/89/58 112/188/111 115/189/111 114/190/111
f 106/182/108 105/191/108 103/154/108 118/150/106
f 63/142/92 56/103/67 71/102/66 67/143/92
f 68/105/69 61/104/68 91/124/80
f 107/181/108 118/150/106 104/179/129
f 93/136/83 92/192/83 60/158/83 65/128/83
f 123/89/58 114/190/111 113/157/111
o Cylinder.004
v 0.114178 0.708867 -0.052709
v 0.138337 0.703242 -0.067399
v 0.158819 0.687226 -0.079851
v 0.172504 0.663256 -0.088172
v 0.177310 0.634981 -0.091094
v 0.172504 0.606706 -0.088172
v 0.158819 0.582736 -0.079851
v 0.138337 0.566720 -0.067399
v 0.114178 0.561096 -0.052709
v 0.090018 0.566720 -0.038020
v 0.069536 0.582736 -0.025567
v 0.055851 0.606706 -0.017246
v 0.051045 0.634981 -0.014325
v 0.055851 0.663256 -0.017246
v 0.069536 0.687226 -0.025567
v 0.090018 0.703242 -0.038020
v 0.216531 0.708867 0.115634
v 0.240691 0.703242 0.100945
v 0.261173 0.687226 0.088492
v 0.274858 0.663256 0.080171
v 0.279664 0.634981 0.077250
v 0.274858 0.606706 0.080171
v 0.261173 0.582736 0.088492
v 0.240691 0.566720 0.100945
v 0.216531 0.561096 0.115634
v 0.192372 0.566720 0.130323
v 0.171890 0.582736 0.142776
v 0.158205 0.606706 0.151097
v 0.153399 0.634981 0.154019
v 0.158205 0.663256 0.151097
v 0.171890 0.687226 0.142776
v 0.192372 0.703242 0.130323
v 0.048879 0.708867 -0.160107
v 0.073039 0.703242 -0.174796
v 0.093521 0.687226 -0.187249
v 0.107206 0.663256 -0.195570
v 0.112012 0.634981 -0.198491
v 0.107206 0.606706 -0.195570
v 0.093521 0.582736 -0.187249
v 0.073039 0.566720 -0.174796
v 0.048879 0.561096 -0.160107
v 0.024720 0.566720 -0.145418
v 0.004238 0.582736 -0.132965
v -0.009447 0.606706 -0.124644
v -0.014253 0.634981 -0.121722
v -0.009447 0.663256 -0.124644
v 0.004238 0.687226 -0.132965
v 0.024720 0.703242 -0.145418
v 0.031629 0.719118 -0.121396
v 0.048615 0.727977 -0.086396
v 0.071871 0.719118 -0.055209
v 0.101650 0.726051 -0.073314
v 0.081528 0.735639 -0.106408
v 0.061407 0.726051 -0.139502
v 0.139223 0.634981 -0.186814
v 0.167537 0.634981 -0.158701
v 0.179465 0.634981 -0.120626
v 0.173542 0.600130 -0.117025
v 0.160990 0.596461 -0.154721
v 0.133299 0.600130 -0.183213
v 0.061407 0.543912 -0.139502
v 0.081528 0.534323 -0.106408
v 0.101650 0.543912 -0.073314
v 0.071871 0.550844 -0.055209
v 0.048615 0.541986 -0.086396
v 0.031629 0.550844 -0.121396
v -0.016408 0.634981 -0.092190
v -0.004480 0.634981 -0.054115
v 0.023834 0.634981 -0.026002
v 0.029758 0.669832 -0.029603
v 0.002067 0.673501 -0.058095
v -0.010485 0.669832 -0.095791
v 0.091186 0.719118 -0.157607
v 0.114442 0.727977 -0.126420
v 0.131428 0.719118 -0.091420
v 0.156674 0.699377 -0.106769
v 0.142345 0.706157 -0.143385
v 0.116431 0.699377 -0.172957
v 0.156674 0.570585 -0.106769
v 0.142345 0.563805 -0.143385
v 0.116431 0.570585 -0.172957
v 0.046626 0.570585 -0.039859
v 0.020712 0.563805 -0.069431
v 0.006383 0.570585 -0.106047
v 0.046626 0.699377 -0.039859
v 0.020712 0.706157 -0.069431
v 0.006383 0.699377 -0.106047
v 0.173542 0.669832 -0.117025
v 0.160990 0.673501 -0.154721
v 0.133299 0.669832 -0.183213
v 0.131428 0.550844 -0.091420
v 0.114442 0.541986 -0.126420
v 0.091186 0.550844 -0.157607
v 0.029758 0.600130 -0.029603
v 0.002067 0.596461 -0.058095
v -0.010485 0.600130 -0.095791
v 0.038285 0.681400 -0.177532
v 0.053463 0.677867 -0.186761
v 0.066331 0.667804 -0.194585
v 0.074929 0.652745 -0.199812
v 0.077948 0.634981 -0.201648
v 0.074929 0.617217 -0.199812
v 0.066331 0.602158 -0.194585
v 0.053463 0.592096 -0.186761
v 0.038285 0.588562 -0.177532
v 0.023106 0.592096 -0.168304
v 0.010238 0.602158 -0.160480
v 0.001640 0.617217 -0.155253
v -0.001379 0.634981 -0.153417
v 0.001640 0.652745 -0.155253
v 0.010238 0.667804 -0.160480
v 0.023106 0.677867 -0.168304
v 0.318885 0.708867 0.283978
v 0.343045 0.703242 0.269289
v 0.363526 0.687226 0.256836
v 0.377212 0.663256 0.248515
v 0.382017 0.634981 0.245593
v 0.377212 0.606706 0.248515
v 0.363526 0.582736 0.256836
v 0.343045 0.566720 0.269289
v 0.318885 0.561096 0.283978
v 0.294725 0.566720 0.298667
v 0.274244 0.582736 0.311120
v 0.260558 0.606706 0.319441
v 0.255753 0.634981 0.322362
v 0.260558 0.663256 0.319441
v 0.274244 0.687226 0.311120
v 0.294725 0.703242 0.298667
v 0.384183 0.708867 0.391375
v 0.408343 0.703242 0.376686
v 0.428824 0.687226 0.364233
v 0.442510 0.663256 0.355912
v 0.447316 0.634981 0.352990
v 0.442510 0.606706 0.355912
v 0.428824 0.582736 0.364233
v 0.408343 0.566720 0.376686
v 0.384183 0.561096 0.391375
v 0.360024 0.566720 0.406064
v 0.339542 0.582736 0.418517
v 0.325857 0.606706 0.426838
v 0.321051 0.634981 0.429760
v 0.325857 0.663256 0.426838
v 0.339542 0.687226 0.418517
v 0.360024 0.703242 0.406064
v 0.341877 0.719119 0.388876
v 0.318620 0.727977 0.357688
v 0.301634 0.719119 0.322688
v 0.331413 0.726051 0.304583
v 0.351534 0.735639 0.337677
v 0.371655 0.726051 0.370770
v 0.449471 0.634981 0.323458
v 0.437542 0.634981 0.285383
v 0.409228 0.634981 0.257270
v 0.403305 0.600130 0.260872
v 0.430995 0.596461 0.289364
v 0.443547 0.600130 0.327060
v 0.371655 0.543912 0.370770
v 0.351534 0.534323 0.337676
v 0.331413 0.543912 0.304583
v 0.301634 0.550844 0.322688
v 0.318620 0.541986 0.357688
v 0.341877 0.550844 0.388876
v 0.293840 0.634981 0.418083
v 0.265526 0.634981 0.389970
v 0.253597 0.634981 0.351895
v 0.259521 0.669832 0.348293
v 0.272073 0.673501 0.385989
v 0.299763 0.669832 0.414481
v 0.401434 0.719119 0.352665
v 0.384448 0.727977 0.317665
v 0.361192 0.719119 0.286477
v 0.386437 0.699377 0.271128
v 0.412351 0.706157 0.300700
v 0.426679 0.699377 0.337316
v 0.386437 0.570585 0.271128
v 0.412351 0.563805 0.300700
v 0.426679 0.570585 0.337316
v 0.276389 0.570585 0.338037
v 0.290717 0.563805 0.374653
v 0.316632 0.570585 0.404225
v 0.276389 0.699377 0.338037
v 0.290717 0.706157 0.374653
v 0.316632 0.699377 0.404225
v 0.403305 0.669832 0.260872
v 0.430995 0.673501 0.289364
v 0.443547 0.669832 0.327060
v 0.361192 0.550844 0.286477
v 0.384448 0.541986 0.317665
v 0.401434 0.550844 0.352665
v 0.259521 0.600130 0.348293
v 0.272073 0.596461 0.385989
v 0.299763 0.600130 0.414481
v 0.394778 0.681400 0.408801
v 0.409957 0.677867 0.399572
v 0.422824 0.667804 0.391749
v 0.431422 0.652745 0.386521
v 0.434441 0.634981 0.384685
v 0.431422 0.617217 0.386521
v 0.422824 0.602158 0.391749
v 0.409957 0.592096 0.399572
v 0.394778 0.588562 0.408801
v 0.379600 0.592096 0.418029
v 0.366732 0.602158 0.425853
v 0.358134 0.617217 0.431081
v 0.355115 0.634981 0.432916
v 0.358134 0.652745 0.431081
v 0.366732 0.667804 0.425853
v 0.379600 0.677867 0.418029
vn -0.3270 0.9239 0.1988
vn -0.0000 1.0000 -0.0000
vn -0.6042 0.7071 0.3674
vn -0.7894 0.3827 0.4800
vn -0.8545 -0.0000 0.5195
vn -0.7894 -0.3827 0.4800
vn -0.6042 -0.7071 0.3674
vn -0.3270 -0.9239 0.1988
vn -0.0000 -1.0000 -0.0000
vn 0.3270 -0.9239 -0.1988
vn 0.6042 -0.7071 -0.3674
vn 0.7894 -0.3827 -0.4800
vn 0.8545 -0.0000 -0.5195
vn 0.7894 0.3827 -0.4800
vn 0.6042 0.7071 -0.3674
vn 0.3270 0.9239 -0.1988
vn -0.5109 0.8430 -0.1682
vn -0.2125 0.9125 -0.3496
vn -0.3588 0.7232 -0.5901
vn -0.5953 0.6682 -0.4463
vn 0.5671 -0.0000 -0.8236
vn 0.5078 -0.3492 -0.7875
vn 0.2122 -0.2768 -0.9372
vn 0.2592 -0.0000 -0.9658
vn -0.2125 -0.9125 -0.3496
vn -0.5109 -0.8430 -0.1682
vn -0.5953 -0.6682 -0.4463
vn -0.3588 -0.7232 -0.5901
vn -0.9922 -0.0000 0.1245
vn -0.9329 0.3492 0.0884
vn -0.9297 0.2768 -0.2429
vn -0.9768 -0.0000 -0.2143
vn 0.0858 0.8430 -0.5310
vn 0.3388 0.6452 -0.6848
vn 0.0782 0.5114 -0.8558
vn -0.1223 0.6682 -0.7339
vn 0.3388 -0.6452 -0.6848
vn 0.0782 -0.5114 -0.8558
vn -0.7639 -0.6452 -0.0144
vn -0.7958 -0.5114 -0.3244
vn -0.7639 0.6452 -0.0144
vn -0.7958 0.5114 -0.3244
vn 0.5078 0.3492 -0.7875
vn 0.2122 0.2768 -0.9372
vn 0.0858 -0.8430 -0.5310
vn -0.1223 -0.6682 -0.7339
vn -0.9329 -0.3492 0.0884
vn -0.9297 -0.2768 -0.2429
vn 0.3015 0.8144 0.4959
vn 0.5678 0.7524 0.3340
vn 0.5109 0.8430 0.1682
vn 0.2125 0.9125 0.3496
vn -0.3414 -0.3116 0.8867
vn -0.3944 -0.0000 0.9190
vn -0.5671 -0.0000 0.8236
vn -0.5078 -0.3492 0.7875
vn 0.5678 -0.7524 0.3340
vn 0.3015 -0.8144 0.4959
vn 0.2125 -0.9125 0.3496
vn 0.5109 -0.8430 0.1682
vn 0.9444 0.3116 0.1050
vn 0.9973 -0.0000 0.0728
vn 0.9922 -0.0000 -0.1245
vn 0.9329 0.3492 -0.0884
vn -0.1906 0.5759 0.7950
vn 0.0352 0.7524 0.6578
vn -0.0858 0.8430 0.5310
vn -0.3388 0.6452 0.6848
vn -0.1906 -0.5759 0.7950
vn -0.3388 -0.6452 0.6848
vn 0.7935 -0.5759 0.1967
vn 0.7639 -0.6452 0.0144
vn 0.7935 0.5759 0.1967
vn 0.7639 0.6452 0.0144
vn -0.3414 0.3116 0.8867
vn -0.5078 0.3492 0.7875
vn 0.0352 -0.7524 0.6578
vn -0.0858 -0.8430 0.5310
vn 0.9444 -0.3116 0.1050
vn 0.9329 -0.3492 -0.0884
vn -0.6120 0.5508 -0.5675
vn -0.7773 0.4215 -0.4670
vn -0.4171 -0.5961 -0.6860
vn -0.2222 -0.5508 -0.8046
vn -0.2222 0.5508 -0.8046
vn -0.4171 0.5961 -0.6860
vn -0.6120 -0.5508 -0.5675
vn -0.0569 0.4215 -0.9050
vn -0.7773 -0.4215 -0.4670
vn 0.0535 0.2281 -0.9722
vn -0.8877 -0.2281 -0.3999
vn 0.0923 -0.0000 -0.9957
vn -0.9265 -0.0000 -0.3763
vn 0.0535 -0.2281 -0.9722
vn -0.8877 0.2281 -0.3999
vn -0.0569 -0.4215 -0.9050
vn 0.1223 0.6682 0.7339
vn 0.3588 0.7232 0.5901
vn 0.9768 -0.0000 0.2143
vn 0.9297 -0.2768 0.2429
vn 0.3588 -0.7232 0.5901
vn 0.1223 -0.6682 0.7339
vn -0.2592 -0.0000 0.9658
vn -0.2122 0.2768 0.9372
vn 0.5953 0.6682 0.4463
vn 0.7958 0.5114 0.3244
vn 0.7958 -0.5114 0.3244
vn -0.0782 -0.5114 0.8558
vn -0.0782 0.5114 0.8558
vn 0.9297 0.2768 0.2429
vn 0.5953 -0.6682 0.4463
vn -0.2122 -0.2768 0.9372
vn -0.3015 0.8144 -0.4959
vn -0.0352 0.7524 -0.6578
vn -0.9444 -0.3116 -0.1050
vn -0.9973 -0.0000 -0.0728
vn -0.0352 -0.7524 -0.6578
vn -0.3015 -0.8144 -0.4959
vn 0.3414 0.3116 -0.8867
vn 0.3944 -0.0000 -0.9190
vn -0.7935 0.5759 -0.1967
vn -0.5678 0.7524 -0.3340
vn -0.7935 -0.5759 -0.1967
vn 0.1906 -0.5759 -0.7950
vn 0.1906 0.5759 -0.7950
vn -0.9444 0.3116 -0.1050
vn -0.5678 -0.7524 -0.3340
vn 0.3414 -0.3116 -0.8867
vn 0.0569 0.4215 0.9050
vn 0.2222 0.5508 0.8046
vn 0.6120 -0.5508 0.5675
vn 0.4171 -0.5961 0.6860
vn 0.4171 0.5961 0.6860
vn 0.6120 0.5508 0.5675
vn 0.2222 -0.5508 0.8046
vn 0.7773 0.4215 0.4670
vn 0.0569 -0.4215 0.9050
vn 0.8877 0.2281 0.3999
vn -0.0535 -0.2281 0.9722
vn 0.9265 -0.0000 0.3763
vn -0.0923 -0.0000 0.9957
vn 0.8877 -0.2281 0.3999
vn -0.0535 0.2281 0.9722
vn 0.7773 -0.4215 0.4670
vt 0.130358 0.506879
vt 0.072558 0.506879
vt 0.072558 0.498422
vt 0.130358 0.498422
vt 0.130358 0.515337
vt 0.072558 0.515337
vt 0.130358 0.523794
vt 0.072558 0.523794
vt 0.130358 0.532252
vt 0.072558 0.532252
vt 0.130358 0.540710
vt 0.072558 0.540710
vt 0.130358 0.549167
vt 0.072558 0.549167
vt 0.130358 0.557625
vt 0.072558 0.557625
vt 0.130358 0.566082
vt 0.072558 0.566082
vt 0.130358 0.574540
vt 0.072558 0.574540
vt 0.130358 0.582998
vt 0.072558 0.582998
vt 0.130358 0.591455
vt 0.072558 0.591455
vt 0.130358 0.599913
vt 0.072558 0.599913
vt 0.130358 0.608370
vt 0.072558 0.608370
vt 0.130358 0.616828
vt 0.072558 0.616828
vt 0.130358 0.625285
vt 0.072558 0.625285
vt 0.130358 0.633743
vt 0.072558 0.633743
vt 0.924533 0.769218
vt 0.933255 0.780696
vt 0.921402 0.786730
vt 0.915537 0.776027
vt 0.816378 0.734865
vt 0.826552 0.733381
vt 0.827402 0.742662
vt 0.818011 0.743876
vt 0.857590 0.734339
vt 0.867900 0.736304
vt 0.865726 0.745423
vt 0.856168 0.743582
vt 0.897281 0.747624
vt 0.906576 0.753347
vt 0.900892 0.761185
vt 0.892665 0.755868
vt 0.785123 0.745103
vt 0.795879 0.740406
vt 0.799723 0.749447
vt 0.790657 0.754414
vt 0.836884 0.732909
vt 0.836956 0.742103
vt 0.877990 0.739230
vt 0.875057 0.748019
vt 0.915654 0.760277
vt 0.908584 0.767843
vt 0.806246 0.737157
vt 0.808808 0.746024
vt 0.847254 0.733130
vt 0.846571 0.742566
vt 0.887830 0.742892
vt 0.884024 0.751568
vt 0.773074 0.752020
vt 0.781426 0.761922
vt 0.763153 0.708338
vt 0.775148 0.707503
vt 0.776714 0.718740
vt 0.762935 0.720774
vt 0.779783 0.732407
vt 0.765934 0.736956
vt 0.901712 0.708824
vt 0.914265 0.713734
vt 0.908697 0.725212
vt 0.897218 0.719938
vt 0.902888 0.737098
vt 0.892312 0.732064
vt 0.849177 0.696624
vt 0.862857 0.697386
vt 0.861021 0.710180
vt 0.848546 0.708966
vt 0.859283 0.722888
vt 0.847894 0.721635
vt 0.798419 0.702483
vt 0.810505 0.699940
vt 0.812285 0.711335
vt 0.800600 0.713590
vt 0.814405 0.723635
vt 0.803327 0.725792
vt 0.937677 0.726744
vt 0.949848 0.733228
vt 0.943484 0.745209
vt 0.931356 0.737826
vt 0.934709 0.758390
vt 0.923762 0.749774
vt 0.889267 0.703595
vt 0.885385 0.715751
vt 0.881528 0.728050
vt 0.835956 0.696861
vt 0.836246 0.708906
vt 0.836583 0.721322
vt 0.786705 0.705194
vt 0.788901 0.716192
vt 0.792072 0.728614
vt 0.925912 0.720525
vt 0.920108 0.731068
vt 0.913210 0.742922
vt 0.876078 0.700630
vt 0.873356 0.712332
vt 0.870532 0.724920
vt 0.823045 0.697958
vt 0.824151 0.709638
vt 0.825431 0.722128
vt 0.962827 0.739237
vt 0.957704 0.753182
vt 0.947269 0.769258
vt 0.903387 0.783398
vt 0.898395 0.777174
vt 0.853807 0.758018
vt 0.845451 0.756401
vt 0.799239 0.765572
vt 0.793623 0.771242
vt 0.906707 0.790749
vt 0.862279 0.759281
vt 0.805658 0.761270
vt 0.870409 0.761296
vt 0.812894 0.758671
vt 0.878178 0.764080
vt 0.820588 0.757116
vt 0.885536 0.767606
vt 0.828656 0.756443
vt 0.892339 0.771933
vt 0.837039 0.756566
vt 0.014758 0.506879
vt 0.014758 0.498422
vt 0.014758 0.515337
vt 0.014758 0.523794
vt 0.014758 0.532252
vt 0.014758 0.540710
vt 0.014758 0.549167
vt 0.014758 0.557625
vt 0.014758 0.566082
vt 0.014758 0.574540
vt 0.014758 0.582998
vt 0.014758 0.591455
vt 0.014758 0.599913
vt 0.014758 0.608370
vt 0.014758 0.616828
vt 0.014758 0.625285
vt 0.014758 0.633743
vt 0.570137 0.748896
vt 0.578964 0.758502
vt 0.570395 0.769696
vt 0.557292 0.760896
vt 0.698260 0.727836
vt 0.695031 0.737759
vt 0.684761 0.734917
vt 0.687041 0.724781
vt 0.652052 0.720988
vt 0.652192 0.731856
vt 0.641010 0.732396
vt 0.640050 0.721630
vt 0.604726 0.729490
vt 0.608593 0.739657
vt 0.598369 0.744290
vt 0.593359 0.734358
vt 0.731571 0.744225
vt 0.724008 0.753628
vt 0.714674 0.746781
vt 0.720219 0.737265
vt 0.674183 0.733021
vt 0.675585 0.722678
vt 0.629962 0.733811
vt 0.628099 0.723184
vt 0.588453 0.750383
vt 0.581903 0.740589
vt 0.704999 0.741686
vt 0.709322 0.731880
vt 0.663327 0.731959
vt 0.663917 0.721514
vt 0.619134 0.736207
vt 0.616303 0.725808
vt 0.743979 0.753791
vt 0.733054 0.763406
vt 0.761277 0.707214
vt 0.759628 0.720380
vt 0.745109 0.716271
vt 0.748723 0.704168
vt 0.754449 0.737882
vt 0.739392 0.730781
vt 0.606148 0.684220
vt 0.609614 0.698412
vt 0.595748 0.702168
vt 0.591608 0.689249
vt 0.613047 0.712753
vt 0.600296 0.716552
vt 0.667056 0.679805
vt 0.665985 0.693850
vt 0.651751 0.693408
vt 0.651585 0.678788
vt 0.664859 0.708386
vt 0.651813 0.707697
vt 0.723645 0.694494
vt 0.719337 0.706570
vt 0.706595 0.702142
vt 0.710461 0.689600
vt 0.714289 0.719662
vt 0.702294 0.715532
vt 0.562783 0.698790
vt 0.567986 0.712433
vt 0.553021 0.718529
vt 0.548028 0.704071
vt 0.574370 0.727469
vt 0.560488 0.734874
vt 0.621472 0.681771
vt 0.623646 0.695555
vt 0.625862 0.709967
vt 0.682098 0.681964
vt 0.679946 0.695519
vt 0.677633 0.709956
vt 0.736308 0.699571
vt 0.732000 0.711440
vt 0.726437 0.724879
vt 0.577271 0.693709
vt 0.582050 0.706966
vt 0.587486 0.721486
vt 0.636381 0.680465
vt 0.637619 0.693834
vt 0.638761 0.708361
vt 0.696617 0.685319
vt 0.693498 0.698405
vt 0.690087 0.712243
vt 0.536355 0.724344
vt 0.533287 0.708757
vt 0.543938 0.744128
vt 0.598359 0.762843
vt 0.591552 0.769073
vt 0.662447 0.748322
vt 0.652558 0.748823
vt 0.718501 0.771495
vt 0.713064 0.764556
vt 0.586463 0.776879
vt 0.642616 0.748830
vt 0.706173 0.759241
vt 0.632967 0.749718
vt 0.698388 0.755173
vt 0.623625 0.751513
vt 0.689998 0.752116
vt 0.614658 0.754244
vt 0.681165 0.749979
vt 0.606176 0.757974
vt 0.671969 0.748715
s 1
usemtl Material.002
f 139/193/130 155/194/130 140/195/131 124/196/131
f 138/197/132 154/198/132 155/194/130 139/193/130
f 137/199/133 153/200/133 154/198/132 138/197/132
f 136/201/134 152/202/134 153/200/133 137/199/133
f 135/203/135 151/204/135 152/202/134 136/201/134
f 134/205/136 150/206/136 151/204/135 135/203/135
f 133/207/137 149/208/137 150/206/136 134/205/136
f 132/209/138 148/210/138 149/208/137 133/207/137
f 131/211/139 147/212/139 148/210/138 132/209/138
f 130/213/140 146/214/140 147/212/139 131/211/139
f 129/215/141 145/216/141 146/214/140 130/213/140
f 128/217/142 144/218/142 145/216/141 129/215/141
f 127/219/143 143/220/143 144/218/142 128/217/142
f 126/221/144 142/222/144 143/220/143 127/219/143
f 125/223/145 141/224/145 142/222/144 126/221/144
f 124/225/131 140/226/131 141/224/145 125/223/145
f 172/227/146 177/228/147 156/229/148 171/230/149
f 178/231/150 183/232/151 161/233/152 160/234/153
f 184/235/154 189/236/155 165/237/156 164/238/157
f 190/239/158 195/240/159 169/241/160 168/242/161
f 196/243/162 201/244/163 158/245/164 157/246/165
f 183/232/151 204/247/166 162/248/167 161/233/152
f 189/236/155 207/249/168 166/250/169 165/237/156
f 195/240/159 210/251/170 170/252/171 169/241/160
f 201/244/163 213/253/172 159/254/173 158/245/164
f 204/247/166 216/255/174 163/256/175 162/248/167
f 207/249/168 219/257/176 167/258/177 166/250/169
f 210/251/170 172/227/146 171/230/149 170/252/171
f 213/253/172 178/231/150 160/234/153 159/254/173
f 216/255/174 184/235/154 164/238/157 163/256/175
f 219/257/176 190/239/158 168/242/161 167/258/177
f 177/259/147 196/243/162 157/246/165 156/260/148
f 124/261/178 125/262/179 198/263/180 175/264/181
f 175/264/181 198/263/180 197/265/145 176/266/131
f 176/266/131 197/265/145 196/243/162 177/259/147
f 135/267/182 136/268/183 192/269/184 217/270/185
f 217/270/185 192/269/184 191/271/134 218/272/135
f 218/272/135 191/271/134 190/239/158 219/257/176
f 131/273/186 132/274/187 186/275/188 214/276/189
f 214/276/189 186/275/188 185/277/138 215/278/139
f 215/278/139 185/277/138 184/235/154 216/255/174
f 127/279/190 128/280/191 180/281/192 211/282/193
f 211/282/193 180/281/192 179/283/142 212/284/143
f 212/284/143 179/283/142 178/231/150 213/253/172
f 138/285/194 139/286/195 174/287/196 208/288/197
f 208/288/197 174/287/196 173/289/130 209/290/132
f 209/290/132 173/289/130 172/227/146 210/251/170
f 134/291/198 135/267/182 217/270/185 205/292/199
f 205/292/199 217/270/185 218/272/135 206/293/136
f 206/293/136 218/272/135 219/257/176 207/249/168
f 130/294/200 131/273/186 214/276/189 202/295/201
f 202/295/201 214/276/189 215/278/139 203/296/140
f 203/296/140 215/278/139 216/255/174 204/247/166
f 126/297/202 127/279/190 211/282/193 199/298/203
f 199/298/203 211/282/193 212/284/143 200/299/144
f 200/299/144 212/284/143 213/253/172 201/244/163
f 137/300/204 138/285/194 208/288/197 193/301/205
f 193/301/205 208/288/197 209/290/132 194/302/133
f 194/302/133 209/290/132 210/251/170 195/240/159
f 133/303/206 134/291/198 205/292/199 187/304/207
f 187/304/207 205/292/199 206/293/136 188/305/137
f 188/305/137 206/293/136 207/249/168 189/236/155
f 129/306/208 130/294/200 202/295/201 181/307/209
f 181/307/209 202/295/201 203/296/140 182/308/141
f 182/308/141 203/296/140 204/247/166 183/232/151
f 125/262/179 126/297/202 199/298/203 198/263/180
f 198/263/180 199/298/203 200/299/144 197/265/145
f 197/265/145 200/299/144 201/244/163 196/243/162
f 136/268/183 137/300/204 193/301/205 192/269/184
f 192/269/184 193/301/205 194/302/133 191/271/134
f 191/271/134 194/302/133 195/240/159 190/239/158
f 132/274/187 133/303/206 187/304/207 186/275/188
f 186/275/188 187/304/207 188/305/137 185/277/138
f 185/277/138 188/305/137 189/236/155 184/235/154
f 128/280/191 129/306/208 181/307/209 180/281/192
f 180/281/192 181/307/209 182/308/141 179/283/142
f 179/283/142 182/308/141 183/232/151 178/231/150
f 139/286/195 124/309/178 175/310/181 174/287/196
f 174/287/196 175/310/181 176/311/131 173/289/130
f 173/289/130 176/311/131 177/228/147 172/227/146
f 170/252/171 171/230/149 235/312/210 234/313/211
f 163/256/175 164/238/157 228/314/212 227/315/213
f 156/260/148 157/246/165 221/316/214 220/317/215
f 171/230/149 156/229/148 220/318/215 235/312/210
f 164/238/157 165/237/156 229/319/216 228/314/212
f 157/246/165 158/245/164 222/320/217 221/316/214
f 165/237/156 166/250/169 230/321/218 229/319/216
f 158/245/164 159/254/173 223/322/219 222/320/217
f 166/250/169 167/258/177 231/323/220 230/321/218
f 159/254/173 160/234/153 224/324/221 223/322/219
f 167/258/177 168/242/161 232/325/222 231/323/220
f 160/234/153 161/233/152 225/326/223 224/324/221
f 168/242/161 169/241/160 233/327/224 232/325/222
f 161/233/152 162/248/167 226/328/225 225/326/223
f 169/241/160 170/252/171 234/313/211 233/327/224
f 162/248/167 163/256/175 227/315/213 226/328/225
f 251/329/130 236/330/131 140/195/131 155/194/130
f 250/331/132 251/329/130 155/194/130 154/198/132
f 249/332/133 250/331/132 154/198/132 153/200/133
f 248/333/134 249/332/133 153/200/133 152/202/134
f 247/334/135 248/333/134 152/202/134 151/204/135
f 246/335/136 247/334/135 151/204/135 150/206/136
f 245/336/137 246/335/136 150/206/136 149/208/137
f 244/337/138 245/336/137 149/208/137 148/210/138
f 243/338/139 244/337/138 148/210/138 147/212/139
f 242/339/140 243/338/139 147/212/139 146/214/140
f 241/340/141 242/339/140 146/214/140 145/216/141
f 240/341/142 241/340/141 145/216/141 144/218/142
f 239/342/143 240/341/142 144/218/142 143/220/143
f 238/343/144 239/342/143 143/220/143 142/222/144
f 237/344/145 238/343/144 142/222/144 141/224/145
f 236/345/131 237/344/145 141/224/145 140/226/131
f 268/346/196 267/347/226 252/348/227 273/349/181
f 274/350/192 256/351/228 257/352/229 279/353/209
f 280/354/188 260/355/230 261/356/231 285/357/207
f 286/358/184 264/359/232 265/360/233 291/361/205
f 292/362/180 253/363/234 254/364/235 297/365/203
f 279/353/209 257/352/229 258/366/236 300/367/201
f 285/357/207 261/356/231 262/368/237 303/369/199
f 291/361/205 265/360/233 266/370/238 306/371/197
f 297/365/203 254/364/235 255/372/239 309/373/193
f 300/367/201 258/366/236 259/374/240 312/375/189
f 303/369/199 262/368/237 263/376/241 315/377/185
f 306/371/197 266/370/238 267/347/226 268/346/196
f 309/373/193 255/372/239 256/351/228 274/350/192
f 312/375/189 259/374/240 260/355/230 280/354/188
f 315/377/185 263/376/241 264/359/232 286/358/184
f 273/378/181 252/379/227 253/363/234 292/362/180
f 236/380/242 271/381/147 294/382/162 237/383/243
f 271/381/147 272/384/131 293/385/145 294/382/162
f 272/384/131 273/378/181 292/362/180 293/385/145
f 247/386/244 313/387/176 288/388/158 248/389/245
f 313/387/176 314/390/135 287/391/134 288/388/158
f 314/390/135 315/377/185 286/358/184 287/391/134
f 243/392/246 310/393/174 282/394/154 244/395/247
f 310/393/174 311/396/139 281/397/138 282/394/154
f 311/396/139 312/375/189 280/354/188 281/397/138
f 239/398/248 307/399/172 276/400/150 240/401/249
f 307/399/172 308/402/143 275/403/142 276/400/150
f 308/402/143 309/373/193 274/350/192 275/403/142
f 250/404/250 304/405/170 270/406/146 251/407/251
f 304/405/170 305/408/132 269/409/130 270/406/146
f 305/408/132 306/371/197 268/346/196 269/409/130
f 246/410/252 301/411/168 313/387/176 247/386/244
f 301/411/168 302/412/136 314/390/135 313/387/176
f 302/412/136 303/369/199 315/377/185 314/390/135
f 242/413/253 298/414/166 310/393/174 243/392/246
f 298/414/166 299/415/140 311/396/139 310/393/174
f 299/415/140 300/367/201 312/375/189 311/396/139
f 238/416/254 295/417/163 307/399/172 239/398/248
f 295/417/163 296/418/144 308/402/143 307/399/172
f 296/418/144 297/365/203 309/373/193 308/402/143
f 249/419/255 289/420/159 304/405/170 250/404/250
f 289/420/159 290/421/133 305/408/132 304/405/170
f 290/421/133 291/361/205 306/371/197 305/408/132
f 245/422/256 283/423/155 301/411/168 246/410/252
f 283/423/155 284/424/137 302/412/136 301/411/168
f 284/424/137 285/357/207 303/369/199 302/412/136
f 241/425/257 277/426/151 298/414/166 242/413/253
f 277/426/151 278/427/141 299/415/140 298/414/166
f 278/427/141 279/353/209 300/367/201 299/415/140
f 237/383/243 294/382/162 295/417/163 238/416/254
f 294/382/162 293/385/145 296/418/144 295/417/163
f 293/385/145 292/362/180 297/365/203 296/418/144
f 248/389/245 288/388/158 289/420/159 249/419/255
f 288/388/158 287/391/134 290/421/133 289/420/159
f 287/391/134 286/358/184 291/361/205 290/421/133
f 244/395/247 282/394/154 283/423/155 245/422/256
f 282/394/154 281/397/138 284/424/137 283/423/155
f 281/397/138 280/354/188 285/357/207 284/424/137
f 240/401/249 276/400/150 277/426/151 241/425/257
f 276/400/150 275/403/142 278/427/141 277/426/151
f 275/403/142 274/350/192 279/353/209 278/427/141
f 251/407/251 270/406/146 271/428/147 236/429/242
f 270/406/146 269/409/130 272/430/131 271/428/147
f 269/409/130 268/346/196 273/349/181 272/430/131
f 266/370/238 330/431/258 331/432/259 267/347/226
f 259/374/240 323/433/260 324/434/261 260/355/230
f 252/379/227 316/435/262 317/436/263 253/363/234
f 267/347/226 331/432/259 316/437/262 252/348/227
f 260/355/230 324/434/261 325/438/264 261/356/231
f 253/363/234 317/436/263 318/439/265 254/364/235
f 261/356/231 325/438/264 326/440/266 262/368/237
f 254/364/235 318/439/265 319/441/267 255/372/239
f 262/368/237 326/440/266 327/442/268 263/376/241
f 255/372/239 319/441/267 320/443/269 256/351/228
f 263/376/241 327/442/268 328/444/270 264/359/232
f 256/351/228 320/443/269 321/445/271 257/352/229
f 264/359/232 328/444/270 329/446/272 265/360/233
f 257/352/229 321/445/271 322/447/273 258/366/236
f 265/360/233 329/446/272 330/431/258 266/370/238
f 258/366/236 322/447/273 323/433/260 259/374/240
o Roundcube.004
v 0.274378 1.489372 -0.085058
v 0.278515 1.523743 -0.093715
v 0.219000 1.499416 -0.078169
v 0.225823 1.539348 -0.086699
v 0.175666 1.510092 -0.053251
v 0.181316 1.550172 -0.060051
v 0.145527 1.520767 -0.013371
v 0.150630 1.560616 -0.019676
v 0.288881 1.576366 -0.090891
v 0.238117 1.583187 -0.085009
v 0.196915 1.597705 -0.058025
v 0.166400 1.605736 -0.020616
v 0.131771 1.530812 0.040712
v 0.371102 1.566578 0.095142
v 0.136436 1.570133 0.034954
v 0.367811 1.546441 0.098044
v 0.236403 1.566578 -0.057591
v 0.139916 1.537512 0.096425
v 0.233112 1.546441 -0.054688
v 0.144970 1.577506 0.091072
v 0.279591 1.565211 -0.008171
v 0.301872 1.555069 0.020435
v 0.165766 1.539636 0.140470
v 0.327468 1.565211 0.046116
v 0.171319 1.580006 0.135573
v 0.323518 1.541047 0.049599
v 0.206235 1.537512 0.171622
v 0.297922 1.530906 0.023918
v 0.275641 1.541047 -0.004688
v 0.212178 1.577506 0.167277
v 0.382093 1.556509 0.110921
v 0.151074 1.611383 0.029411
v 0.222121 1.556509 -0.070467
v 0.161104 1.621142 0.080252
v 0.187169 1.625191 0.121594
v 0.224929 1.621142 0.152622
v 0.260493 1.530812 0.186667
v 0.266789 1.570133 0.182759
v 0.315871 1.520767 0.179779
v 0.322764 1.560616 0.175504
v 0.366658 1.550172 0.150105
v 0.359205 1.510092 0.154861
v 0.389344 1.499417 0.114981
v 0.398704 1.539335 0.109238
v 0.274118 1.611383 0.168928
v 0.325669 1.605736 0.159974
v 0.366598 1.597705 0.134375
v 0.398574 1.583171 0.096821
v 0.403100 1.489372 0.060898
v 0.412224 1.523738 0.057860
v 0.394912 1.482722 0.005087
v 0.404050 1.514725 0.001632
v 0.368972 1.479732 -0.038743
v 0.328728 1.482722 -0.069958
v 0.333298 1.514725 -0.078592
v 0.410717 1.576361 0.047224
v 0.402098 1.574602 -0.002984
v 0.378098 1.567886 -0.046792
v 0.337636 1.574602 -0.076081
v 0.292576 1.609868 -0.077950
v 0.261127 1.629876 -0.063877
v 0.228578 1.644049 -0.037392
v 0.196662 1.648609 -0.007023
v 0.174762 1.644104 0.025954
v 0.335167 1.634276 -0.047523
v 0.308513 1.660973 -0.025394
v 0.276901 1.679367 0.005763
v 0.239311 1.681083 0.035637
v 0.208047 1.671215 0.064587
v 0.360180 1.630699 -0.030989
v 0.330595 1.664676 -0.004897
v 0.295860 1.683991 0.025736
v 0.258248 1.685699 0.058908
v 0.220741 1.671218 0.091986
v 0.373458 1.634276 -0.004106
v 0.353100 1.658549 0.025982
v 0.318122 1.677123 0.053242
v 0.278969 1.681083 0.080605
v 0.246339 1.671215 0.108005
v 0.398323 1.609868 0.041954
v 0.380430 1.629876 0.071398
v 0.350084 1.644049 0.100381
v 0.315964 1.648609 0.128251
v 0.280508 1.644104 0.145858
v 0.267716 1.452685 -0.070828
v 0.215904 1.462083 -0.064383
v 0.175361 1.472070 -0.041069
v 0.147163 1.482058 -0.003758
v 0.134292 1.491456 0.046843
v 0.141913 1.497725 0.098968
v 0.166099 1.499712 0.140177
v 0.203961 1.497725 0.169323
v 0.254725 1.491456 0.183399
v 0.306538 1.482058 0.176954
v 0.347081 1.472070 0.153641
v 0.375279 1.462083 0.116329
v 0.388149 1.452685 0.065729
v 0.380528 1.446416 0.013603
v 0.356343 1.444429 -0.027605
v 0.318480 1.446416 -0.056752
v 0.246936 1.549299 -0.092352
v 0.287203 1.529759 -0.094449
v 0.258961 1.536472 -0.094536
v 0.258557 1.557765 -0.093607
v 0.289723 1.554704 -0.094134
v 0.410718 1.536431 0.077255
v 0.407280 1.549190 0.088708
v 0.414119 1.554676 0.046724
v 0.414039 1.529754 0.049330
v 0.410052 1.557635 0.077270
v 0.376832 1.506711 -0.045675
v 0.389000 1.516025 -0.032193
v 0.364979 1.516025 -0.059435
v 0.406374 1.524191 0.002049
v 0.406639 1.549201 0.000264
v 0.395303 1.521704 -0.023370
v 0.379209 1.532596 -0.047772
v 0.393957 1.543793 -0.027068
v 0.357020 1.521701 -0.066797
v 0.333177 1.524190 -0.080952
v 0.334992 1.549197 -0.081002
v 0.360566 1.543777 -0.065039
v 0.313307 1.679367 0.047043
v 0.283919 1.678653 0.086995
v 0.214723 1.667123 0.097293
v 0.246881 1.666690 0.117082
v 0.302770 1.658549 -0.031085
v 0.271353 1.677123 0.000211
v 0.380604 1.627832 -0.000852
v 0.348171 1.660973 0.019573
v 0.233589 1.678653 0.029928
v 0.364375 1.623636 -0.034689
v 0.332832 1.627832 -0.055020
v 0.199109 1.666690 0.062914
v 0.316358 1.675073 0.051917
v 0.282031 1.676395 0.085962
v 0.215302 1.665179 0.096783
v 0.245917 1.665595 0.114744
v 0.303903 1.656191 -0.029387
v 0.272447 1.675073 0.002127
v 0.378118 1.627178 -0.001849
v 0.351556 1.656191 0.024646
v 0.234378 1.676395 0.031929
v 0.363242 1.622189 -0.033689
v 0.333510 1.627178 -0.052429
v 0.201309 1.665595 0.064164
v 0.313484 1.676021 0.048346
v 0.279229 1.677606 0.081980
v 0.218812 1.667168 0.093687
v 0.245745 1.667727 0.109025
v 0.307120 1.657514 -0.025770
v 0.275631 1.676021 0.005425
v 0.373380 1.630638 -0.003540
v 0.348370 1.657514 0.021003
v 0.237978 1.677606 0.035207
v 0.360670 1.625945 -0.031422
v 0.334596 1.630638 -0.047516
v 0.206961 1.667727 0.065048
v 0.313080 1.678657 0.047019
v 0.276896 1.678657 0.005992
v 0.277370 1.507680 -0.089872
v 0.245808 1.494158 -0.084251
v 0.146990 1.540197 -0.017020
v 0.136142 1.526026 0.012467
v 0.141304 1.557168 0.094259
v 0.293196 1.558872 0.009344
v 0.350328 1.567917 0.071145
v 0.289246 1.534709 0.012827
v 0.380782 1.562299 0.107527
v 0.153281 1.616226 0.055567
v 0.346445 1.555490 0.164739
v 0.248443 1.616226 0.163469
v 0.325013 1.582727 0.169549
v 0.347632 1.602295 0.148685
v 0.252561 1.540292 -0.075293
v 0.408253 1.507680 0.058530
v 0.401633 1.485483 0.032206
v 0.302661 1.485483 -0.080016
v 0.392019 1.619282 0.055030
v 0.408800 1.574417 0.021620
v 0.212353 1.647560 -0.022998
v 0.163161 1.630828 0.027114
v 0.335691 1.596907 -0.069145
v 0.249828 1.662281 -0.019305
v 0.277284 1.687170 0.042119
v 0.340105 1.663497 0.007366
v 0.305022 1.682507 0.036614
v 0.301241 1.680070 0.069171
v 0.234936 1.642795 0.139140
v 0.405172 1.594430 0.044831
v 0.365930 1.638216 0.086322
v 0.323496 1.628330 0.146025
v 0.271071 1.470927 -0.078471
v 0.145865 1.501435 -0.008812
v 0.140413 1.517706 0.097878
v 0.296298 1.647097 0.139449
v 0.328416 1.477064 0.167119
v 0.396152 1.470928 0.063355
v 0.386782 1.449040 0.038896
v 0.363101 1.462251 -0.033566
v 0.408397 1.542453 0.085304
v 0.413259 1.532560 0.066087
v 0.391963 1.560974 0.079920
v 0.373356 1.495560 -0.042610
v 0.310415 1.526761 -0.088930
v 0.392197 1.519885 -0.028222
v 0.363492 1.554455 0.012350
v 0.182263 1.652522 0.041042
v 0.229363 1.666484 0.111198
v 0.250478 1.528180 -0.091967
v 0.156819 1.582727 -0.021163
v 0.140952 1.565524 0.006446
v 0.281455 1.486978 0.182645
v 0.138019 1.574278 0.063844
v 0.253748 1.544257 -0.030569
v 0.189861 1.579405 0.153090
v 0.142232 1.590672 0.032118
v 0.223432 1.550720 -0.067073
v 0.177597 1.602350 0.130036
v 0.204531 1.624209 0.138447
v 0.263534 1.550301 0.185803
v 0.289063 1.526026 0.185861
v 0.363617 1.529418 0.153495
v 0.394327 1.518449 0.113088
v 0.368100 1.573245 0.144138
v 0.398729 1.494158 0.089143
v 0.409947 1.517654 0.027405
v 0.308462 1.517654 -0.087663
v 0.392051 1.574311 -0.024472
v 0.278815 1.619282 -0.073330
v 0.183094 1.647097 0.011090
v 0.308939 1.615711 -0.070678
v 0.215298 1.665230 0.010024
v 0.287576 1.670150 -0.015138
v 0.200419 1.647205 0.109909
v 0.394976 1.596907 -0.001923
v 0.369977 1.642894 0.013160
v 0.265639 1.673213 0.105179
v 0.393153 1.615711 0.024810
v 0.301380 1.665230 0.107630
v 0.240986 1.457162 -0.070073
v 0.175151 1.491061 -0.047564
v 0.138382 1.486978 0.020417
v 0.183250 1.499235 0.156319
v 0.257578 1.511195 0.185567
v 0.382785 1.480688 0.115909
v 0.370215 1.444905 -0.008570
v 0.294167 1.449040 -0.066117
v 0.234529 1.552904 -0.081409
v 0.250573 1.542526 -0.093141
v 0.249943 1.554848 -0.092514
v 0.265350 1.532200 -0.095161
v 0.414084 1.527685 0.049482
v 0.400389 1.522756 -0.014140
v 0.386991 1.536758 -0.037710
v 0.316218 1.530119 -0.039958
v 0.348495 1.522754 -0.072994
v 0.221497 1.518451 -0.082872
v 0.195616 1.504754 -0.067657
v 0.264345 1.581280 -0.090139
v 0.311791 1.558872 0.030429
v 0.346461 1.544257 0.074555
v 0.307842 1.534709 0.033912
v 0.378890 1.550720 0.109196
v 0.155966 1.608263 0.003373
v 0.151297 1.599156 0.086543
v 0.400552 1.547461 -0.015639
v 0.217462 1.599156 0.161566
v 0.238323 1.574278 0.177577
v 0.295638 1.565524 0.181841
v 0.270327 1.590672 0.177362
v 0.397543 1.562250 0.109320
v 0.407007 1.528168 0.085440
v 0.400001 1.500767 0.002027
v 0.383801 1.480948 -0.018689
v 0.332400 1.500767 -0.074625
v 0.314059 1.574417 -0.085802
v 0.290576 1.594431 -0.085103
v 0.179969 1.628330 -0.016717
v 0.281083 1.646114 -0.047993
v 0.253439 1.680070 0.014969
v 0.175731 1.642795 0.072008
v 0.371353 1.597600 -0.040843
v 0.346224 1.648353 -0.018681
v 0.210706 1.622017 -0.050399
v 0.238941 1.679528 0.075935
v 0.376262 1.623797 -0.018357
v 0.268792 1.684219 0.070260
v 0.367164 1.646114 0.049613
v 0.266476 1.652522 0.136530
v 0.217259 1.480688 -0.071777
v 0.194026 1.467077 -0.054547
v 0.135660 1.495101 0.073675
v 0.228274 1.495101 0.178689
v 0.353499 1.491061 0.154660
v 0.388232 1.464424 0.009206
v 0.323806 1.464424 -0.063845
v 0.270437 1.532578 -0.095731
v 0.239413 1.546038 -0.091171
v 0.390753 1.540272 0.081264
v 0.412911 1.557204 0.064716
v 0.411679 1.551665 0.023072
v 0.363584 1.530119 0.013749
v 0.383789 1.544723 0.132003
v 0.249241 1.567120 -0.091475
v 0.164270 1.555490 -0.041825
v 0.225569 1.562272 -0.085532
v 0.215631 1.591890 -0.072365
v 0.133009 1.550301 0.037803
v 0.133233 1.534707 0.069391
v 0.257616 1.567917 -0.033980
v 0.167537 1.559366 0.138908
v 0.184098 1.539126 0.157724
v 0.208558 1.557168 0.170516
v 0.225325 1.562299 -0.068743
v 0.253903 1.561035 -0.076200
v 0.232221 1.534707 0.181632
v 0.319675 1.540197 0.178783
v 0.339255 1.515429 0.169266
v 0.300563 1.608263 0.167329
v 0.406932 1.581267 0.071448
v 0.246970 1.608825 -0.075915
v 0.317602 1.642894 -0.046228
v 0.213264 1.673213 0.045791
v 0.150939 1.539126 0.120125
v 0.187416 1.573244 -0.060736
v 0.390609 1.608824 0.086944
v 0.277908 1.630828 0.157223
v 0.132498 1.511195 0.043741
v 0.165532 1.519770 0.140677
v 0.204856 1.517706 0.170948
v 0.311391 1.501435 0.178873
v 0.384060 1.457162 0.092155
v 0.287063 1.527689 -0.094516
v 0.404988 1.545982 0.096183
v 0.396206 1.513872 -0.017990
v 0.351787 1.513872 -0.068359
v 0.405919 1.521591 0.001851
v 0.361443 1.519883 -0.063107
v 0.333316 1.521591 -0.080475
v 0.350035 1.547450 -0.072998
v 0.271533 1.557286 -0.095020
v 0.383593 1.510040 -0.038169
v 0.177572 1.529418 -0.057457
v 0.317599 1.554454 -0.039696
v 0.412070 1.532178 0.071053
v 0.406556 1.567053 0.086437
v 0.407906 1.554714 0.085666
v 0.394686 1.552850 0.099814
v 0.312969 1.551668 -0.088832
v 0.286213 1.682507 0.015287
v 0.319616 1.663497 -0.015866
v 0.313743 1.676576 0.009965
v 0.202758 1.666484 0.081030
v 0.334795 1.662281 0.077037
v 0.340840 1.518831 -0.013932
v 0.370236 1.536747 -0.056783
v 0.383171 1.591888 0.117593
v 0.350929 1.480948 -0.055962
v 0.360755 1.622017 0.119739
v 0.370230 1.510040 -0.053322
v 0.180347 1.602295 -0.040996
v 0.159655 1.477064 -0.024235
v 0.158879 1.515429 -0.035258
v 0.156257 1.579405 0.114987
v 0.172619 1.624209 0.102262
v 0.244508 1.638216 -0.051356
v 0.335378 1.670150 0.039064
v 0.333775 1.647560 0.114679
v 0.362786 1.467077 0.136806
v 0.340541 1.543833 -0.013669
v 0.201411 1.544724 -0.074781
v 0.349657 1.623797 -0.048524
v 0.375992 1.504754 0.136868
v 0.357703 1.574310 -0.063430
v 0.248303 1.684219 0.047028
v 0.152226 1.499235 0.121142
v 0.339191 1.444905 -0.043748
v 0.296130 1.682365 0.063127
v 0.233234 1.670695 0.103825
v 0.293414 1.672306 -0.009735
v 0.364211 1.646250 0.007462
v 0.261717 1.676034 0.097855
v 0.258797 1.682365 0.020795
v 0.370307 1.630863 -0.017063
v 0.322534 1.646250 -0.039795
v 0.220040 1.676034 0.050598
v 0.210556 1.670695 0.078111
v 0.330747 1.672306 0.032597
v 0.347629 1.630863 -0.042777
v 0.299388 1.677974 0.067961
v 0.229777 1.664585 0.110475
v 0.288735 1.667999 -0.013315
v 0.368524 1.640362 0.011923
v 0.263785 1.670798 0.104295
v 0.254408 1.677974 0.016959
v 0.374954 1.622398 -0.017561
v 0.318647 1.640362 -0.044631
v 0.213908 1.670798 0.047741
v 0.203527 1.664585 0.080710
v 0.333715 1.667999 0.037687
v 0.348703 1.622398 -0.047326
v 0.296345 1.678972 0.064442
v 0.231441 1.666695 0.105571
v 0.292092 1.668926 -0.010074
v 0.364384 1.642768 0.008936
v 0.262013 1.672516 0.099220
v 0.257518 1.678972 0.020417
v 0.370844 1.626186 -0.017373
v 0.321094 1.642768 -0.040151
v 0.218722 1.672516 0.050134
v 0.208600 1.666695 0.079672
v 0.330919 1.668926 0.033951
v 0.348004 1.626186 -0.043272
v 0.411448 1.526760 0.025626
v 0.248477 1.512602 -0.088975
v 0.197808 1.524000 -0.072103
v 0.160545 1.534820 -0.039212
v 0.137452 1.545478 0.009174
v 0.273782 1.530609 -0.096008
v 0.206721 1.567711 -0.075176
v 0.170537 1.578285 -0.042840
v 0.146885 1.586656 0.004355
v 0.268383 1.600648 -0.083311
v 0.227930 1.616291 -0.064356
v 0.194486 1.626045 -0.034821
v 0.168562 1.629152 0.004527
v 0.134504 1.554276 0.066865
v 0.152497 1.558838 0.118280
v 0.186124 1.558838 0.156409
v 0.234887 1.554276 0.180687
v 0.144032 1.595163 0.060139
v 0.162683 1.601579 0.109845
v 0.195766 1.601579 0.147356
v 0.242750 1.595163 0.172074
v 0.166389 1.636259 0.049779
v 0.186702 1.646160 0.091981
v 0.216491 1.646160 0.125758
v 0.255823 1.636259 0.151187
v 0.292493 1.545478 0.184972
v 0.343386 1.534820 0.168108
v 0.380678 1.524000 0.135248
v 0.403754 1.512601 0.087081
v 0.298454 1.586656 0.176215
v 0.348235 1.578285 0.158648
v 0.384848 1.567708 0.126782
v 0.404404 1.558028 0.096126
v 0.300992 1.629152 0.154687
v 0.343272 1.626045 0.133884
v 0.376757 1.616291 0.104393
v 0.400624 1.600647 0.066623
v 0.406693 1.503554 0.029346
v 0.388547 1.500067 -0.023622
v 0.356417 1.500067 -0.060055
v 0.306132 1.503554 -0.084679
v 0.411259 1.524255 0.025920
v 0.399212 1.520245 -0.015601
v 0.349794 1.520244 -0.071642
v 0.310100 1.524256 -0.088779
v 0.402763 1.594158 0.021543
v 0.384817 1.597751 -0.022461
v 0.354798 1.597751 -0.056500
v 0.313382 1.594158 -0.079804
v 0.296744 1.632596 -0.060555
v 0.265575 1.655961 -0.033837
v 0.232927 1.665448 -0.005044
v 0.198023 1.661283 0.026510
v 0.334425 1.647586 -0.030343
v 0.303559 1.675209 -0.000494
v 0.267705 1.685628 0.031126
v 0.228529 1.678358 0.063050
v 0.356320 1.647586 -0.005517
v 0.322847 1.675209 0.021376
v 0.286993 1.685628 0.052997
v 0.250424 1.678358 0.087876
v 0.381585 1.632596 0.035645
v 0.351181 1.655961 0.063230
v 0.318533 1.665448 0.092023
v 0.282864 1.661283 0.122710
v 0.230107 1.514980 0.180675
v 0.136745 1.506545 0.016295
v 0.345324 1.462834 -0.050327
v 0.183345 1.519275 0.157442
v 0.391905 1.475578 0.090801
v 0.394731 1.467143 0.035486
v 0.194537 1.485875 -0.061562
v 0.285340 1.506545 0.184784
v 0.243310 1.475578 -0.077687
v 0.298544 1.467143 -0.073577
v 0.334113 1.496248 0.168658
v 0.133919 1.514980 0.071609
v 0.158840 1.496248 -0.030080
v 0.377509 1.462834 -0.013833
v 0.151124 1.519275 0.120907
v 0.369810 1.485875 0.137176
v 0.388336 1.557512 0.039833
v 0.393830 1.546441 0.096452
v 0.291347 1.533014 -0.066865
v 0.238437 1.558431 -0.080703
v 0.293352 1.557535 -0.067706
v 0.331406 1.547805 -0.024106
v 0.349739 1.547809 -0.003287
v 0.387189 1.533009 0.041772
v 0.356066 1.522238 -0.007041
v 0.335908 1.522237 -0.029902
v 0.394517 1.558365 0.095811
v 0.237818 1.546478 -0.080193
v 0.413933 1.530597 0.062820
v 0.408354 1.537167 0.085115
v 0.239349 1.558097 -0.090542
v 0.250876 1.537205 -0.093181
v 0.428182 1.579429 0.031804
v 0.426264 1.577484 0.006200
v 0.419563 1.577670 -0.018404
v 0.355101 1.577669 -0.091501
v 0.354544 1.562900 -0.094815
v 0.352456 1.552265 -0.096422
v 0.409516 1.577379 -0.039892
v 0.395563 1.570954 -0.062212
v 0.396674 1.535663 -0.063192
v 0.404456 1.539826 -0.053130
v 0.411421 1.546861 -0.042489
v 0.306345 1.579434 -0.106312
v 0.281810 1.584348 -0.105559
v 0.255582 1.586255 -0.100429
v 0.424104 1.552269 -0.015156
v 0.418017 1.550529 -0.031059
v 0.422777 1.562902 -0.017434
v 0.331523 1.577485 -0.101222
v 0.306257 1.566732 -0.108866
v 0.307187 1.557771 -0.109554
v 0.431583 1.557744 0.031304
v 0.430376 1.560271 0.049296
v 0.427516 1.560703 0.061850
v 0.429144 1.554733 0.007652
v 0.397159 1.550765 -0.063620
v 0.276022 1.560832 -0.109027
v 0.266706 1.570188 -0.106895
v 0.406814 1.557842 -0.050063
v 0.416038 1.586239 0.081401
v 0.424397 1.584335 0.056028
v 0.430738 1.566718 0.032181
v 0.367499 1.550518 -0.088418
v 0.378030 1.546845 -0.080459
v 0.288998 1.560353 -0.110440
v 0.424020 1.570121 0.071017
v 0.330434 1.554736 -0.104252
v 0.387701 1.539815 -0.072203
v 0.384944 1.557834 -0.074919
v 0.375168 1.577377 -0.078850
v 0.428681 1.564121 0.006865
v 0.402733 1.550043 -0.056455
v 0.372480 1.561861 -0.084390
v 0.331162 1.564123 -0.103699
v 0.390772 1.550036 -0.070067
v 0.414662 1.561867 -0.036520
v 0.284150 1.570412 -0.109029
v 0.428234 1.570369 0.054050
vn 0.0254 -0.2983 -0.9541
vn -0.1687 -0.2647 -0.9495
vn -0.1650 -0.1965 -0.9665
vn 0.0353 -0.2391 -0.9703
vn -0.3528 -0.2264 -0.9079
vn -0.3496 -0.1380 -0.9267
vn -0.3563 -0.0379 -0.9336
vn -0.1819 -0.1791 -0.9669
vn 0.0036 -0.2748 -0.9615
vn -0.5261 -0.1846 -0.8301
vn -0.5191 -0.0821 -0.8508
vn -0.6778 -0.1430 -0.7212
vn -0.6675 -0.0353 -0.7438
vn -0.6479 0.0825 -0.7572
vn -0.5121 0.0321 -0.8583
vn -0.8053 -0.1022 -0.5839
vn -0.7953 0.0055 -0.6061
vn -0.9048 -0.0624 -0.4212
vn -0.8960 0.0431 -0.4419
vn -0.8747 0.1538 -0.4597
vn -0.7731 0.1212 -0.6226
vn -0.9695 -0.0263 -0.2437
vn -0.9620 0.0767 -0.2620
vn -0.9986 0.0059 -0.0519
vn -0.9919 0.1081 -0.0672
vn -0.9740 0.2113 -0.0820
vn -0.9428 0.1820 -0.2795
vn -0.1216 -0.1503 -0.9811
vn 0.0312 -0.0874 -0.9957
vn 0.1489 -0.1357 -0.9795
vn -0.1648 -0.0483 -0.9851
vn -0.0821 -0.0023 -0.9966
vn 0.1768 0.0765 -0.9813
vn -0.4883 0.1841 -0.8530
vn -0.3753 0.1441 -0.9156
vn -0.6106 0.2242 -0.7595
vn -0.5397 0.4017 -0.7399
vn -0.4259 0.3662 -0.8273
vn -0.2954 0.3190 -0.9005
vn -0.7311 0.2555 -0.6326
vn -0.8349 0.2780 -0.4750
vn -0.7615 0.4296 -0.4853
vn -0.6519 0.4225 -0.6297
vn -0.9079 0.2964 -0.2963
vn -0.9418 0.3218 -0.0973
vn -0.8854 0.4505 -0.1143
vn -0.8459 0.4323 -0.3125
vn 0.1212 0.3019 -0.9456
vn -0.0713 0.3452 -0.9358
vn -0.0617 0.4165 -0.9070
vn 0.1233 0.3574 -0.9258
vn -0.2158 0.4886 -0.8454
vn -0.1138 0.6547 -0.7473
vn 0.0129 0.5705 -0.8212
vn 0.1340 0.4780 -0.8681
vn -0.3399 0.5492 -0.7634
vn -0.4335 0.5868 -0.6839
vn -0.3047 0.7465 -0.5915
vn -0.2230 0.7143 -0.6634
vn -0.5306 0.6017 -0.5971
vn -0.6437 0.6000 -0.4750
vn -0.4972 0.7642 -0.4109
vn -0.3895 0.7623 -0.5169
vn -0.7446 0.5845 -0.3225
vn -0.7983 0.5876 -0.1318
vn -0.6891 0.7097 -0.1468
vn -0.6044 0.7455 -0.2808
vn -0.9892 0.0326 0.1426
vn -0.9820 0.1365 0.1302
vn -0.9431 0.0519 0.3284
vn -0.9349 0.1589 0.3175
vn -0.9139 0.2696 0.3035
vn -0.9631 0.2423 0.1173
vn -0.8610 0.0638 0.5046
vn -0.8516 0.1734 0.4947
vn -0.7483 0.0678 0.6599
vn -0.7380 0.1782 0.6509
vn -0.7169 0.2937 0.6323
vn -0.8298 0.2877 0.4781
vn -0.6083 0.0638 0.7911
vn -0.5972 0.1734 0.7831
vn -0.4437 0.0519 0.8947
vn -0.4318 0.1589 0.8878
vn -0.4153 0.2696 0.8688
vn -0.5781 0.2877 0.7636
vn -0.2651 0.0326 0.9637
vn -0.2519 0.1365 0.9581
vn -0.0733 0.0059 0.9973
vn -0.0573 0.1081 0.9925
vn -0.0404 0.2113 0.9766
vn -0.2367 0.2423 0.9409
vn -0.9288 0.3561 0.1021
vn -0.8763 0.3894 0.2836
vn -0.8123 0.5273 0.2490
vn -0.8685 0.4891 0.0808
vn -0.7916 0.4117 0.4516
vn -0.6810 0.4191 0.6006
vn -0.6227 0.5573 0.5492
vn -0.7294 0.5502 0.4065
vn -0.5470 0.4117 0.7289
vn -0.3909 0.3894 0.8340
vn -0.3486 0.5273 0.7748
vn -0.4945 0.5502 0.6728
vn -0.2174 0.3561 0.9088
vn -0.0212 0.3218 0.9466
vn 0.0027 0.4505 0.8928
vn -0.1887 0.4891 0.8516
vn -0.7770 0.6277 0.0479
vn -0.7311 0.6573 0.1827
vn -0.6412 0.7655 0.0538
vn -0.6471 0.7609 -0.0475
vn -0.6675 0.6606 0.3436
vn -0.5639 0.6592 0.4974
vn -0.5410 0.6926 0.4771
vn -0.6458 0.7007 0.3032
vn -0.4243 0.6606 0.6193
vn -0.2726 0.6573 0.7026
vn -0.1335 0.7655 0.6294
vn -0.3815 0.7007 0.6029
vn -0.1446 0.6277 0.7649
vn 0.0310 0.5876 0.8085
vn 0.0595 0.7097 0.7020
vn -0.0338 0.7609 0.6480
vn 0.1206 -0.0263 0.9924
vn 0.1397 0.0767 0.9872
vn 0.3048 -0.0624 0.9504
vn 0.3264 0.0431 0.9442
vn 0.3468 0.1538 0.9253
vn 0.1594 0.1820 0.9703
vn 0.4787 -0.1022 0.8720
vn 0.5020 0.0055 0.8649
vn 0.6309 -0.1430 0.7626
vn 0.6545 -0.0353 0.7552
vn 0.6703 0.0825 0.7375
vn 0.5211 0.1212 0.8449
vn 0.7579 -0.1846 0.6257
vn 0.7792 -0.0822 0.6214
vn 0.8567 -0.2264 0.4635
vn 0.8755 -0.1384 0.4629
vn 0.8809 -0.0393 0.4717
vn 0.7874 0.0320 0.6156
vn 0.9209 -0.2648 0.2860
vn 0.9382 -0.1972 0.2846
vn 0.9498 -0.2983 0.0940
vn 0.9670 -0.2396 0.0861
vn 0.9541 -0.2763 0.1157
vn 0.9357 -0.1825 0.3018
vn 0.1805 0.2964 0.9378
vn 0.3669 0.2780 0.8877
vn 0.3863 0.4296 0.8162
vn 0.2043 0.4323 0.8783
vn 0.5363 0.2555 0.8044
vn 0.6772 0.2242 0.7008
vn 0.6666 0.4017 0.6279
vn 0.5433 0.4225 0.7255
vn 0.7851 0.1842 0.5914
vn 0.8604 0.1446 0.4887
vn 0.8559 0.3199 0.4064
vn 0.7674 0.3664 0.5261
vn 0.9203 0.1045 0.3771
vn 0.9290 0.1431 0.3413
vn 0.9263 -0.0176 0.3765
vn 0.9521 0.0291 0.3043
vn 0.9535 0.0746 0.2921
vn 0.9548 0.0867 0.2842
vn 0.2269 0.5845 0.7790
vn 0.3909 0.6000 0.6980
vn 0.3456 0.7642 0.5446
vn 0.2031 0.7455 0.6348
vn 0.5261 0.6017 0.6010
vn 0.6243 0.5868 0.5156
vn 0.5487 0.7465 0.3763
vn 0.4641 0.7623 0.4511
vn 0.7149 0.5493 0.4327
vn 0.8116 0.4889 0.3197
vn 0.7272 0.6547 0.2063
vn 0.6303 0.7143 0.3041
vn 0.9194 0.3460 0.1870
vn 0.8920 0.4170 0.1743
vn 0.9531 0.3025 -0.0026
vn 0.9338 0.3578 -0.0069
vn 0.8780 0.4781 -0.0245
vn 0.8163 0.5706 0.0898
vn 0.9404 -0.3250 -0.1006
vn 0.9575 -0.2673 -0.1086
vn 0.8941 -0.3448 -0.2858
vn 0.9102 -0.2953 -0.2905
vn 0.9234 -0.2692 -0.2736
vn 0.9582 -0.2650 -0.1080
vn 0.8303 -0.3182 -0.4575
vn 0.8702 -0.2688 -0.4128
vn 0.8126 -0.3624 -0.4564
vn 0.6958 -0.3732 -0.6137
vn 0.6999 -0.3592 -0.6173
vn 0.6928 -0.3832 -0.6110
vn 0.7931 -0.3429 -0.5034
vn 0.8421 -0.2640 -0.4704
vn 0.5576 -0.3183 -0.7666
vn 0.5986 -0.3430 -0.7239
vn 0.5544 -0.3624 -0.7492
vn 0.3953 -0.3448 -0.8514
vn 0.4019 -0.2953 -0.8667
vn 0.3868 -0.2693 -0.8819
vn 0.5182 -0.2692 -0.8118
vn 0.5718 -0.2643 -0.7766
vn 0.2173 -0.3249 -0.9204
vn 0.2273 -0.2671 -0.9365
vn 0.2267 -0.2648 -0.9373
vn -0.0884 -0.9942 -0.0604
vn -0.1052 -0.9916 -0.0753
vn -0.0405 -0.9702 -0.2389
vn -0.0145 -0.9774 -0.2108
vn -0.5663 -0.3996 -0.7209
vn -0.6220 -0.2265 -0.7495
vn -0.5958 -0.3172 -0.7379
vn -0.0620 0.9900 0.1268
vn -0.0027 0.9814 0.1922
vn 0.0156 0.9771 0.2121
vn -0.0628 0.9901 0.1259
vn 0.1004 -0.9863 0.1309
vn 0.2121 -0.9401 0.2669
vn 0.3577 -0.9064 0.2248
vn 0.2518 -0.9633 0.0935
vn 0.9958 0.0737 -0.0538
vn 0.9902 -0.1372 -0.0261
vn 0.9738 -0.1835 -0.1347
vn 0.9846 -0.0839 -0.1533
vn 0.9415 -0.2077 -0.2654
vn 0.9541 -0.1530 -0.2575
vn 0.1336 0.9321 0.3367
vn 0.1471 0.9249 0.3506
vn 0.1809 0.9050 0.3849
vn -0.1287 -0.9863 -0.1032
vn -0.0938 -0.9912 -0.0930
vn -0.1064 -0.9453 -0.3085
vn -0.0796 -0.9566 -0.2805
vn -0.0980 0.9914 0.0862
vn -0.0979 0.9914 0.0864
vn 0.8876 -0.2160 -0.4069
vn 0.9104 -0.1837 -0.3708
vn 0.8555 -0.2214 -0.4681
vn 0.8662 -0.1737 -0.4685
vn 0.5143 -0.2172 -0.8297
vn 0.5711 -0.2225 -0.7902
vn 0.3808 -0.2081 -0.9009
vn 0.3745 -0.1535 -0.9144
vn 0.4812 -0.1851 -0.8568
vn 0.5725 -0.1760 -0.8008
vn 0.0489 -0.9943 0.0950
vn 0.2071 -0.9775 0.0402
vn 0.1467 0.9251 0.3502
vn 0.0718 0.9596 0.2722
vn -0.1335 0.9900 0.0457
vn -0.1928 0.9810 -0.0232
vn -0.1627 0.9866 0.0120
vn -0.1328 0.9901 0.0466
vn -0.0001 -0.9928 0.1196
vn -0.0643 -0.9623 -0.2643
vn 0.2550 -0.1832 -0.9494
vn 0.2748 -0.0833 -0.9579
vn -0.2384 -0.9401 -0.2438
vn -0.1177 -0.9862 -0.1162
vn -0.0619 -0.9632 -0.2617
vn -0.1786 -0.9065 -0.3826
vn -0.3294 0.9251 -0.1890
vn -0.2612 0.9596 -0.1049
vn 0.6691 -0.1390 0.7301
vn 0.6669 -0.2232 0.7109
vn 0.6587 -0.3148 0.6834
vn 0.9401 0.2908 -0.1778
vn 0.9195 0.3492 -0.1806
vn 0.8949 0.2969 -0.3331
vn 0.8814 0.3505 -0.3166
vn 0.8425 0.4861 -0.2321
vn 0.8511 0.5080 -0.1328
vn 0.8189 0.2940 -0.4929
vn 0.8161 0.3266 -0.4767
vn 0.7180 0.2890 -0.6332
vn 0.7124 0.3128 -0.6282
vn 0.7060 0.3374 -0.6226
vn 0.8152 0.3599 -0.4539
vn 0.5914 0.2941 -0.7508
vn 0.5750 0.3267 -0.7501
vn 0.4422 0.2970 -0.8463
vn 0.4242 0.3505 -0.8350
vn 0.3355 0.4861 -0.8069
vn 0.5522 0.3599 -0.7520
vn 0.2938 0.2906 -0.9106
vn 0.2940 0.3492 -0.8897
vn 0.2381 0.5080 -0.8278
vn 0.1122 0.6630 -0.7402
vn -0.0024 0.7522 -0.6589
vn 0.0375 0.7780 -0.6271
vn 0.1478 0.6818 -0.7165
vn -0.1103 0.8085 -0.5781
vn -0.2002 0.8403 -0.5038
vn -0.1646 0.8661 -0.4720
vn -0.0708 0.8337 -0.5476
vn -0.2871 0.8599 -0.4222
vn -0.3892 0.8646 -0.3178
vn -0.3539 0.8918 -0.2819
vn -0.2533 0.8867 -0.3867
vn -0.5025 0.8416 -0.1981
vn -0.4768 0.8633 -0.1656
vn 0.3861 0.7372 -0.5545
vn 0.3434 0.7664 -0.5428
vn 0.3908 0.7624 -0.5159
vn 0.4343 0.7331 -0.5234
vn 0.2477 0.8308 -0.4983
vn 0.2949 0.8359 -0.4630
vn 0.4060 0.8408 -0.3581
vn 0.4863 0.7612 -0.4289
vn 0.5120 0.7307 -0.4516
vn 0.1239 0.9021 -0.4133
vn 0.1713 0.9127 -0.3710
vn 0.0016 0.9503 -0.3113
vn 0.0464 0.9632 -0.2648
vn 0.1597 0.9771 -0.1408
vn 0.2873 0.9237 -0.2534
vn -0.1191 0.9727 -0.1990
vn -0.0792 0.9855 -0.1501
vn -0.2310 0.9700 -0.0761
vn -0.1995 0.9795 -0.0270
vn -0.1068 0.9898 0.0942
vn 0.0270 0.9994 -0.0238
vn -0.3003 0.9535 0.0249
vn -0.2796 0.9572 0.0753
vn -0.3237 0.9435 0.0715
vn -0.2991 0.9462 0.1234
vn -0.2375 0.9485 0.2095
vn -0.2047 0.9620 0.1805
vn 0.5607 0.7624 -0.3232
vn 0.5736 0.7331 -0.3655
vn 0.4962 0.8359 -0.2347
vn 0.5254 0.8308 -0.1835
vn 0.5815 0.7664 -0.2729
vn 0.5984 0.7372 -0.3138
vn 0.3895 0.9127 -0.1236
vn 0.2685 0.9632 -0.0129
vn 0.3091 0.9503 0.0373
vn 0.4256 0.9021 -0.0712
vn 0.1390 0.9855 0.0974
vn 0.0019 0.9795 0.2013
vn 0.0466 0.9700 0.2387
vn 0.1826 0.9727 0.1431
vn -0.1097 0.9572 0.2680
vn -0.1599 0.9462 0.2814
vn -0.1114 0.9435 0.3122
vn -0.0623 0.9535 0.2949
vn 0.7293 0.6818 -0.0571
vn 0.7484 0.6630 -0.0188
vn 0.6269 0.7780 0.0411
vn 0.6535 0.7522 0.0847
vn 0.5345 0.8337 0.1387
vn 0.5598 0.8085 0.1817
vn 0.4477 0.8661 0.2223
vn 0.4749 0.8403 0.2616
vn 0.3521 0.8867 0.2996
vn 0.3830 0.8599 0.3376
vn 0.2354 0.8918 0.3864
vn 0.2666 0.8646 0.4259
vn 0.1047 0.8633 0.4937
vn 0.1338 0.8416 0.5233
vn -0.2736 -0.0437 0.9609
vn -0.0846 -0.0696 0.9940
vn -0.4495 -0.0254 0.8929
vn -0.4507 -0.0523 0.8911
vn -0.2760 -0.0703 0.9586
vn -0.0884 -0.0961 0.9914
vn -0.9681 -0.1017 -0.2291
vn -0.9968 -0.0696 -0.0403
vn -0.9044 -0.1380 -0.4039
vn -0.9030 -0.1640 -0.3970
vn -0.9663 -0.1279 -0.2235
vn -0.9947 -0.0961 -0.0362
vn 0.5394 -0.4226 -0.7283
vn 0.3786 -0.4087 -0.8304
vn 0.6777 -0.4283 -0.5977
vn 0.6695 -0.4508 -0.5904
vn 0.5321 -0.4463 -0.7195
vn 0.3713 -0.4334 -0.8212
vn -0.6119 -0.0143 0.7908
vn -0.7500 -0.0106 0.6614
vn -0.7495 -0.0376 0.6610
vn -0.6122 -0.0413 0.7896
vn 0.8973 -0.3315 0.2915
vn 0.9260 -0.3632 0.1027
vn 0.8333 -0.2966 0.4665
vn 0.8236 -0.3217 0.4671
vn 0.8871 -0.3563 0.2933
vn 0.9156 -0.3879 0.1059
vn 0.9168 -0.3893 -0.0891
vn 0.8712 -0.4087 -0.2718
vn 0.9064 -0.4138 -0.0843
vn 0.8611 -0.4334 -0.2658
vn -0.5302 -0.2581 -0.8076
vn -0.6804 -0.2182 -0.6996
vn -0.3587 -0.2966 -0.8851
vn -0.3605 -0.3217 -0.8755
vn -0.5310 -0.2835 -0.7985
vn -0.6804 -0.2439 -0.6911
vn 0.1063 -0.1017 0.9891
vn 0.2877 -0.1380 0.9477
vn 0.1010 -0.1279 0.9866
vn 0.2811 -0.1640 0.9456
vn -0.1771 -0.3315 -0.9267
vn 0.0139 -0.3632 -0.9316
vn 0.0093 -0.3879 -0.9217
vn -0.1802 -0.3563 -0.9168
vn 0.2030 -0.3893 -0.8985
vn 0.1969 -0.4138 -0.8888
vn 0.4590 -0.1779 0.8705
vn 0.6091 -0.2182 0.7625
vn 0.4514 -0.2038 0.8688
vn 0.6007 -0.2439 0.7614
vn -0.9875 -0.0437 0.1513
vn -0.9421 -0.0254 0.3344
vn -0.9856 -0.0703 0.1540
vn -0.9405 -0.0523 0.3358
vn -0.8063 -0.1779 -0.5642
vn -0.8055 -0.2038 -0.5564
vn 0.7900 -0.4226 -0.4441
vn 0.7804 -0.4463 -0.4380
vn -0.8611 -0.0143 0.5083
vn -0.8600 -0.0413 0.5087
vn 0.7350 -0.2581 0.6270
vn 0.7259 -0.2835 0.6267
vn -0.3299 0.9248 -0.1896
vn -0.3596 0.9050 -0.2272
vn -0.0009 0.9810 0.1941
vn -0.0320 0.9866 0.1600
vn 0.6459 -0.3957 0.6529
vn -0.3179 0.9319 -0.1746
vn 0.0611 -0.9917 0.1132
vn 0.2316 -0.9703 0.0693
vn 0.0845 -0.9868 0.1385
vn 0.2669 -0.9572 0.1119
vn 0.0777 -0.9918 0.1010
vn -0.1204 -0.9813 0.1502
vn -0.1197 -0.9927 -0.0158
vn -0.2249 -0.9743 -0.0142
vn -0.2539 -0.9671 0.0131
vn -0.1430 -0.9779 0.1527
vn -0.0318 -0.9610 0.2746
vn 0.0018 -0.9603 0.2790
vn 0.1206 0.9448 -0.3047
vn 0.0776 0.9507 -0.3002
vn -0.0156 0.9187 -0.3947
vn -0.0031 0.8856 -0.4645
vn 0.0516 0.9608 -0.2724
vn -0.0219 0.9333 -0.3584
vn -0.5109 0.4160 -0.7523
vn -0.4968 0.4697 -0.7298
vn -0.5053 0.4382 -0.7434
vn -0.5185 0.3832 -0.7644
vn 0.1659 0.9761 -0.1401
vn 0.2149 0.9649 -0.1513
vn 0.1913 0.9759 -0.1049
vn 0.1622 0.9771 -0.1380
vn 0.3166 0.9449 -0.0825
vn 0.3073 0.9508 -0.0400
vn 0.2767 0.9608 -0.0172
vn 0.2076 0.9747 -0.0822
vn 0.2709 0.9626 0.0067
vn 0.2517 0.9676 0.0201
vn 0.2465 0.9663 0.0738
vn 0.1678 0.9833 -0.0701
vn 0.1601 0.9776 -0.1369
vn -0.0144 -0.9745 0.2238
vn 0.0902 -0.9403 0.3282
vn 0.1698 -0.9344 0.3131
vn -0.0447 -0.9672 0.2501
vn 0.0460 -0.9409 0.3357
vn 0.5426 -0.4287 0.7223
vn 0.5074 -0.4735 0.7199
vn 0.5358 -0.4377 0.7220
vn 0.5699 -0.3913 0.7226
vn -0.2766 -0.9603 -0.0367
vn -0.1642 -0.9813 0.1005
vn -0.2764 -0.9610 -0.0027
vn -0.1694 -0.9779 0.1228
vn -0.2244 -0.9524 -0.2064
vn -0.3342 -0.9397 -0.0722
vn -0.3436 -0.9337 -0.1006
vn -0.2671 -0.9285 -0.2580
vn -0.3311 -0.9413 -0.0660
vn -0.3359 -0.9388 -0.0756
vn 0.0569 -0.9337 0.3534
vn 0.2230 -0.9283 0.2975
vn 0.0331 -0.9388 0.3428
vn 0.0241 -0.9413 0.3368
vn 0.0299 -0.9397 0.3406
vn 0.1776 -0.9522 0.2485
vn -0.0425 0.9663 -0.2538
vn 0.0115 0.9676 -0.2522
vn 0.1279 0.9759 -0.1767
vn 0.0905 0.9833 -0.1577
vn 0.0272 0.9626 -0.2696
vn 0.1075 0.9747 -0.1957
vn 0.1769 0.9648 -0.1945
vn 0.1598 0.9761 -0.1471
vn 0.1572 0.9771 -0.1436
vn 0.1558 0.9776 -0.1418
vn -0.1929 0.8816 -0.4307
vn -0.0737 0.9306 -0.3585
vn -0.2701 0.7909 -0.5491
vn -0.1339 0.8769 -0.4616
vn -0.0294 0.9219 -0.3863
vn -0.0365 0.9330 -0.3581
vn -0.0410 0.9395 -0.3401
vn -0.0429 0.9398 -0.3390
vn 0.3310 0.9398 0.0849
vn 0.3465 0.9306 0.1179
vn 0.3323 0.9395 0.0832
vn 0.3507 0.9330 0.0810
vn 0.3796 0.9219 0.0775
vn 0.4413 0.8769 0.1906
vn 0.5110 0.7909 0.3367
vn 0.4032 0.8817 0.2452
vn -0.3153 -0.9400 -0.1305
vn -0.3275 -0.9408 -0.0875
vn -0.2917 -0.9337 -0.2077
vn -0.6491 -0.4286 -0.6285
vn -0.6461 -0.3915 -0.6552
vn -0.6496 -0.4380 -0.6214
vn -0.6509 -0.4735 -0.5934
vn 0.6620 0.4698 0.5840
vn 0.6827 0.4162 0.6005
vn 0.6744 0.4388 0.5939
vn 0.3529 0.9333 0.0664
vn 0.3894 0.9188 0.0643
vn 0.4598 0.8860 0.0597
vn 0.6938 0.3839 0.6093
vn 0.9555 -0.0630 0.2881
vn 0.9575 -0.1569 0.2420
vn 0.9917 -0.0906 0.0916
vn 0.9790 -0.0088 0.2037
vn 0.9412 -0.1168 0.3170
vn 0.9542 -0.0201 0.2986
vn 0.2890 -0.9472 0.1389
vn 0.2487 -0.9644 0.0898
vn -0.1911 0.9813 -0.0212
vn -0.2087 0.9771 -0.0420
vn -0.1708 0.0376 -0.9846
vn -0.2513 -0.0116 -0.9678
vn -0.2527 0.1024 -0.9621
vn -0.1613 0.0675 -0.9846
vn -0.2177 0.1357 -0.9665
vn -0.1559 0.0744 -0.9850
vn -0.1946 -0.1061 -0.9751
vn -0.1700 -0.0033 -0.9854
vn 0.3584 -0.9059 0.2257
vn -0.1791 -0.9062 -0.3831
vn 0.3023 -0.9405 0.1553
vn 0.6785 0.3000 0.6705
vn 0.6837 0.3029 0.6640
vn 0.6824 0.3024 0.6655
vn 0.7840 0.2429 0.5712
vn 0.8136 0.2084 0.5428
vn 0.8552 0.1532 0.4952
vn -0.5471 0.3014 -0.7809
vn -0.5362 0.2993 -0.7892
vn -0.5733 0.3029 -0.7613
vn -0.5750 0.3024 -0.7602
vn 0.7160 0.2993 0.6306
vn 0.7064 0.3014 0.6404
vn 0.3409 0.7690 0.5407
vn 0.3404 0.7344 0.5871
vn 0.3391 0.7029 0.6253
vn 0.6941 0.6407 0.3281
vn 0.7035 0.6345 0.3203
vn 0.7892 0.5572 0.2582
vn 0.7780 0.5701 0.2639
vn 0.0674 0.8752 0.4790
vn 0.3601 0.6819 0.6367
vn 0.3704 0.6886 0.6234
vn -0.8999 0.4075 0.1551
vn -0.8001 0.4876 0.3494
vn -0.8222 0.4746 0.3143
vn -0.5805 0.3000 -0.7570
vn -0.6341 0.5341 0.5592
vn -0.4466 0.4876 0.7501
vn -0.4146 0.4746 0.7764
vn 0.7601 0.6125 0.2170
vn 0.7865 0.5729 0.2306
vn -0.4638 0.7288 0.5037
vn -0.5120 0.7307 0.4516
vn 0.4493 0.7083 0.5444
vn 0.4594 0.7089 0.5352
vn 0.7269 0.6569 0.2003
vn -0.6051 0.3183 -0.7297
vn -0.6144 0.3221 -0.7202
vn -0.7315 0.2940 -0.6152
vn -0.6939 0.3084 -0.6507
vn -0.2664 0.4075 0.8735
vn 0.6936 0.3803 -0.6117
vn 0.7389 0.3794 -0.5569
vn 0.5790 0.6940 0.4279
vn 0.6484 0.3183 0.6916
vn 0.6378 0.3221 0.6996
vn 0.6728 0.3061 0.6735
vn 0.6743 0.3048 0.6727
vn -0.7860 0.2699 -0.5562
vn 0.7432 0.1338 -0.6555
vn 0.5423 0.0976 -0.8345
vn 0.5067 0.0885 -0.8576
vn -0.2950 0.9194 0.2602
vn -0.1958 0.9233 0.3305
vn -0.2062 0.9225 0.3262
vn 0.1784 0.9751 0.1314
vn 0.1742 0.9753 0.1359
vn 0.2942 0.9556 0.0187
vn 0.2217 0.8361 -0.5018
vn 0.2331 0.8256 -0.5138
vn 0.1330 0.9038 -0.4068
vn 0.1291 0.9062 -0.4026
vn -0.1148 0.9305 0.3477
vn -0.1061 0.9317 0.3475
vn 0.5255 0.8361 -0.1572
vn 0.5389 0.8256 -0.1671
vn 0.6095 0.7553 -0.2410
vn 0.5991 0.7684 -0.2250
vn 0.0182 0.9556 -0.2942
vn -0.0376 0.9433 0.3297
vn -0.0177 0.9476 0.3189
vn 0.6282 0.7146 -0.3076
vn 0.6277 0.7184 -0.2997
vn -0.1131 0.9753 -0.1898
vn -0.1081 0.9751 -0.1934
vn 0.0596 0.9649 0.2557
vn 0.0731 0.9676 0.2418
vn 0.6157 0.6875 -0.3852
vn 0.6122 0.6847 -0.3955
vn -0.2463 0.9649 -0.0911
vn -0.2307 0.9676 -0.1028
vn 0.3758 0.7184 -0.5853
vn 0.3837 0.7146 -0.5849
vn 0.3153 0.7553 -0.5746
vn 0.2981 0.7684 -0.5662
vn 0.5552 0.6724 -0.4896
vn -0.3318 0.9433 -0.0039
vn -0.3186 0.9476 -0.0223
vn -0.3593 0.9306 0.0704
vn -0.3524 0.9233 0.1530
vn -0.3495 0.9225 0.1638
vn -0.3580 0.9317 0.0618
vn 0.4202 0.9038 -0.0811
vn 0.4156 0.9062 -0.0778
vn 0.4591 0.6875 -0.5627
vn 0.4689 0.6847 -0.5579
vn 0.4536 0.2699 0.8493
vn 0.5189 0.2940 0.8027
vn 0.5589 0.3083 0.7698
vn 0.3406 0.0470 -0.9390
vn -0.1646 0.5701 -0.8049
vn -0.1575 0.5572 -0.8153
vn -0.2298 0.6345 -0.7380
vn -0.2388 0.6407 -0.7297
vn 0.7219 0.6850 -0.0982
vn -0.1079 0.6569 -0.7463
vn -0.1202 0.6125 -0.7813
vn -0.1305 0.5729 -0.8092
vn -0.3522 0.6940 -0.6280
vn -0.5841 0.3061 -0.7517
vn -0.5831 0.3048 -0.7531
vn 0.9742 0.0470 -0.2206
vn 0.8957 0.0976 -0.4337
vn 0.9142 0.0885 -0.3955
vn -0.4840 0.7083 -0.5138
vn -0.4735 0.7089 -0.5227
vn -0.3844 0.1532 -0.9103
vn -0.4368 0.2084 -0.8751
vn -0.4688 0.2429 -0.8493
vn -0.5867 0.6819 -0.4368
vn -0.5400 0.7344 -0.4111
vn -0.5780 0.7029 -0.4145
vn -0.5722 0.6886 -0.4454
vn -0.5577 0.7288 0.3972
vn -0.4939 0.7690 -0.4058
vn 0.1876 0.6850 -0.7039
vn -0.4668 0.8752 -0.1268
vn 0.6449 0.3794 -0.6635
vn 0.7328 -0.2129 -0.6463
vn 0.9524 0.0570 -0.2993
vn 0.9396 0.1203 -0.3204
vn 0.9784 0.1197 -0.1687
vn 0.9842 0.0614 -0.1660
vn 0.9240 0.1835 -0.3355
vn 0.9682 0.1800 -0.1736
vn 0.9782 0.2074 0.0050
vn 0.9880 0.1547 -0.0046
vn 0.9948 0.0983 -0.0265
vn 0.7503 -0.0510 -0.6592
vn 0.7507 0.0290 -0.6600
vn 0.8104 0.0136 -0.5857
vn 0.8203 -0.0363 -0.5707
vn 0.7433 0.1381 -0.6546
vn 0.8289 0.0822 -0.5533
vn 0.8570 -0.0003 -0.5154
vn 0.4479 0.1840 -0.8749
vn 0.5913 0.1809 -0.7859
vn 0.5719 0.1136 -0.8124
vn 0.4346 0.1211 -0.8924
vn 0.6534 0.0836 -0.7524
vn 0.6190 0.0018 -0.7854
vn 0.5393 0.0456 -0.8409
vn 0.4151 0.0580 -0.9079
vn 0.1455 0.0921 -0.9851
vn 0.1242 0.1496 -0.9809
vn 0.2883 0.1187 -0.9501
vn 0.2858 0.0601 -0.9564
vn 0.1153 0.2045 -0.9721
vn 0.2925 0.1794 -0.9393
vn 0.6845 0.0141 -0.7289
vn 0.6710 -0.0358 -0.7406
vn 0.8775 0.1118 -0.4663
vn 0.9015 0.0433 -0.4307
vn 0.8538 0.1797 -0.4886
vn -0.1144 0.0969 -0.9887
vn -0.1405 0.2094 -0.9677
vn -0.0548 0.1739 -0.9832
vn -0.0083 0.1147 -0.9934
vn -0.1495 0.2497 -0.9567
vn -0.0792 0.2400 -0.9675
vn 0.9294 0.2559 0.2660
vn 0.9413 0.2188 0.2572
vn 0.9677 0.1838 0.1726
vn 0.9491 0.2455 0.1975
vn 0.9662 0.1145 0.2308
vn 0.9839 0.1277 0.1247
vn -0.1157 -0.9409 -0.3183
vn -0.6413 -0.1405 -0.7543
vt 0.800928 0.856332
vt 0.815347 0.860045
vt 0.812680 0.869445
vt 0.798854 0.865674
vt 0.829321 0.864351
vt 0.826056 0.873985
vt 0.822041 0.883962
vt 0.810601 0.876987
vt 0.797703 0.873422
vt 0.842343 0.869003
vt 0.838624 0.878641
vt 0.854673 0.874119
vt 0.850546 0.883510
vt 0.846332 0.893131
vt 0.834820 0.888444
vt 0.866785 0.879730
vt 0.862214 0.888917
vt 0.879061 0.886171
vt 0.874053 0.895124
vt 0.869019 0.904180
vt 0.857594 0.898290
vt 0.891858 0.893675
vt 0.886422 0.902416
vt 0.904852 0.902057
vt 0.899000 0.910667
vt 0.893049 0.919152
vt 0.880963 0.911126
vt 0.803202 0.878161
vt 0.799417 0.876982
vt 0.793615 0.875073
vt 0.805939 0.880508
vt 0.800808 0.878057
vt 0.793457 0.875994
vt 0.830872 0.899188
vt 0.820789 0.895107
vt 0.841798 0.903694
vt 0.837035 0.915256
vt 0.826233 0.910960
vt 0.813449 0.905679
vt 0.852669 0.908471
vt 0.863706 0.913852
vt 0.858177 0.924179
vt 0.847530 0.919523
vt 0.875243 0.920187
vt 0.886746 0.927793
vt 0.879999 0.936603
vt 0.869257 0.929637
vt 0.790354 0.908140
vt 0.800672 0.908116
vt 0.800768 0.917222
vt 0.790664 0.916025
vt 0.811451 0.919991
vt 0.807178 0.932717
vt 0.797686 0.927590
vt 0.790631 0.923685
vt 0.821973 0.924000
vt 0.832105 0.928040
vt 0.826786 0.942147
vt 0.816884 0.937757
vt 0.842261 0.931699
vt 0.852618 0.935363
vt 0.847873 0.947979
vt 0.837135 0.945392
vt 0.863254 0.939569
vt 0.872925 0.945353
vt 0.867286 0.952076
vt 0.858819 0.950337
vt 0.917762 0.911079
vt 0.911458 0.919716
vt 0.930320 0.920374
vt 0.923568 0.929165
vt 0.916275 0.937953
vt 0.904866 0.928249
vt 0.942348 0.929564
vt 0.935175 0.938666
vt 0.954488 0.938798
vt 0.946892 0.948467
vt 0.938195 0.958210
vt 0.927201 0.947840
vt 0.541492 0.939742
vt 0.553378 0.930556
vt 0.560510 0.939466
vt 0.549045 0.949206
vt 0.565153 0.921415
vt 0.571870 0.930022
vt 0.579118 0.938622
vt 0.568430 0.948442
vt 0.557682 0.958734
vt 0.577450 0.912164
vt 0.583726 0.920623
vt 0.590097 0.903177
vt 0.595930 0.911614
vt 0.601858 0.919928
vt 0.590284 0.928979
vt 0.897621 0.936966
vt 0.907927 0.947067
vt 0.898361 0.956278
vt 0.889576 0.945760
vt 0.917801 0.957431
vt 0.927721 0.968335
vt 0.915430 0.978334
vt 0.906856 0.967087
vt 0.577759 0.957818
vt 0.568069 0.968628
vt 0.587408 0.947539
vt 0.596897 0.956542
vt 0.588607 0.967248
vt 0.580244 0.978385
vt 0.597486 0.937513
vt 0.608134 0.928395
vt 0.614847 0.937027
vt 0.605476 0.946118
vt 0.880465 0.954417
vt 0.887082 0.965908
vt 0.871970 0.979111
vt 0.869861 0.961435
vt 0.894155 0.976738
vt 0.901407 0.987870
vt 0.887196 0.996472
vt 0.880501 0.986310
vt 0.601183 0.976664
vt 0.594119 0.987676
vt 0.608074 0.965947
vt 0.623046 0.978848
vt 0.614694 0.985995
vt 0.608173 0.996047
vt 0.614513 0.954582
vt 0.621880 0.945600
vt 0.627483 0.952186
vt 0.625007 0.961425
vt 0.602832 0.894815
vt 0.608258 0.903384
vt 0.615381 0.887315
vt 0.620391 0.896098
vt 0.625427 0.904985
vt 0.613707 0.911926
vt 0.627425 0.880862
vt 0.632011 0.889880
vt 0.639315 0.875221
vt 0.643471 0.884446
vt 0.647715 0.893901
vt 0.636646 0.899084
vt 0.651427 0.870058
vt 0.655190 0.879532
vt 0.664226 0.865337
vt 0.667550 0.874813
vt 0.671641 0.884622
vt 0.659040 0.889174
vt 0.677975 0.860936
vt 0.680706 0.870192
vt 0.692193 0.857099
vt 0.694353 0.866309
vt 0.695578 0.873956
vt 0.682843 0.877618
vt 0.619414 0.920813
vt 0.630741 0.914479
vt 0.636270 0.924622
vt 0.625384 0.930083
vt 0.641586 0.909087
vt 0.652277 0.904288
vt 0.657067 0.915664
vt 0.646739 0.919952
vt 0.663036 0.899748
vt 0.673010 0.895613
vt 0.680339 0.906003
vt 0.667709 0.911339
vt 0.679736 0.892501
vt 0.684987 0.896042
vt 0.678945 0.886793
vt 0.682860 0.887758
vt 0.684726 0.890124
vt 0.689129 0.890901
vt 0.631371 0.939832
vt 0.641830 0.935612
vt 0.646591 0.948022
vt 0.635815 0.950416
vt 0.652022 0.931928
vt 0.662021 0.928250
vt 0.667356 0.942143
vt 0.657164 0.945405
vt 0.672002 0.924194
vt 0.682380 0.920163
vt 0.686670 0.932726
vt 0.677107 0.937755
vt 0.693000 0.908325
vt 0.692937 0.917359
vt 0.703217 0.908305
vt 0.702941 0.916127
vt 0.703005 0.923719
vt 0.696035 0.927613
vt 0.706448 0.854188
vt 0.708030 0.863318
vt 0.720366 0.852242
vt 0.721243 0.861433
vt 0.720991 0.868176
vt 0.709135 0.870007
vt 0.734583 0.861029
vt 0.730566 0.867741
vt 0.733572 0.851057
vt 0.746266 0.850271
vt 0.746299 0.858732
vt 0.746317 0.864608
vt 0.741591 0.866150
vt 0.737826 0.868922
vt 0.758226 0.860841
vt 0.751208 0.866105
vt 0.759066 0.850837
vt 0.772418 0.851812
vt 0.771696 0.861079
vt 0.772057 0.867865
vt 0.762426 0.867563
vt 0.755103 0.868837
vt 0.786493 0.853573
vt 0.785028 0.862810
vt 0.784000 0.869567
vt 0.771758 0.883108
vt 0.781319 0.884499
vt 0.775697 0.891650
vt 0.767402 0.890958
vt 0.804704 0.890629
vt 0.808774 0.895710
vt 0.798852 0.897145
vt 0.795536 0.894059
vt 0.769000 0.909548
vt 0.758253 0.910080
vt 0.756849 0.900506
vt 0.765481 0.900613
vt 0.728546 0.882394
vt 0.734123 0.881000
vt 0.737701 0.889113
vt 0.732337 0.890297
vt 0.699813 0.876464
vt 0.699647 0.875553
vt 0.709926 0.873025
vt 0.710121 0.874128
vt 0.720729 0.871356
vt 0.720618 0.872520
vt 0.793620 0.902363
vt 0.802966 0.902992
vt 0.790991 0.886734
vt 0.798801 0.889091
vt 0.790588 0.893502
vt 0.784128 0.892689
vt 0.746675 0.908509
vt 0.746659 0.899162
vt 0.728996 0.870708
vt 0.728184 0.871844
vt 0.735479 0.870647
vt 0.732891 0.871433
vt 0.764058 0.870536
vt 0.757514 0.870557
vt 0.772366 0.871056
vt 0.772493 0.872223
vt 0.764890 0.871664
vt 0.760160 0.871321
vt 0.721501 0.883300
vt 0.725912 0.891073
vt 0.784625 0.901014
vt 0.724424 0.909602
vt 0.713581 0.908684
vt 0.718413 0.900743
vt 0.727896 0.900683
vt 0.783236 0.872613
vt 0.783051 0.873725
vt 0.759035 0.880977
vt 0.764659 0.882287
vt 0.760964 0.890236
vt 0.755596 0.889091
vt 0.708867 0.901209
vt 0.694833 0.897407
vt 0.690701 0.903261
vt 0.713022 0.917551
vt 0.724140 0.920484
vt 0.723918 0.938937
vt 0.710560 0.928405
vt 0.735127 0.910099
vt 0.735360 0.921882
vt 0.746689 0.922510
vt 0.746665 0.937463
vt 0.734687 0.937329
vt 0.758035 0.921891
vt 0.769316 0.920484
vt 0.769530 0.939073
vt 0.758685 0.937406
vt 0.779908 0.908574
vt 0.780506 0.917501
vt 0.783018 0.928438
vt 0.790116 0.937876
vt 0.799760 0.946054
vt 0.790305 0.959990
vt 0.779449 0.948702
vt 0.809976 0.952906
vt 0.820710 0.958124
vt 0.814157 0.975086
vt 0.801935 0.968972
vt 0.832226 0.961425
vt 0.844569 0.963180
vt 0.842106 0.980094
vt 0.827344 0.978840
vt 0.857604 0.963614
vt 0.857954 0.979187
vt 0.298712 0.896967
vt 0.295947 0.875979
vt 0.312734 0.877417
vt 0.311914 0.904716
vt 0.297674 0.848388
vt 0.314044 0.848811
vt 0.331009 0.849000
vt 0.331009 0.877889
vt 0.331009 0.906206
vt 0.299521 0.821103
vt 0.315040 0.821375
vt 0.300164 0.794484
vt 0.315410 0.794484
vt 0.331009 0.794484
vt 0.331009 0.821490
vt 0.299521 0.767866
vt 0.315040 0.767594
vt 0.297674 0.740581
vt 0.314044 0.740158
vt 0.331009 0.739969
vt 0.331009 0.767479
vt 0.295947 0.712990
vt 0.312734 0.711552
vt 0.298712 0.692002
vt 0.311914 0.684253
vt 0.331009 0.682763
vt 0.331009 0.711080
vt 0.349284 0.877417
vt 0.350104 0.904716
vt 0.347974 0.848811
vt 0.364345 0.848388
vt 0.366071 0.875979
vt 0.363306 0.896967
vt 0.346978 0.821375
vt 0.346608 0.794484
vt 0.361854 0.794484
vt 0.362497 0.821103
vt 0.346978 0.767594
vt 0.347974 0.740158
vt 0.364345 0.740581
vt 0.362497 0.767866
vt 0.349284 0.711552
vt 0.350104 0.684253
vt 0.363306 0.692002
vt 0.366071 0.712990
vt 0.714118 0.948448
vt 0.703559 0.937763
vt 0.703428 0.959603
vt 0.694054 0.945874
vt 0.691990 0.968494
vt 0.683997 0.952678
vt 0.679969 0.974569
vt 0.673432 0.957875
vt 0.666993 0.978326
vt 0.662095 0.961187
vt 0.652459 0.979637
vt 0.649939 0.962986
vt 0.636848 0.978834
vt 0.637097 0.963492
vt 0.571069 0.903205
vt 0.584074 0.894256
vt 0.558444 0.912324
vt 0.551563 0.902631
vt 0.564453 0.893617
vt 0.577758 0.884742
vt 0.897565 0.884428
vt 0.910893 0.892952
vt 0.884380 0.876688
vt 0.890168 0.866474
vt 0.903681 0.874528
vt 0.917226 0.883241
vt 0.759610 0.840346
vt 0.773526 0.841351
vt 0.746186 0.840116
vt 0.746055 0.828745
vt 0.760141 0.828745
vt 0.774773 0.829951
vt 0.546416 0.921189
vt 0.534390 0.929845
vt 0.527514 0.919584
vt 0.539408 0.911301
vt 0.675097 0.850842
vt 0.689846 0.847072
vt 0.660835 0.855241
vt 0.657275 0.844273
vt 0.672116 0.839914
vt 0.687378 0.836250
vt 0.704620 0.844033
vt 0.719085 0.841888
vt 0.702604 0.833026
vt 0.717636 0.830634
vt 0.846190 0.858813
vt 0.859078 0.864048
vt 0.832649 0.854083
vt 0.836133 0.842922
vt 0.850300 0.847673
vt 0.863906 0.852999
vt 0.597134 0.885751
vt 0.610059 0.878016
vt 0.591028 0.876051
vt 0.604269 0.868004
vt 0.818147 0.849789
vt 0.803172 0.846157
vt 0.805525 0.835165
vt 0.821035 0.838680
vt 0.788186 0.843284
vt 0.790052 0.832112
vt 0.622524 0.871277
vt 0.634878 0.865334
vt 0.617135 0.860884
vt 0.630016 0.854494
vt 0.924169 0.901932
vt 0.937060 0.911090
vt 0.930809 0.892144
vt 0.943970 0.901193
vt 0.871670 0.869961
vt 0.877042 0.859362
vt 0.732841 0.840627
vt 0.732066 0.829121
vt 0.949344 0.919997
vt 0.961624 0.928693
vt 0.956382 0.909901
vt 0.968525 0.918219
vt 0.647531 0.860047
vt 0.643365 0.849110
vt 0.699963 0.902595
vt 0.775011 0.900611
vt 0.698182 0.894353
vt 0.712033 0.884779
vt 0.717664 0.891834
vt 0.702515 0.887077
vt 0.709325 0.892932
vt 0.432506 0.955111
vt 0.437898 0.960722
vt 0.422938 0.961491
vt 0.424293 0.948999
vt 0.441165 0.965156
vt 0.436891 0.971941
vt 0.435584 0.983269
vt 0.422017 0.983034
vt 0.407491 0.982914
vt 0.406969 0.961267
vt 0.403153 0.939783
vt 0.408819 0.941233
vt 0.415613 0.943955
vt 0.451787 0.963607
vt 0.455305 0.971807
vt 0.448869 0.975161
vt 0.449049 0.967059
vt 0.455369 0.984355
vt 0.448420 0.983847
vt 0.445484 0.983680
vt 0.445897 0.976260
vt 0.446315 0.968846
vt 0.322050 0.955090
vt 0.327689 0.959702
vt 0.312717 0.962689
vt 0.313180 0.949911
vt 0.331046 0.963677
vt 0.327525 0.971835
vt 0.327463 0.984343
vt 0.313929 0.985568
vt 0.299453 0.986991
vt 0.296938 0.963606
vt 0.292138 0.942902
vt 0.296619 0.943549
vt 0.303735 0.945622
vt 0.341674 0.965401
vt 0.345946 0.972049
vt 0.339816 0.975658
vt 0.339147 0.968391
vt 0.347247 0.983253
vt 0.340284 0.983505
vt 0.337347 0.983664
vt 0.336939 0.976354
vt 0.336525 0.969050
vt 0.379693 0.939747
vt 0.375870 0.961259
vt 0.359902 0.961528
vt 0.374027 0.941204
vt 0.375340 0.982908
vt 0.360815 0.983023
vt 0.344943 0.960872
vt 0.350335 0.955154
vt 0.358550 0.948994
vt 0.367232 0.943939
vt 0.391423 0.937681
vt 0.391420 0.960279
vt 0.385238 0.960617
vt 0.385747 0.938378
vt 0.391416 0.982876
vt 0.385184 0.982880
vt 0.397601 0.960629
vt 0.397099 0.938402
vt 0.397648 0.982882
vt 0.490683 0.942910
vt 0.485889 0.963609
vt 0.470110 0.962686
vt 0.486202 0.943556
vt 0.483379 0.986995
vt 0.468903 0.985576
vt 0.455139 0.959675
vt 0.460775 0.955088
vt 0.469643 0.949917
vt 0.479087 0.945628
vt 0.493248 0.942641
vt 0.495488 0.960484
vt 0.495975 0.942526
vt 0.500259 0.942542
vt 0.504789 0.942844
vt 0.501997 0.963821
vt 0.499368 0.988693
vt 0.493166 0.988027
vt 0.289667 0.988025
vt 0.287338 0.960482
vt 0.283465 0.988693
vt 0.280830 0.963822
vt 0.278033 0.942845
vt 0.282562 0.942542
vt 0.286846 0.942524
vt 0.289573 0.942636
vt 0.443021 0.975539
vt 0.442547 0.983522
vt 0.443695 0.968136
vt 0.334412 0.983831
vt 0.333964 0.975221
vt 0.333787 0.967193
vt 0.687548 0.881040
vt 0.690204 0.878699
vt 0.693925 0.877500
vt 0.692566 0.878575
vt 0.683775 0.881878
vt 0.684036 0.884377
vt 0.694913 0.889447
vt 0.702997 0.893779
vt 0.736497 0.900532
vt 0.810897 0.887342
vt 0.814753 0.886267
vt 0.814053 0.892074
vt 0.809100 0.889802
vt 0.809748 0.881317
vt 0.809563 0.883873
vt 0.740141 0.878749
vt 0.742499 0.887624
vt 0.753035 0.878845
vt 0.750730 0.887608
vt 0.746690 0.877395
vt 0.746633 0.887226
vt 0.371413 0.788459
vt 0.372285 0.819919
vt 0.367595 0.819263
vt 0.366580 0.788492
vt 0.369751 0.881172
vt 0.374031 0.883408
vt 0.368044 0.907130
vt 0.365191 0.903387
vt 0.294074 0.851685
vt 0.289415 0.853139
vt 0.290758 0.820767
vt 0.295500 0.820049
vt 0.373769 0.851715
vt 0.369212 0.850270
vt 0.286112 0.663243
vt 0.289439 0.664407
vt 0.282856 0.690489
vt 0.279097 0.691868
vt 0.280572 0.820286
vt 0.284527 0.820924
vt 0.283035 0.854268
vt 0.279195 0.852997
vt 0.289075 0.915244
vt 0.307505 0.925320
vt 0.306701 0.927884
vt 0.285678 0.916543
vt 0.282832 0.724546
vt 0.279025 0.725774
vt 0.294939 0.669995
vt 0.310037 0.659445
vt 0.311120 0.664893
vt 0.297783 0.673720
vt 0.291188 0.789131
vt 0.296018 0.789107
vt 0.331027 0.662540
vt 0.330914 0.656881
vt 0.352022 0.658576
vt 0.351146 0.664150
vt 0.282588 0.888715
vt 0.278787 0.887274
vt 0.332058 0.927041
vt 0.332163 0.929820
vt 0.284307 0.757527
vt 0.280382 0.758174
vt 0.293704 0.727178
vt 0.289120 0.725708
vt 0.288920 0.693777
vt 0.293224 0.696031
vt 0.367707 0.668480
vt 0.364939 0.672238
vt 0.330718 0.647901
vt 0.330781 0.650652
vt 0.306844 0.653788
vt 0.305927 0.651341
vt 0.285005 0.789157
vt 0.280970 0.789170
vt 0.368490 0.726214
vt 0.373102 0.724699
vt 0.371883 0.756877
vt 0.367161 0.757591
vt 0.331642 0.915043
vt 0.331834 0.920754
vt 0.310469 0.919340
vt 0.311292 0.913699
vt 0.355016 0.652701
vt 0.378089 0.756714
vt 0.377593 0.788422
vt 0.373102 0.662810
vt 0.380023 0.852846
vt 0.380068 0.886672
vt 0.379421 0.689037
vt 0.373236 0.692322
vt 0.373572 0.912723
vt 0.290487 0.757654
vt 0.379441 0.723511
vt 0.356144 0.923531
vt 0.352867 0.917859
vt 0.294507 0.909471
vt 0.288799 0.885450
vt 0.378445 0.820018
vt 0.368850 0.694557
vt 0.297279 0.905662
vt 0.383806 0.851613
vt 0.382357 0.819357
vt 0.376906 0.913872
vt 0.383806 0.885291
vt 0.381624 0.788401
vt 0.295189 0.758338
vt 0.351713 0.912363
vt 0.382034 0.757344
vt 0.293204 0.883217
vt 0.383206 0.690455
vt 0.383285 0.724743
vt 0.357094 0.925983
vt 0.376458 0.661548
vt 0.355839 0.650180
vt 0.393381 0.801834
vt 0.391469 0.794983
vt 0.398555 0.801834
vt 0.395968 0.803324
vt 0.390493 0.781126
vt 0.400467 0.794983
vt 0.389058 0.766328
vt 0.401065 0.781126
vt 0.386226 0.756664
vt 0.399856 0.766328
vt 0.384526 0.750526
vt 0.397024 0.756664
vt 0.386226 0.744389
vt 0.395324 0.750526
vt 0.389058 0.734725
vt 0.397023 0.744389
vt 0.390493 0.719927
vt 0.399856 0.734725
vt 0.391469 0.706069
vt 0.401065 0.719927
vt 0.393381 0.699218
vt 0.400467 0.706069
vt 0.395968 0.697728
vt 0.398555 0.699218
vt 0.725913 0.891082
vt 0.727073 0.895107
vt 0.718028 0.895685
vt 0.717665 0.891844
vt 0.708902 0.896377
vt 0.709327 0.892941
vt 0.746633 0.887231
vt 0.746638 0.891650
vt 0.743392 0.891255
vt 0.742500 0.887629
vt 0.740485 0.893727
vt 0.737703 0.889120
vt 0.758629 0.894696
vt 0.766271 0.895015
vt 0.752811 0.893711
vt 0.755594 0.889098
vt 0.760963 0.890243
vt 0.767401 0.890967
vt 0.784127 0.892698
vt 0.784568 0.896151
vt 0.775362 0.895525
vt 0.775696 0.891660
vt 0.749877 0.891241
vt 0.750728 0.887614
vt 0.734692 0.894737
vt 0.732338 0.890304
vt 0.792520 0.897350
vt 0.790587 0.893508
vt 0.701062 0.897619
vt 0.702997 0.893785
s 1
usemtl Material.002
f 332/448/274 493/449/275 747/450/276 492/451/277
f 493/449/275 334/452/278 589/453/279 747/450/276
f 747/450/276 589/453/279 335/454/280 541/455/281
f 492/451/277 747/450/276 541/455/281 333/456/282
f 334/452/278 590/457/283 748/458/284 589/453/279
f 590/457/283 336/459/285 675/460/286 748/458/284
f 748/458/284 675/460/286 337/461/287 703/462/288
f 589/453/279 748/458/284 703/462/288 335/454/280
f 336/459/285 695/463/289 749/464/290 675/460/286
f 695/463/289 338/465/291 494/466/292 749/464/290
f 749/464/290 494/466/292 339/467/293 637/468/294
f 675/460/286 749/464/290 637/468/294 337/461/287
f 338/465/291 495/469/295 750/470/296 494/466/292
f 495/469/295 344/471/297 640/472/298 750/470/296
f 750/470/296 640/472/298 346/473/299 543/474/300
f 494/466/292 750/470/296 543/474/300 339/467/293
f 333/456/282 583/475/301 751/476/302 665/477/303
f 434/478/304 629/479/305 751/476/302 583/475/301
f 433/480/306 665/477/303 751/476/302 629/479/305
f 335/454/280 703/462/288 752/481/307 638/482/308
f 703/462/288 337/461/287 657/483/309 752/481/307
f 752/481/307 657/483/309 342/484/310 639/485/311
f 638/482/308 752/481/307 639/485/311 341/486/312
f 337/461/287 637/468/294 753/487/313 657/483/309
f 637/468/294 339/467/293 542/488/314 753/487/313
f 753/487/313 542/488/314 343/489/315 693/490/316
f 657/483/309 753/487/313 693/490/316 342/484/310
f 339/467/293 543/474/300 754/491/317 542/488/314
f 543/474/300 346/473/299 548/492/318 754/491/317
f 754/491/317 548/492/318 363/493/319 596/494/320
f 542/488/314 754/491/317 596/494/320 343/489/315
f 340/495/321 591/496/322 755/497/323 609/498/324
f 591/496/322 341/486/312 653/499/325 755/497/323
f 755/497/323 653/499/325 392/500/326 561/501/327
f 609/498/324 755/497/323 561/501/327 391/502/328
f 341/486/312 639/485/311 756/503/329 653/499/325
f 639/485/311 342/484/310 616/504/330 756/503/329
f 756/503/329 616/504/330 393/505/331 698/506/332
f 653/499/325 756/503/329 698/506/332 392/500/326
f 342/484/310 693/490/316 757/507/333 616/504/330
f 693/490/316 343/489/315 610/508/334 757/507/333
f 757/507/333 610/508/334 394/509/335 512/510/336
f 616/504/330 757/507/333 512/510/336 393/505/331
f 343/489/315 596/494/320 758/511/337 610/508/334
f 596/494/320 363/493/319 513/512/338 758/511/337
f 758/511/337 513/512/338 395/513/339 562/514/340
f 610/508/334 758/511/337 562/514/340 394/509/335
f 344/471/297 641/515/341 759/516/342 640/472/298
f 641/515/341 349/517/343 496/518/344 759/516/342
f 759/516/342 496/518/344 351/519/345 545/520/346
f 640/472/298 759/516/342 545/520/346 346/473/299
f 349/517/343 656/521/347 760/522/348 496/518/344
f 656/521/347 354/523/349 643/524/350 760/522/348
f 760/522/348 643/524/350 356/525/351 696/526/352
f 496/518/344 760/522/348 696/526/352 351/519/345
f 354/527/349 644/528/353 761/529/354 643/530/350
f 644/528/353 358/531/355 645/532/356 761/529/354
f 761/529/354 645/532/356 361/533/357 547/534/358
f 643/530/350 761/529/354 547/534/358 356/535/351
f 358/531/355 648/536/359 762/537/360 645/532/356
f 648/536/359 368/538/361 552/539/362 762/537/360
f 762/537/360 552/539/362 369/540/363 600/541/364
f 645/532/356 762/537/360 600/541/364 361/533/357
f 346/473/299 545/520/346 763/542/365 548/492/318
f 545/520/346 351/519/345 597/543/366 763/542/365
f 763/542/365 597/543/366 365/544/367 501/545/368
f 548/492/318 763/542/365 501/545/368 363/493/319
f 351/519/345 696/526/352 764/546/369 597/543/366
f 696/526/352 356/525/351 550/547/370 764/546/369
f 764/546/369 550/547/370 366/548/371 697/549/372
f 597/543/366 764/546/369 697/549/372 365/544/367
f 356/535/351 547/534/358 765/550/373 550/551/370
f 547/534/358 361/533/357 599/552/374 765/550/373
f 765/550/373 599/552/374 367/553/375 551/554/376
f 550/551/370 765/550/373 551/554/376 366/555/371
f 361/533/357 600/541/364 766/556/377 599/552/374
f 600/541/364 369/540/363 602/557/378 766/556/377
f 766/556/377 602/557/378 376/558/379 503/559/380
f 599/552/374 766/556/377 503/559/380 367/553/375
f 363/493/319 501/545/368 767/560/381 513/512/338
f 501/545/368 365/544/367 613/561/382 767/560/381
f 767/560/381 613/561/382 465/562/383 539/563/384
f 513/512/338 767/560/381 539/563/384 395/513/339
f 365/544/367 697/549/372 768/564/385 613/561/382
f 697/549/372 366/548/371 566/565/386 768/564/385
f 768/564/385 566/565/386 456/566/387 685/567/388
f 613/561/382 768/564/385 685/567/388 465/562/383
f 366/555/371 551/554/376 769/568/389 566/569/386
f 551/554/376 367/553/375 520/570/390 769/568/389
f 769/568/389 520/570/390 457/571/391 540/572/392
f 566/569/386 769/568/389 540/572/392 456/573/387
f 367/553/375 503/559/380 770/574/393 520/570/390
f 503/559/380 376/558/379 659/575/394 770/574/393
f 770/574/393 659/575/394 415/576/395 621/577/396
f 520/570/390 770/574/393 621/577/396 457/571/391
f 368/538/361 553/578/397 771/579/398 552/539/362
f 553/578/397 370/580/399 649/581/400 771/579/398
f 771/579/398 649/581/400 371/582/401 601/583/402
f 552/539/362 771/579/398 601/583/402 369/540/363
f 370/580/399 650/584/403 772/585/404 649/581/400
f 650/584/403 373/586/405 554/587/406 772/585/404
f 772/585/404 554/587/406 372/588/407 502/589/408
f 649/581/400 772/585/404 502/589/408 371/582/401
f 373/586/405 705/590/409 773/591/410 554/587/406
f 705/590/409 374/592/411 555/593/412 773/591/410
f 773/591/410 555/593/412 375/594/413 635/595/414
f 554/587/406 773/591/410 635/595/414 372/588/407
f 374/592/411 557/596/415 774/597/416 555/593/412
f 557/596/415 380/598/417 507/599/418 774/597/416
f 774/597/416 507/599/418 381/600/419 604/601/420
f 555/593/412 774/597/416 604/601/420 375/594/413
f 369/540/363 601/583/402 775/602/421 602/557/378
f 601/583/402 371/582/401 504/603/422 775/602/421
f 775/602/421 504/603/422 377/604/423 651/605/424
f 602/557/378 775/602/421 651/605/424 376/558/379
f 371/582/401 502/589/408 776/606/425 504/603/422
f 502/589/408 372/588/407 556/607/426 776/606/425
f 776/606/425 556/607/426 378/608/427 505/609/428
f 504/603/422 776/606/425 505/609/428 377/604/423
f 372/588/407 635/595/414 777/610/429 556/607/426
f 635/595/414 375/594/413 603/611/430 777/610/429
f 777/610/429 603/611/430 379/612/431 689/613/432
f 556/607/426 777/610/429 689/613/432 378/608/427
f 379/612/431 603/611/430 778/614/433 678/615/434
f 603/611/430 375/594/413 666/616/435 778/614/433
f 778/614/433 666/616/435 438/617/436 679/618/437
f 678/615/434 778/614/433 679/618/437 441/619/438
f 376/558/379 651/605/424 779/620/439 659/575/394
f 651/605/424 377/604/423 523/621/440 779/620/439
f 779/620/439 523/621/440 414/622/441 527/623/442
f 659/575/394 779/620/439 527/623/442 415/576/395
f 377/604/423 505/609/428 780/624/443 523/621/440
f 505/609/428 378/608/427 691/625/444 780/624/443
f 780/624/443 691/625/444 413/626/445 700/627/446
f 523/621/440 780/624/443 700/627/446 414/622/441
f 378/608/427 689/613/432 781/628/447 691/625/444
f 689/613/432 379/612/431 658/629/448 781/628/447
f 781/628/447 658/629/448 412/630/449 522/631/450
f 691/625/444 781/628/447 522/631/450 413/626/445
f 379/612/431 652/632/451 782/633/452 658/629/448
f 652/632/451 387/634/453 521/635/454 782/633/452
f 782/633/452 521/635/454 411/636/455 510/637/456
f 658/629/448 782/633/452 510/637/456 412/630/449
f 380/598/417 508/638/457 783/639/458 507/599/418
f 508/638/457 382/640/459 605/641/460 783/639/458
f 783/639/458 605/641/460 383/642/461 558/643/462
f 507/599/418 783/639/458 558/643/462 381/600/419
f 383/642/461 605/641/460 784/644/463 667/645/464
f 382/640/459 606/646/465 784/644/463 605/641/460
f 384/647/466 535/648/467 784/644/463 606/646/465
f 442/649/468 674/650/469 784/644/463 535/648/467
f 443/651/470 667/645/464 784/644/463 674/650/469
f 442/649/468 535/648/467 785/652/471 692/653/472
f 384/647/466 690/654/473 785/652/471 535/648/467
f 385/655/474 607/656/475 785/652/471 690/654/473
f 386/657/476 668/658/477 785/652/471 607/656/475
f 444/659/478 692/653/472 785/652/471 668/658/477
f 385/655/474 509/660/479 786/661/480 607/656/475
f 509/660/479 332/448/274 492/451/277 786/661/480
f 786/661/480 492/451/277 333/456/282 559/662/481
f 607/656/475 786/661/480 559/662/481 386/657/476
f 452/663/482 681/664/483 878/665/484 848/666/485
f 435/667/486 636/668/487 869/669/488 868/670/486
f 390/671/489 706/672/490 881/673/491 846/674/492
f 598/675/493 449/676/494 853/677/495 858/678/496
f 440/679/497 584/680/498 787/681/499 746/682/500
f 584/680/498 381/600/419 558/643/462 787/681/499
f 787/681/499 558/643/462 383/642/461 669/683/501
f 746/682/500 787/681/499 669/683/501 445/684/502
f 341/486/503 591/496/504 855/685/505 856/686/503
f 436/687/506 673/688/507 876/689/508 862/690/509
f 706/672/490 389/691/510 850/692/511 881/673/491
f 445/684/502 669/683/501 788/693/512 585/694/513
f 669/683/501 383/642/461 667/645/464 788/693/512
f 788/693/512 667/645/464 443/651/470 537/695/514
f 585/694/513 788/693/512 537/695/514 447/696/515
f 444/659/478 668/658/477 789/697/516 670/698/517
f 668/658/477 386/657/476 671/699/518 789/697/516
f 789/697/516 671/699/518 451/700/519 588/701/520
f 670/698/517 789/697/516 588/701/520 450/702/521
f 446/703/522 598/675/493 858/678/496 857/704/523
f 591/496/504 340/495/524 854/705/525 855/685/505
f 388/706/526 511/707/527 844/708/528 845/709/529
f 673/688/507 435/667/530 868/670/531 876/689/508
f 386/657/476 559/662/481 790/710/532 671/699/518
f 559/662/481 333/456/282 665/477/303 790/710/532
f 790/710/532 665/477/303 433/480/306 536/711/533
f 671/699/518 790/710/532 536/711/533 451/700/519
f 453/712/534 672/713/535 874/714/536 875/715/537
f 511/707/527 387/634/538 843/716/539 844/708/528
f 672/713/535 452/663/482 848/666/485 874/714/536
f 379/612/540 678/615/541 877/717/542 871/718/540
f 387/634/453 511/707/543 791/719/544 521/635/454
f 511/707/543 388/706/545 567/720/546 791/719/544
f 791/719/544 567/720/546 460/721/547 570/722/548
f 521/635/454 791/719/544 570/722/548 411/636/455
f 388/706/545 560/723/549 792/724/550 567/720/546
f 560/723/549 389/691/551 614/725/552 792/724/550
f 792/724/550 614/725/552 463/726/553 618/727/554
f 567/720/546 792/724/550 618/727/554 460/721/547
f 389/691/551 706/672/555 793/728/556 614/725/552
f 706/672/555 390/671/557 514/729/558 793/728/556
f 793/728/556 514/729/558 464/730/559 704/731/560
f 614/725/552 793/728/556 704/731/560 463/726/553
f 390/671/557 608/732/561 794/733/562 514/729/558
f 608/732/561 340/495/321 609/498/324 794/733/562
f 794/733/562 609/498/324 391/502/328 563/734/563
f 514/729/558 794/733/562 563/734/563 464/730/559
f 391/502/328 561/501/327 795/735/564 563/734/563
f 561/501/327 392/500/326 611/736/565 795/735/564
f 795/735/564 611/736/565 458/737/566 654/738/567
f 563/734/563 795/735/564 654/738/567 464/730/559
f 392/500/326 698/506/332 796/739/568 611/736/565
f 698/506/332 393/505/331 515/740/569 796/739/568
f 796/739/568 515/740/569 459/741/570 565/742/571
f 611/736/565 796/739/568 565/742/571 458/737/566
f 393/505/331 512/510/336 797/743/572 515/740/569
f 512/510/336 394/509/335 564/744/573 797/743/572
f 797/743/572 564/744/573 462/745/574 612/746/575
f 515/740/569 797/743/572 612/746/575 459/741/570
f 394/509/335 562/514/340 798/747/576 564/744/573
f 562/514/340 395/513/339 539/563/384 798/747/576
f 798/747/576 539/563/384 465/562/383 655/748/577
f 564/744/573 798/747/576 655/748/577 462/745/574
f 396/749/578 717/750/579 799/751/580 721/752/581
f 717/750/579 397/753/582 683/754/583 799/751/580
f 799/751/580 683/754/583 402/755/584 615/756/585
f 721/752/581 799/751/580 615/756/585 401/757/586
f 397/753/582 712/758/587 800/759/588 683/754/583
f 712/758/587 398/760/589 682/761/590 800/759/588
f 800/759/588 682/761/590 403/762/591 684/763/592
f 683/754/583 800/759/588 684/763/592 402/755/584
f 398/760/589 715/764/593 801/765/594 682/761/590
f 715/764/593 399/766/595 707/767/596 801/765/594
f 801/765/594 707/767/596 404/768/597 516/769/598
f 682/761/590 801/765/594 516/769/598 403/762/591
f 399/766/595 718/770/599 802/771/600 707/767/596
f 718/770/599 400/772/601 719/773/602 802/771/600
f 802/771/600 719/773/602 405/774/603 617/775/604
f 707/767/596 802/771/600 617/775/604 404/768/597
f 401/757/586 615/756/585 803/776/605 716/777/606
f 615/756/585 402/755/584 517/778/607 803/776/605
f 803/776/605 517/778/607 461/779/608 713/780/609
f 716/777/606 803/776/605 713/780/609 406/781/610
f 402/755/584 684/763/592 804/782/611 517/778/607
f 684/763/592 403/762/591 518/783/612 804/782/611
f 804/782/611 518/783/612 454/784/613 720/785/614
f 517/778/607 804/782/611 720/785/614 461/779/608
f 403/762/591 516/769/598 805/786/615 518/783/612
f 516/769/598 404/768/597 619/787/616 805/786/615
f 805/786/615 619/787/616 409/788/617 710/789/618
f 518/783/612 805/786/615 710/789/618 454/784/613
f 404/768/597 617/775/604 806/790/619 619/787/616
f 617/775/604 405/774/603 711/791/620 806/790/619
f 806/790/619 711/791/620 410/792/621 714/793/622
f 619/787/616 806/790/619 714/793/622 409/788/617
f 460/721/547 568/794/623 807/795/624 570/722/548
f 568/794/623 407/796/625 620/797/626 807/795/624
f 807/795/624 620/797/626 412/630/449 510/637/456
f 570/722/548 807/795/624 510/637/456 411/636/455
f 407/796/625 699/798/627 808/799/628 620/797/626
f 699/798/627 408/800/629 686/801/630 808/799/628
f 808/799/628 686/801/630 413/626/445 522/631/450
f 620/797/626 808/799/628 522/631/450 412/630/449
f 408/800/629 519/802/631 809/803/632 686/801/630
f 519/802/631 455/804/633 571/805/634 809/803/632
f 809/803/632 571/805/634 414/622/441 700/627/446
f 686/801/630 809/803/632 700/627/446 413/626/445
f 455/804/633 569/806/635 810/807/636 571/805/634
f 569/806/635 457/571/391 621/577/396 810/807/636
f 810/807/636 621/577/396 415/576/395 527/623/442
f 571/805/634 810/807/636 527/623/442 414/622/441
f 368/538/361 648/536/359 811/808/637 576/809/638
f 648/536/359 358/531/355 662/810/639 811/808/637
f 811/808/637 662/810/639 423/811/640 625/812/641
f 576/809/638 811/808/637 625/812/641 424/813/642
f 344/471/297 495/469/295 812/814/643 660/815/644
f 495/469/295 338/465/291 525/816/645 812/814/643
f 812/814/643 525/816/645 419/817/646 574/818/647
f 660/815/644 812/814/643 574/818/647 420/819/648
f 385/655/474 690/654/473 813/820/649 628/821/650
f 690/654/473 384/647/466 531/822/651 813/820/649
f 813/820/649 531/822/651 430/823/652 709/824/653
f 628/821/650 813/820/649 709/824/653 431/825/654
f 358/531/355 644/528/353 814/826/655 662/810/639
f 644/528/353 354/527/349 661/827/656 814/826/655
f 814/826/655 661/827/656 422/828/657 575/829/658
f 662/810/639 814/826/655 575/829/658 423/811/640
f 380/598/417 557/596/415 815/830/659 529/831/660
f 557/596/415 374/592/411 577/832/661 815/830/659
f 815/830/659 577/832/661 427/833/662 664/834/663
f 529/831/660 815/830/659 664/834/663 428/835/664
f 382/640/459 508/638/457 816/836/665 627/837/666
f 508/638/457 380/598/417 529/831/660 816/836/665
f 816/836/665 529/831/660 428/835/664 530/838/667
f 627/837/666 816/836/665 530/838/667 429/839/668
f 336/459/285 590/457/283 817/840/669 573/841/670
f 590/457/283 334/452/278 622/842/671 817/840/669
f 817/840/669 622/842/671 417/843/672 623/844/673
f 573/841/670 817/840/669 623/844/673 418/845/674
f 370/580/399 553/578/397 818/846/675 663/847/676
f 553/578/397 368/538/361 576/809/638 818/846/675
f 818/846/675 576/809/638 424/813/642 544/848/677
f 663/847/676 818/846/675 544/848/677 425/849/678
f 334/452/278 493/449/275 819/850/679 622/842/671
f 493/449/275 332/448/274 524/851/680 819/850/679
f 819/850/679 524/851/680 416/852/681 572/853/682
f 622/842/671 819/850/679 572/853/682 417/843/672
f 332/448/274 509/660/479 820/854/683 524/851/680
f 509/660/479 385/655/474 628/821/650 820/854/683
f 820/854/683 628/821/650 431/825/654 579/855/684
f 524/851/680 820/854/683 579/855/684 416/852/681
f 373/586/405 650/584/403 821/856/685 626/857/686
f 650/584/403 370/580/399 663/847/676 821/856/685
f 821/856/685 663/847/676 425/849/678 528/858/687
f 626/857/686 821/856/685 528/858/687 426/859/688
f 349/517/343 641/515/341 822/860/689 526/861/690
f 641/515/341 344/471/297 660/815/644 822/860/689
f 822/860/689 660/815/644 420/819/648 624/862/691
f 526/861/690 822/860/689 624/862/691 421/863/692
f 338/465/291 695/463/289 823/864/693 525/816/645
f 695/463/289 336/459/285 573/841/670 823/864/693
f 823/864/693 573/841/670 418/845/674 694/865/694
f 525/816/645 823/864/693 694/865/694 419/817/646
f 384/647/466 606/646/465 824/866/695 531/822/651
f 606/646/465 382/640/459 627/837/666 824/866/695
f 824/866/695 627/837/666 429/839/668 578/867/696
f 531/822/651 824/866/695 578/867/696 430/823/652
f 354/523/349 656/521/347 825/868/697 661/869/656
f 656/521/347 349/517/343 526/861/690 825/868/697
f 825/868/697 526/861/690 421/863/692 708/870/698
f 661/869/656 825/868/697 708/870/698 422/871/657
f 374/592/411 705/590/409 826/872/699 577/832/661
f 705/590/409 373/586/405 626/857/686 826/872/699
f 826/872/699 626/857/686 426/859/688 701/873/700
f 577/832/661 826/872/699 701/873/700 427/833/662
f 387/634/538 652/632/701 872/874/702 843/716/539
f 608/732/703 390/671/489 846/674/492 860/875/704
f 678/615/541 441/619/705 865/876/705 877/717/542
f 652/632/701 379/612/706 871/718/706 872/874/702
f 340/495/524 608/732/703 860/875/704 854/705/525
f 633/877/707 446/703/522 857/704/523 866/878/708
f 439/879/709 633/877/707 866/878/708 863/880/710
f 439/881/709 632/882/711 827/883/712 633/884/707
f 441/885/713 534/886/714 827/883/712 632/882/711
f 345/887/715 498/888/716 827/883/712 534/886/714
f 355/889/717 538/890/718 827/883/712 498/888/716
f 449/891/494 598/892/493 827/883/712 538/890/718
f 446/893/522 633/884/707 827/883/712 598/892/493
f 437/894/719 631/895/720 828/896/721 532/897/722
f 631/895/720 347/898/723 595/899/724 828/896/721
f 828/896/725 595/899/726 362/900/726 680/901/727
f 532/897/728 828/896/725 680/901/727 438/902/728
f 433/903/729 629/904/730 829/905/731 536/906/732
f 434/907/733 506/908/734 829/905/731 629/904/730
f 350/909/735 546/910/736 829/905/731 506/908/734
f 360/911/737 587/912/738 829/905/731 546/910/736
f 450/913/739 588/914/740 829/905/731 587/912/738
f 451/915/741 536/906/732 829/905/731 588/914/740
f 435/916/530 647/917/742 830/918/743 582/919/744
f 647/917/742 348/920/745 646/921/746 830/918/743
f 830/918/747 646/921/748 364/922/748 580/923/749
f 582/919/750 830/918/747 580/923/749 432/924/750
f 453/925/534 676/926/751 831/927/752 672/928/535
f 352/929/753 642/930/754 831/927/752 676/926/751
f 348/920/745 647/917/742 831/927/752 642/930/754
f 435/916/530 673/931/507 831/927/752 647/917/742
f 436/932/506 681/933/483 831/927/752 673/931/507
f 452/934/482 672/928/535 831/927/752 681/933/483
f 448/935/755 702/936/756 832/937/757 688/938/758
f 702/936/756 353/939/759 497/940/760 832/937/757
f 832/937/757 497/940/760 352/929/753 676/926/751
f 688/938/758 832/937/757 676/926/751 453/925/534
f 449/891/494 538/890/718 833/941/761 586/942/762
f 538/890/718 355/889/717 592/943/763 833/941/761
f 833/941/761 592/943/763 353/939/764 702/936/765
f 586/942/762 833/941/761 702/936/765 448/935/766
f 447/944/767 634/945/768 834/946/769 585/947/770
f 357/948/771 593/949/772 834/946/769 634/945/768
f 347/898/723 631/895/720 834/946/769 593/949/772
f 437/894/719 533/950/773 834/946/769 631/895/720
f 440/951/774 746/952/775 834/946/769 533/950/773
f 445/953/776 585/947/770 834/946/769 746/952/775
f 447/944/767 537/954/777 835/955/778 634/945/768
f 443/956/779 674/957/780 835/955/778 537/954/777
f 442/958/781 687/959/782 835/955/778 674/957/780
f 359/960/783 594/961/784 835/955/778 687/959/782
f 357/948/771 634/945/768 835/955/778 594/961/784
f 360/911/737 499/962/785 836/963/786 587/912/738
f 359/964/787 687/965/788 836/963/786 499/962/785
f 442/966/789 692/967/790 836/963/786 687/965/788
f 444/968/791 670/969/792 836/963/786 692/967/790
f 450/913/739 587/912/738 836/963/786 670/969/792
f 345/887/715 534/886/714 837/970/793 500/971/794
f 534/886/714 441/885/713 679/972/795 837/970/793
f 837/970/796 679/972/797 438/902/797 680/901/798
f 500/971/799 837/970/796 680/901/798 362/900/799
f 364/922/800 549/973/800 838/974/801 580/923/802
f 549/973/803 350/909/735 506/908/734 838/974/804
f 838/974/804 506/908/734 434/907/733 581/975/805
f 580/923/802 838/974/801 581/975/806 432/924/806
f 437/976/807 677/977/808 839/978/809 533/979/810
f 381/600/419 584/680/498 839/978/809 677/977/808
f 440/679/497 533/979/810 839/978/809 584/680/498
f 375/594/413 604/601/420 840/980/811 666/616/435
f 604/601/420 381/600/419 677/977/808 840/980/811
f 840/980/811 677/977/808 437/976/807 532/981/812
f 666/616/435 840/980/811 532/981/812 438/617/436
f 441/619/713 632/982/711 864/983/813 865/876/814
f 389/691/510 560/723/815 849/984/816 850/692/511
f 632/982/711 439/879/709 863/880/710 864/983/813
f 560/723/815 388/706/526 845/709/529 849/984/816
f 432/985/817 630/986/818 841/987/819 582/988/820
f 630/986/818 335/454/280 638/482/308 841/987/819
f 841/987/819 638/482/308 341/486/312 636/668/821
f 582/988/820 841/987/819 636/668/821 435/667/822
f 434/478/304 583/475/301 842/989/823 581/990/824
f 583/475/301 333/456/282 541/455/281 842/989/823
f 842/989/823 541/455/281 335/454/280 630/986/818
f 581/990/824 842/989/823 630/986/818 432/985/817
f 449/676/494 586/991/762 852/992/825 853/677/495
f 688/993/758 453/712/534 875/715/537 879/994/826
f 586/991/762 448/995/766 851/996/827 852/992/825
f 681/664/483 436/687/506 862/690/509 878/665/484
f 478/997/828 744/998/829 720/999/830 454/1000/828
f 713/1001/831 737/1002/832 484/1003/833 406/1004/833
f 397/1005/834 482/1006/835 736/1007/836 712/1008/837
f 720/999/830 744/998/829 485/1009/838 461/1010/839
f 465/1011/840 477/1012/840 730/1013/841 655/1014/842
f 565/1015/843 724/1016/844 470/1017/845 458/1018/846
f 476/1019/847 733/1020/847 704/1021/847 464/1022/847
f 655/1014/842 730/1013/841 474/1023/848 462/1024/849
f 489/1025/850 743/1026/851 719/1027/852 400/1028/850
f 712/1008/837 736/1007/836 483/1029/853 398/1030/853
f 405/1031/854 480/1032/854 735/1033/855 711/1034/856
f 719/1027/852 743/1026/851 480/1032/854 405/1031/854
f 458/1018/846 470/1017/845 729/1035/857 654/1036/858
f 704/1021/859 733/1020/859 475/1037/860 463/1038/860
f 462/1024/849 474/1023/848 727/1039/861 612/1040/862
f 654/1036/858 729/1035/857 476/1019/863 464/1022/863
f 399/1041/864 486/1042/865 742/1043/866 718/1044/867
f 711/1034/856 735/1033/855 481/1045/868 410/1046/868
f 456/1047/869 468/1048/869 731/1049/870 685/1050/870
f 612/1040/862 727/1039/861 471/1051/871 459/1052/871
f 409/1053/872 479/1054/873 734/1055/874 710/1056/875
f 718/1044/867 742/1043/866 489/1025/876 400/1028/876
f 401/1057/877 487/1058/877 745/1059/878 721/1060/879
f 710/1056/875 734/1055/874 478/997/828 454/1000/828
f 480/1032/880 468/1048/880 723/1061/881 735/1033/882
f 734/1055/883 722/1062/884 466/1063/885 478/997/885
f 482/1006/886 470/1017/887 724/1016/888 736/1007/889
f 735/1033/882 723/1061/881 469/1064/890 481/1045/891
f 485/1009/892 473/1065/893 725/1066/894 737/1002/895
f 736/1007/889 724/1016/888 471/1051/896 483/1029/896
f 469/1064/890 726/1067/897 738/1068/898 481/1045/891
f 737/1002/895 725/1066/894 472/1069/899 484/1003/900
f 471/1051/896 727/1039/901 739/1070/902 483/1029/896
f 738/1068/898 726/1067/897 467/1071/903 479/1054/904
f 472/1069/899 728/1072/905 740/1073/906 484/1003/900
f 739/1070/902 727/1039/901 474/1023/907 486/1042/908
f 488/1074/909 476/1019/910 729/1035/911 741/1075/912
f 740/1073/906 728/1072/905 475/1037/913 487/1058/913
f 474/1023/907 730/1013/914 742/1043/915 486/1042/908
f 741/1075/912 729/1035/911 470/1017/887 482/1006/886
f 477/1012/916 731/1049/917 743/1026/918 489/1025/919
f 742/1043/915 730/1013/914 477/1012/916 489/1025/919
f 466/1063/885 732/1076/920 744/998/921 478/997/885
f 743/1026/918 731/1049/917 468/1048/880 480/1032/880
f 475/1037/913 733/1020/922 745/1059/923 487/1058/913
f 744/998/921 732/1076/920 473/1065/893 485/1009/892
f 471/1051/871 724/1016/844 565/1015/843 459/1052/871
f 745/1059/923 733/1020/922 476/1019/910 488/1074/909
f 481/1045/924 738/1068/925 714/1077/926 410/1046/924
f 721/1060/879 745/1059/878 488/1074/927 396/1078/927
f 407/1079/928 473/1065/929 732/1076/930 699/1080/931
f 685/1050/932 731/1049/932 477/1012/932 465/1011/932
f 460/1081/933 472/1069/933 725/1066/934 568/1082/935
f 699/1080/931 732/1076/930 466/1063/936 408/1083/936
f 483/1029/853 739/1070/937 715/1084/938 398/1030/853
f 714/1077/926 738/1068/925 479/1054/873 409/1053/872
f 484/1003/939 740/1073/940 716/1085/941 406/1004/939
f 715/1084/938 739/1070/937 486/1042/865 399/1041/864
f 466/1063/936 722/1062/942 519/1086/943 408/1083/936
f 568/1082/935 725/1066/934 473/1065/929 407/1079/928
f 488/1074/944 741/1075/945 717/1087/946 396/1078/944
f 716/1085/941 740/1073/940 487/1058/877 401/1057/877
f 467/1071/947 726/1067/948 569/1088/949 455/1089/950
f 519/1086/943 722/1062/942 467/1071/947 455/1089/950
f 475/1037/860 728/1072/951 618/1090/951 463/1038/860
f 569/1088/949 726/1067/948 469/1064/952 457/1091/952
f 469/1064/953 723/1061/953 540/1092/953 457/1091/953
f 618/1090/954 728/1072/954 472/1069/954 460/1081/954
f 479/1054/904 467/1071/903 722/1062/884 734/1055/883
f 717/1087/946 741/1075/945 482/1006/835 397/1005/834
f 540/1092/955 723/1061/955 468/1048/869 456/1047/869
f 485/1009/838 737/1002/832 713/1001/831 461/1010/839
f 595/1093/956 347/1094/956 500/1095/956 362/1096/956
f 347/1094/956 593/1097/956 345/1098/956 500/1095/956
f 593/1097/956 357/1099/956 498/1100/956 345/1098/956
f 357/1099/956 594/1101/956 355/1102/956 498/1100/956
f 594/1101/956 359/1103/956 592/1104/956 355/1102/956
f 359/1103/956 499/1105/956 353/1106/956 592/1104/956
f 499/1105/956 360/1107/956 497/1108/956 353/1106/956
f 360/1107/956 546/1109/956 352/1110/956 497/1108/956
f 546/1109/956 350/1111/956 642/1112/956 352/1110/956
f 350/1111/956 549/1113/956 348/1114/956 642/1112/956
f 549/1113/956 364/1115/956 646/1116/956 348/1114/956
f 857/1117/957 859/1118/958 882/1119/959 866/1120/960
f 859/1118/958 845/709/961 844/708/962 882/1119/959
f 882/1119/959 844/708/962 843/716/963 873/1121/964
f 866/1120/960 882/1119/959 873/1121/964 863/1122/965
f 851/1123/966 867/1124/967 883/1125/968 852/1126/969
f 850/692/970 870/1127/971 883/1125/968 867/1124/967
f 853/1128/972 852/1126/969 883/1125/968 870/1127/971
f 846/674/973 881/673/974 884/1129/975 847/1130/976
f 881/673/974 850/692/970 880/1131/977 884/1129/975
f 884/1129/975 880/1131/977 875/1132/978 874/1133/979
f 847/1130/976 884/1129/975 874/1133/979 848/1134/980
f 862/1135/981 861/1136/982 885/1137/983 878/1138/984
f 861/1136/982 854/705/985 860/875/986 885/1137/983
f 885/1137/983 860/875/986 846/674/973 847/1130/976
f 878/1138/984 885/1137/983 847/1130/976 848/1134/980
f 875/1132/978 880/1131/977 886/1139/987 879/1140/988
f 850/692/970 867/1124/967 886/1139/987 880/1131/977
f 851/1123/966 879/1140/988 886/1139/987 867/1124/967
f 853/1128/972 870/1127/971 887/1141/989 858/1142/990
f 870/1127/971 850/692/970 849/984/991 887/1141/989
f 887/1141/989 849/984/991 845/709/961 859/1118/958
f 858/1142/990 887/1141/989 859/1118/958 857/1117/957
f 868/670/992 869/669/993 888/1143/994 876/1144/995
f 869/669/993 856/686/996 855/685/997 888/1143/994
f 888/1143/994 855/685/997 854/705/985 861/1136/982
f 876/1144/995 888/1143/994 861/1136/982 862/1135/981
f 871/718/998 877/717/999 889/1145/1000 872/874/1001
f 877/717/999 865/876/1002 864/1146/1003 889/1145/1000
f 889/1145/1000 864/1146/1003 863/1122/965 873/1121/964
f 872/874/1001 889/1145/1000 873/1121/964 843/716/963
f 448/995/755 688/993/758 879/994/826 851/996/1004
f 636/668/487 341/486/1005 856/686/1005 869/669/488
o Sphere
v 0.432861 1.414594 -0.095089
v 0.480566 1.317276 -0.137161
v 0.503301 1.206499 -0.157212
v 0.498132 1.093106 -0.152653
v 0.456520 0.959666 -0.115954
v 0.394951 1.431213 -0.061655
v 0.410711 1.436822 -0.075554
v 0.379521 1.435889 -0.048047
v 0.384884 1.445165 -0.052776
v 0.087208 1.515037 0.209752
v 0.013458 1.453012 0.274795
v -0.041786 1.364895 0.323516
v -0.072475 1.258918 0.350581
v -0.076266 1.114488 0.353925
v 0.126867 1.509115 0.174776
v 0.114286 1.522959 0.185871
v 0.142357 1.504806 0.161115
v 0.140375 1.516216 0.162863
v 0.500616 1.173411 0.401895
v 0.509703 1.424650 0.167806
v 0.568970 1.343066 0.193261
v 0.564526 1.279605 0.275376
v 0.500427 1.428192 0.076828
v 0.573545 1.335884 0.099477
v 0.612616 1.228450 0.120963
v 0.482727 1.418123 -0.013777
v 0.549195 1.322101 -0.025241
v 0.583982 1.212193 -0.025644
v 0.582940 1.099288 -0.014731
v 0.542808 0.965197 0.020257
v 0.523420 1.151727 0.357189
v 0.421445 1.476564 0.213923
v 0.498976 1.271440 0.366049
v 0.490557 1.140660 0.400144
v 0.522134 1.436826 0.177889
v 0.581400 1.355243 0.203344
v 0.576957 1.291781 0.285459
v 0.511407 1.283616 0.376132
v 0.433875 1.488741 0.224006
v 0.515689 1.430231 0.193800
v 0.567238 1.359271 0.215940
v 0.563373 1.304074 0.287362
v 0.506359 1.296972 0.366228
v 0.438923 1.475385 0.233911
v 0.491553 1.406588 0.174222
v 0.543101 1.335629 0.196362
v 0.539236 1.280431 0.267784
v 0.482222 1.273329 0.346650
v 0.414787 1.451743 0.214333
v 0.387651 1.459925 0.179448
v 0.424880 1.435593 0.002813
v 0.435199 1.443329 0.068519
v 0.420678 1.445719 0.120426
v 0.405497 1.477479 0.194690
v 0.372932 1.460485 0.165364
v 0.378878 1.473122 0.168148
v 0.405998 1.439760 0.008986
v 0.444966 1.442827 -0.004181
v 0.412489 1.449501 0.006039
v 0.415125 1.446592 0.067115
v 0.456639 1.451798 0.069113
v 0.421969 1.456670 0.066133
v 0.402144 1.447882 0.113155
v 0.441089 1.456138 0.127895
v 0.408726 1.458492 0.113950
v 0.584115 1.214482 0.240942
v 0.611601 1.223524 0.122823
v 0.602231 1.227425 0.161736
v 0.563349 1.186523 0.287424
v 0.598453 1.175176 0.054170
v 0.602058 1.200592 0.069672
v 0.588467 1.092823 0.042504
v 0.548735 0.967865 0.045482
v 0.364213 1.240404 0.433513
v 0.224320 1.333452 0.440658
v 0.118365 1.225218 0.445086
v 0.597570 1.193782 0.078788
v 0.597285 1.219059 0.163152
v 0.580231 1.205929 0.240089
v 0.560130 1.178830 0.285117
v 0.520012 1.144256 0.354871
v 0.486892 1.133251 0.398032
v 0.596480 1.170300 0.065825
v 0.587043 1.090433 0.054617
v 0.548927 0.969635 0.057977
v 0.605537 1.216051 0.127177
v 0.477655 1.180083 0.422146
v 0.333669 1.475803 0.323056
v 0.327933 1.413109 0.405838
v 0.386233 1.331415 0.432617
v 0.249288 1.501170 0.298314
v 0.236524 1.433818 0.396705
v 0.220456 1.342407 0.466820
v 0.161637 1.511428 0.269401
v 0.115895 1.448013 0.356899
v 0.078639 1.359040 0.420032
v 0.053816 1.253045 0.451918
v 0.048092 1.108956 0.456561
v 0.426856 1.179787 0.442351
v 0.400080 1.482773 0.232765
v 0.474417 1.278576 0.387708
v 0.466519 1.147645 0.421344
v 0.346100 1.487980 0.333139
v 0.340364 1.425285 0.415921
v 0.398664 1.343591 0.442700
v 0.486848 1.290753 0.397791
v 0.412511 1.494949 0.242848
v 0.359588 1.475592 0.331470
v 0.354599 1.421062 0.403472
v 0.405307 1.350006 0.426764
v 0.482008 1.304048 0.387703
v 0.417351 1.481654 0.252937
v 0.335451 1.451950 0.311892
v 0.330463 1.397419 0.383894
v 0.381171 1.326363 0.407186
v 0.457872 1.280405 0.368125
v 0.393214 1.458011 0.233359
v 0.364733 1.466584 0.199660
v 0.187082 1.504695 0.212534
v 0.250967 1.496865 0.230998
v 0.301952 1.480219 0.225133
v 0.383328 1.483921 0.214242
v 0.352657 1.466377 0.183245
v 0.358797 1.478957 0.185858
v 0.195626 1.500892 0.194519
v 0.181230 1.519466 0.228416
v 0.195395 1.512586 0.197500
v 0.252141 1.493953 0.210855
v 0.252587 1.511093 0.249072
v 0.253850 1.505523 0.214402
v 0.297111 1.478403 0.205786
v 0.310769 1.494008 0.242828
v 0.300689 1.489886 0.209231
v 0.331845 1.287788 0.463425
v 0.220755 1.337099 0.467521
v 0.259523 1.327012 0.463980
v 0.368682 1.243091 0.459106
v 0.141614 1.307928 0.457070
v 0.163962 1.327898 0.456042
v 0.105601 1.233138 0.468357
v 0.072378 1.106289 0.465594
v 0.090172 1.101033 0.449310
v 0.453089 1.150446 0.399036
v 0.418962 1.179691 0.417395
v 0.330424 1.282872 0.437595
v 0.259810 1.322590 0.437667
v 0.172199 1.320358 0.430610
v 0.151022 1.296814 0.433900
v 0.369108 1.247371 0.434754
v 0.222684 1.343316 0.443663
v 0.107267 1.230806 0.443794
v 0.170803 1.317796 0.455166
v 0.258619 1.317471 0.461831
v 0.328656 1.279034 0.461961
v 0.364335 1.235726 0.457795
v 0.422582 1.172568 0.440797
v 0.462478 1.140346 0.419563
v 0.151277 1.299671 0.458462
v 0.116434 1.227187 0.469661
v 0.084751 1.104519 0.467346
v 0.222996 1.327213 0.464551
v 0.303673 1.069214 0.470664
v 0.328087 1.153549 0.480109
v 0.145732 1.096102 0.478105
v 0.171964 1.202824 0.490346
v 0.520415 1.099736 0.352026
v 0.551979 0.978052 0.119824
v 0.594924 1.079917 0.117325
v 0.523532 1.005325 0.276764
v 0.556991 1.087032 0.278232
v 0.490998 1.021105 0.349338
v 0.446281 1.037077 0.409433
v 0.472537 1.112631 0.414326
v 0.345359 1.214673 0.473640
v 0.192914 1.262738 0.483431
v 0.605523 1.142838 0.119540
v 0.568661 1.149784 0.276703
v 0.589564 1.081887 0.168894
v 0.549750 0.985757 0.170750
v 0.600468 1.144760 0.170043
v 0.576330 1.084174 0.225043
v 0.539874 0.995253 0.225421
v 0.587618 1.146986 0.224854
v 0.381068 1.053049 0.446288
v 0.405963 1.132995 0.452965
v 0.231776 1.082369 0.480403
v 0.256628 1.177901 0.490732
v 0.275739 1.238420 0.484040
v 0.191303 1.089332 0.482811
v 0.216630 1.190458 0.493846
v 0.236661 1.250674 0.487043
v 0.416754 1.473793 -0.080884
v 0.390796 1.481336 -0.057991
v 0.125809 1.593454 0.175709
v 0.151767 1.585910 0.152816
v 0.462428 1.487214 0.064007
v 0.427815 1.492435 0.060977
v 0.447920 1.497927 0.121871
v 0.450804 1.478542 -0.009329
v 0.415701 1.501165 0.107798
v 0.411408 1.513641 0.189477
v 0.385551 1.513944 0.162263
v 0.418343 1.485319 0.000876
v 0.261874 1.567911 0.240881
v 0.263194 1.562691 0.206161
v 0.319542 1.547678 0.235092
v 0.191696 1.583496 0.219185
v 0.309606 1.544441 0.201366
v 0.389608 1.522345 0.208703
v 0.365840 1.522041 0.179647
v 0.205878 1.576719 0.188255
v 0.078441 1.102711 0.447649
v 0.457623 1.157535 0.400497
v 0.423942 1.186430 0.418710
v 0.333798 1.291792 0.439100
v 0.260234 1.332498 0.439877
v 0.164952 1.329765 0.431403
v 0.141283 1.305186 0.432496
v 0.538600 1.189730 0.279716
v 0.584755 1.228713 0.122780
v 0.563009 1.096008 0.052942
v 0.525364 0.977073 0.056985
v 0.471295 1.145156 0.382979
v 0.500336 1.156045 0.345629
v 0.558220 1.216677 0.236696
v 0.575907 1.230735 0.158892
v 0.575007 1.203307 0.075362
v 0.572343 1.174383 0.062326
v 0.541588 1.197250 0.282639
v 0.590802 1.236345 0.119010
v 0.564350 1.097981 0.040680
v 0.525172 0.975303 0.044490
v 0.474557 1.152614 0.385563
v 0.503316 1.163365 0.348707
v 0.562180 1.225426 0.237684
v 0.581062 1.239269 0.156930
v 0.579230 1.209380 0.066039
v 0.574346 1.179343 0.050565
v -0.051757 1.173411 -0.224429
v 0.181632 1.424650 -0.204187
v 0.163784 1.343066 -0.266170
v 0.081758 1.279605 -0.272025
v 0.270738 1.428191 -0.183612
v 0.257405 1.335883 -0.258987
v 0.240971 1.228450 -0.300438
v 0.358420 1.418123 -0.154726
v 0.378101 1.322101 -0.219240
v 0.382849 1.212193 -0.253704
v 0.371892 1.099288 -0.254034
v 0.332162 0.965197 -0.218590
v -0.004551 1.151727 -0.241466
v 0.124845 1.476564 -0.122384
v -0.016397 1.271440 -0.218321
v -0.051277 1.140660 -0.214230
v 0.173181 1.436826 -0.217781
v 0.155334 1.355243 -0.279764
v 0.073308 1.291781 -0.285618
v -0.024848 1.283616 -0.231915
v 0.116395 1.488741 -0.135978
v 0.156590 1.430231 -0.213375
v 0.141067 1.359271 -0.267286
v 0.069722 1.304073 -0.272379
v -0.015651 1.296972 -0.225669
v 0.107199 1.475385 -0.142224
v 0.172998 1.406588 -0.186980
v 0.157475 1.335629 -0.240892
v 0.086130 1.280431 -0.245984
v 0.000756 1.273329 -0.199274
v 0.123606 1.451743 -0.115830
v 0.154827 1.459925 -0.084547
v 0.334730 1.435593 -0.099407
v 0.270829 1.443329 -0.117857
v 0.217514 1.445719 -0.109938
v 0.141935 1.477479 -0.104158
v 0.166960 1.460485 -0.068183
v 0.164942 1.473122 -0.074431
v 0.326245 1.439760 -0.081445
v 0.344179 1.442827 -0.118461
v 0.329980 1.449501 -0.087516
v 0.269712 1.446592 -0.097766
v 0.272919 1.451798 -0.139203
v 0.271542 1.456670 -0.104433
v 0.222411 1.447882 -0.090640
v 0.212654 1.456138 -0.131123
v 0.222445 1.458492 -0.097270
v 0.118370 1.214481 -0.287156
v 0.238999 1.223524 -0.299663
v 0.199220 1.227425 -0.295230
v 0.069658 1.186523 -0.272363
v 0.305469 1.175176 -0.278038
v 0.290540 1.200592 -0.283552
v 0.315797 1.092823 -0.266671
v 0.307876 0.967865 -0.227623
v -0.100175 1.240404 -0.093048
v -0.124749 1.333452 0.044855
v -0.142386 1.225218 0.149426
v 0.280934 1.193782 -0.280238
v 0.197196 1.219058 -0.290500
v 0.118731 1.205929 -0.283196
v 0.071544 1.178830 -0.268881
v -0.002678 1.144256 -0.237795
v -0.049640 1.133251 -0.210329
v 0.293659 1.170300 -0.277537
v 0.303601 1.090433 -0.266773
v 0.295502 0.969635 -0.229375
v 0.233920 1.216051 -0.294191
v -0.074719 1.180083 -0.204179
v 0.005597 1.475803 -0.048937
v -0.077252 1.413109 -0.053593
v -0.096535 1.331414 -0.114783
v 0.019599 1.501169 0.037874
v -0.079616 1.433818 0.038241
v -0.151189 1.342407 0.045420
v 0.037330 1.511428 0.128452
v -0.055199 1.448013 0.162899
v -0.122494 1.359040 0.191972
v -0.157232 1.253045 0.212615
v -0.162554 1.108956 0.217714
v -0.101115 1.179787 -0.156304
v 0.103481 1.482772 -0.103542
v -0.040956 1.278576 -0.196663
v -0.075315 1.147645 -0.193030
v -0.002853 1.487980 -0.062531
v -0.085702 1.425285 -0.067187
v -0.104985 1.343591 -0.128377
v -0.049406 1.290752 -0.210256
v 0.095030 1.494949 -0.117136
v 0.000489 1.475592 -0.075704
v -0.071571 1.421061 -0.079754
v -0.088343 1.350005 -0.132976
v -0.040002 1.304048 -0.204193
v 0.085626 1.481654 -0.123199
v 0.016897 1.451949 -0.049310
v -0.055164 1.397419 -0.053360
v -0.071936 1.326363 -0.106582
v -0.023594 1.280405 -0.177799
v 0.102034 1.458011 -0.096805
v 0.131909 1.466584 -0.064335
v 0.096932 1.504695 0.110314
v 0.086597 1.496865 0.044622
v 0.098788 1.480219 -0.005230
v 0.119765 1.483921 -0.084606
v 0.146685 1.466377 -0.050302
v 0.144861 1.478957 -0.056721
v 0.115873 1.500892 0.104089
v 0.080443 1.519466 0.114136
v 0.112886 1.512586 0.103945
v 0.106728 1.493953 0.045975
v 0.068868 1.511093 0.040756
v 0.103423 1.505523 0.043837
v 0.117379 1.478403 0.001991
v 0.082334 1.494008 -0.016189
v 0.114408 1.489886 -0.001989
v -0.133899 1.287788 -0.064672
v -0.151847 1.337099 0.045035
v -0.143488 1.327012 0.007013
v -0.125010 1.243091 -0.100680
v -0.151370 1.307928 0.124862
v -0.147557 1.327898 0.102818
v -0.167069 1.233138 0.159182
v -0.168481 1.106289 0.192489
v -0.143946 1.104205 0.179958
v -0.054860 1.150446 -0.176918
v -0.077341 1.179691 -0.145352
v -0.108449 1.282872 -0.060034
v -0.117346 1.322590 0.010018
v -0.121294 1.320358 0.097824
v -0.127206 1.296814 0.118423
v -0.100795 1.247371 -0.098059
v -0.127936 1.343316 0.046103
v -0.142491 1.230806 0.160598
v -0.145833 1.317796 0.096140
v -0.141469 1.317471 0.008179
v -0.132844 1.279034 -0.061325
v -0.124252 1.235726 -0.096203
v -0.100108 1.172568 -0.151869
v -0.074053 1.140346 -0.188798
v -0.151544 1.299671 0.115100
v -0.167009 1.227187 0.148271
v -0.168673 1.104519 0.179994
v -0.148620 1.327213 0.043182
v -0.144602 1.069213 -0.037626
v -0.150922 1.153549 -0.063028
v -0.171725 1.096102 0.118147
v -0.180591 1.202824 0.090590
v 0.000196 1.099736 -0.237840
v 0.234522 0.978051 -0.240134
v 0.242369 1.079917 -0.282430
v 0.075257 1.005325 -0.231526
v 0.077982 1.087032 -0.264905
v -0.000814 1.021105 -0.208317
v -0.066027 1.037077 -0.171462
v -0.067600 1.112631 -0.198124
v -0.142345 1.214673 -0.079357
v -0.171113 1.262737 0.070669
v 0.241496 1.142838 -0.293223
v 0.080958 1.149783 -0.276293
v 0.190535 1.081887 -0.283557
v 0.183717 0.985757 -0.244288
v 0.190757 1.144760 -0.294519
v 0.133171 1.084174 -0.277445
v 0.128240 0.995252 -0.241322
v 0.134770 1.146986 -0.288621
v -0.110744 1.053049 -0.111367
v -0.114256 1.132995 -0.136901
v -0.163251 1.082369 0.032491
v -0.170393 1.177901 0.006543
v -0.161365 1.238419 -0.011582
v -0.170699 1.089332 0.072345
v -0.178481 1.190458 0.045837
v -0.169228 1.250674 0.026814
v 0.278708 1.487214 -0.144308
v 0.277388 1.492435 -0.109589
v 0.219485 1.497927 -0.137147
v 0.350017 1.478542 -0.123609
v 0.229420 1.501165 -0.103421
v 0.147845 1.513641 -0.109371
v 0.171614 1.513944 -0.080315
v 0.335834 1.485319 -0.092679
v 0.078155 1.567911 0.032565
v 0.112767 1.562691 0.035596
v 0.091106 1.547678 -0.023926
v 0.090909 1.583496 0.104905
v 0.123325 1.544441 -0.009853
v 0.126046 1.522345 -0.090145
v 0.151903 1.522041 -0.062931
v 0.123369 1.576719 0.094700
v -0.143754 1.105975 0.192454
v -0.055744 1.157535 -0.181598
v -0.078023 1.186430 -0.150458
v -0.109521 1.291792 -0.063569
v -0.119486 1.332498 0.009321
v -0.122987 1.329765 0.104914
v -0.127030 1.305186 0.128262
v 0.074211 1.189729 -0.246844
v 0.235686 1.228713 -0.273023
v 0.302258 1.096008 -0.242718
v 0.293541 0.977073 -0.205873
v -0.036654 1.145156 -0.192974
v 0.004033 1.156045 -0.217118
v 0.119347 1.216677 -0.260934
v 0.198751 1.230735 -0.268757
v 0.281514 1.203307 -0.257424
v 0.294115 1.174383 -0.253151
v 0.071685 1.197250 -0.250174
v 0.240182 1.236345 -0.278550
v 0.314592 1.097981 -0.242516
v 0.305915 0.975303 -0.204121
v -0.038810 1.152614 -0.196533
v 0.001351 1.163365 -0.220460
v 0.118861 1.225426 -0.264986
v 0.201342 1.239269 -0.273626
v 0.291291 1.209380 -0.260449
v 0.306033 1.179343 -0.253669
v 0.233350 1.104987 0.455025
v 0.373648 1.077433 0.422965
v -0.142970 1.125802 0.172716
v 0.235931 1.006954 -0.222098
v 0.522885 1.023119 0.215407
v -0.145838 1.117892 0.114595
v -0.120350 1.092624 -0.031792
v 0.532166 1.014196 0.164029
v 0.434931 1.062423 0.388331
v 0.476954 1.047414 0.331857
v 0.507528 1.032585 0.263656
v 0.534261 1.006955 0.116172
v 0.152491 1.117892 0.452865
v 0.300916 1.092624 0.445873
v 0.095185 1.125802 0.442755
v -0.142790 1.127465 0.184459
v 0.195316 1.111530 0.457288
v -0.149918 1.102711 0.188717
v -0.150100 1.101033 0.176870
v 0.083557 1.127465 0.441108
v 0.327688 0.994875 -0.201853
v -0.137220 1.129972 0.208164
v 0.060734 1.129972 0.432620
v 0.525643 0.994875 0.022603
v -0.056131 1.135170 0.336167
v 0.444553 0.989677 -0.105400
v 0.308966 1.000819 -0.204864
v 0.296702 1.002573 -0.206601
v 0.526290 1.000819 0.041555
v 0.526481 1.002573 0.053940
v 0.522347 0.977287 0.057586
v 0.522157 0.975532 0.045201
v 0.292569 0.977287 -0.202956
v 0.304833 0.975532 -0.201219
v 0.440420 0.964390 -0.101755
v -0.060264 1.109884 0.339813
v 0.521509 0.969588 0.026249
v 0.056600 1.104686 0.436265
v 0.079424 1.102179 0.444753
v 0.091051 1.100515 0.446400
v 0.296783 1.067337 0.449518
v 0.148358 1.092606 0.456510
v 0.530127 0.981668 0.119817
v 0.503395 1.007298 0.267301
v 0.472820 1.022127 0.335502
v 0.430798 1.037137 0.391976
v 0.528033 0.988909 0.167674
v 0.518752 0.997833 0.219052
v 0.369514 1.052147 0.426611
v 0.229217 1.079700 0.458670
v 0.191183 1.086244 0.460933
v 0.323555 0.969588 -0.198207
v -0.141354 1.104686 0.211809
v -0.146923 1.102179 0.188104
v -0.147103 1.100515 0.176361
v -0.124483 1.067337 -0.028146
v -0.149972 1.092606 0.118240
v 0.231798 0.981668 -0.218453
v 0.082129 1.007298 -0.210363
v 0.010641 1.022127 -0.188553
v -0.050642 1.037137 -0.153919
v 0.184054 0.988909 -0.222356
v 0.131919 0.997833 -0.219569
v -0.092665 1.052147 -0.097445
v -0.142008 1.079700 0.037746
v -0.149007 1.086244 0.075198
v 0.086262 1.032585 -0.214009
v 0.014774 1.047414 -0.192198
v -0.046509 1.062423 -0.157564
v 0.188187 1.014196 -0.226001
v 0.136053 1.023119 -0.223215
v -0.088532 1.077433 -0.101090
v -0.137875 1.104987 0.034100
v -0.144874 1.111530 0.071553
vn 0.9417 -0.1936 -0.2753
vn 0.8891 -0.2044 -0.4095
vn 0.9420 -0.1935 -0.2744
vn -0.5174 0.2044 0.8310
vn -0.3908 0.1936 0.8999
vn -0.3968 0.1942 0.8971
vn -0.8890 0.3930 0.2349
vn -0.9345 0.3459 -0.0847
vn -0.9860 0.1511 -0.0698
vn -0.9430 0.1932 0.2708
vn 0.0969 0.0462 -0.9942
vn 0.4109 0.0152 -0.9115
vn 0.3948 -0.1940 -0.8981
vn 0.0748 -0.1542 -0.9852
vn 0.5223 0.0374 0.8519
vn 0.7799 -0.0374 0.6247
vn 0.7750 -0.0357 0.6309
vn 0.5164 0.0389 0.8554
vn 0.9250 0.1100 -0.3638
vn 0.9825 -0.0364 -0.1825
vn 0.9838 -0.0401 -0.1747
vn 0.9120 0.4031 0.0758
vn 0.8920 0.4440 -0.0849
vn 0.6460 0.7557 -0.1081
vn 0.6347 0.7716 -0.0419
vn 0.9191 0.1593 0.3603
vn 0.9876 0.1567 -0.0122
vn 0.8346 0.4179 -0.3590
vn 0.6467 0.6982 -0.3069
vn 0.7464 0.0980 -0.6583
vn 0.6870 0.4013 -0.6059
vn 0.9199 -0.1956 -0.3399
vn 0.7314 -0.2212 -0.6451
vn 0.8846 -0.3462 -0.3126
vn 0.6948 -0.3767 -0.6127
vn 0.5482 0.6825 -0.4834
vn -0.1542 -0.9856 0.0698
vn -0.1542 -0.9856 0.0701
vn -0.1544 -0.9857 0.0679
vn -0.1550 -0.9854 0.0706
vn -0.1684 -0.9753 0.1427
vn -0.1684 -0.9753 0.1428
vn -0.1661 -0.9752 0.1465
vn 0.3152 0.9422 -0.1136
vn 0.4315 0.9008 -0.0485
vn 0.3220 0.9399 -0.1138
vn 0.5259 -0.7925 0.3088
vn 0.4119 -0.7927 0.4494
vn 0.7849 -0.5101 -0.3517
vn -0.1530 0.7183 -0.6787
vn -0.0169 0.6479 -0.7616
vn 0.5415 0.1344 -0.8299
vn 0.6181 0.6055 0.5014
vn -0.5259 0.7925 -0.3088
vn -0.4119 0.7927 -0.4494
vn -0.5415 -0.1344 0.8299
vn 0.1530 -0.7183 0.6787
vn 0.0169 -0.6479 0.7616
vn -0.7849 0.5101 0.3517
vn -0.1698 -0.9755 0.1401
vn 0.4920 0.8331 -0.2529
vn 0.4703 0.8778 -0.0912
vn 0.4314 0.8180 -0.3805
vn -0.6361 0.4458 -0.6298
vn -0.7199 0.2389 -0.6517
vn -0.8636 0.3123 -0.3959
vn -0.7731 0.5010 -0.3891
vn 0.9859 -0.1508 0.0721
vn 0.9862 -0.1517 0.0657
vn -0.8282 0.5520 -0.0972
vn -0.4894 0.1719 -0.8549
vn -0.5194 -0.0382 -0.8537
vn -0.7717 0.0346 -0.6350
vn -0.7914 0.5824 0.1859
vn -0.8412 0.3986 0.3653
vn -0.7471 0.5896 0.3070
vn 0.9702 -0.1869 -0.1542
vn 0.6985 -0.2504 0.6704
vn 0.8650 -0.1029 0.4911
vn 0.7568 -0.0253 0.6531
vn 0.8835 0.0385 0.4669
vn 0.7368 0.2430 0.6309
vn 0.9975 0.0518 0.0487
vn 0.9593 0.1362 0.2473
vn 0.9383 0.1087 0.3283
vn 0.9394 -0.3108 -0.1448
vn -0.2632 -0.8263 -0.4979
vn -0.3629 -0.8687 -0.3370
vn -0.3643 -0.8688 -0.3352
vn -0.2634 -0.8269 -0.4968
vn 0.8150 -0.5777 0.0455
vn 0.9355 -0.3259 0.1369
vn 0.9354 -0.3262 0.1366
vn 0.8166 -0.5754 0.0458
vn 0.2879 0.9285 0.2345
vn 0.3844 0.8985 0.2122
vn 0.3847 0.8983 0.2121
vn 0.2594 0.8299 0.4939
vn 0.2544 0.7836 0.5668
vn 0.2546 0.7833 0.5672
vn 0.2591 0.8293 0.4951
vn -0.5635 -0.8105 -0.1602
vn -0.5617 -0.8115 -0.1612
vn 0.6959 -0.7178 0.0221
vn -0.4567 -0.7666 0.4513
vn -0.4940 -0.8435 0.2110
vn -0.4944 -0.8444 0.2063
vn -0.4606 -0.8755 -0.1465
vn -0.3501 -0.8349 -0.4247
vn -0.3503 -0.8350 -0.4244
vn -0.4609 -0.8754 -0.1456
vn 0.9750 -0.2097 0.0735
vn 0.9721 -0.2243 0.0685
vn 0.9525 -0.3015 0.0418
vn -0.3787 0.4888 0.7859
vn -0.2507 0.3187 0.9141
vn -0.2569 0.3238 0.9106
vn 0.1302 0.6303 0.7654
vn 0.1542 0.9112 0.3819
vn 0.0857 0.9185 0.3861
vn -0.0078 0.7055 0.7087
vn 0.3230 0.3326 0.8860
vn -0.0357 0.4540 0.8903
vn -0.1207 0.9212 0.3698
vn -0.2714 0.7392 0.6164
vn -0.4994 0.7460 0.4405
vn -0.6481 0.5032 0.5716
vn -0.4510 0.2027 0.8692
vn -0.7341 0.2046 0.6474
vn -0.4695 0.0472 0.8816
vn -0.7493 0.0428 0.6608
vn -0.2854 0.9247 0.2517
vn -0.2300 -0.9635 0.1368
vn -0.2292 -0.9638 0.1360
vn -0.2319 -0.9632 0.1362
vn -0.2298 -0.9636 0.1367
vn -0.1567 -0.9787 0.1324
vn -0.1532 -0.9789 0.1352
vn 0.1631 0.9864 0.0205
vn 0.1617 0.9865 0.0275
vn 0.2033 0.9671 0.1527
vn 0.0062 -0.6415 0.7671
vn 0.1478 -0.7159 0.6823
vn -0.5504 -0.1220 0.8259
vn -0.4074 0.7922 -0.4544
vn -0.5179 0.7935 -0.3197
vn -0.7842 0.5196 0.3392
vn -0.0062 0.6415 -0.7671
vn -0.1478 0.7159 -0.6823
vn 0.7842 -0.5196 -0.3392
vn 0.4074 -0.7922 0.4544
vn 0.5179 -0.7935 0.3197
vn 0.5504 0.1220 -0.8259
vn -0.1592 -0.9786 0.1307
vn 0.1528 0.9700 0.1889
vn -0.0159 0.9807 0.1950
vn -0.1370 0.9832 0.1208
vn -0.4103 0.3802 -0.8289
vn -0.1550 0.3214 -0.9342
vn -0.2136 0.1235 -0.9691
vn 0.1415 0.2702 -0.9523
vn 0.4164 0.2314 -0.8792
vn -0.0517 0.1508 0.9872
vn -0.0747 0.1542 0.9852
vn 0.5300 0.2184 -0.8194
vn 0.5327 -0.0007 -0.8463
vn 0.9206 -0.0959 0.3786
vn 0.9211 -0.0962 0.3773
vn -0.2762 0.1752 0.9450
vn 0.5052 -0.1942 0.8409
vn 0.5547 0.0334 0.8314
vn 0.3691 0.0412 0.9285
vn 0.3889 0.1822 0.9031
vn 0.6189 0.2773 0.7349
vn -0.0115 0.3450 0.9385
vn 0.2057 0.3552 0.9119
vn 0.2754 0.3013 0.9129
vn -0.3037 0.0503 0.9515
vn 0.9748 -0.1732 0.1408
vn 0.9768 -0.1668 0.1345
vn 0.9216 -0.3605 0.1437
vn 0.9120 -0.3864 0.1377
vn 0.8402 -0.5173 0.1626
vn 0.8398 -0.5128 0.1783
vn 0.8545 -0.4805 0.1975
vn 0.8648 -0.4724 0.1700
vn 0.8868 -0.4429 0.1320
vn 0.8903 -0.4342 0.1376
vn 0.8801 -0.4322 0.1965
vn 0.8726 -0.4377 0.2166
vn 0.8124 -0.4692 0.3461
vn 0.8011 -0.4735 0.3662
vn 0.6421 -0.4881 0.5911
vn 0.6347 -0.4876 0.5995
vn 0.3600 -0.4062 0.8399
vn 0.3687 -0.4104 0.8341
vn 0.1213 -0.2684 0.9556
vn 0.1399 -0.2813 0.9494
vn 0.3565 -0.1928 0.9142
vn 0.5963 -0.2567 0.7606
vn 0.6389 -0.1113 0.7612
vn 0.3950 -0.0492 0.9174
vn 0.3175 0.1324 0.9390
vn 0.4406 0.0742 0.8946
vn 0.3799 0.2281 0.8965
vn 0.0705 -0.1270 0.9894
vn 0.1858 -0.1556 0.9702
vn 0.2309 -0.0588 0.9712
vn 0.1028 -0.0292 0.9943
vn 0.1685 0.1763 0.9698
vn 0.2331 0.2666 0.9352
vn -0.2483 0.3168 0.9154
vn -0.1288 0.2541 0.9586
vn -0.0388 0.3266 0.9444
vn -0.2201 0.3741 0.9009
vn -0.2594 0.0042 0.9657
vn -0.1898 -0.0370 0.9811
vn -0.1768 0.0700 0.9818
vn -0.2729 0.1321 0.9529
vn 0.9969 -0.0742 -0.0268
vn 0.9843 -0.0414 -0.1717
vn 0.9863 0.0235 -0.1631
vn 0.9992 0.0219 0.0342
vn 0.9319 -0.3626 0.0014
vn 0.9353 -0.3428 -0.0879
vn 0.9640 -0.2272 -0.1379
vn 0.9651 -0.2616 -0.0150
vn 0.9813 -0.0644 0.1813
vn 0.9819 0.0400 0.1854
vn 0.9121 -0.3763 0.1625
vn 0.9471 -0.2740 0.1673
vn 0.8352 -0.0548 0.5472
vn 0.9014 -0.0257 0.4321
vn 0.8862 0.0776 0.4567
vn 0.7815 -0.3164 0.5377
vn 0.8495 -0.3479 0.3966
vn 0.8787 -0.2435 0.4106
vn 0.8150 -0.1956 0.5455
vn 0.9199 -0.2668 0.2874
vn 0.9550 -0.0530 0.2919
vn 0.8875 -0.3644 0.2821
vn 0.9506 0.0630 0.3040
vn 0.7636 -0.0023 0.6457
vn 0.5544 0.0585 0.8302
vn -0.0384 -0.1004 0.9942
vn -0.0043 0.0027 1.0000
vn 0.0736 0.2009 0.9768
vn 0.1153 0.2963 0.9481
vn 0.1868 0.9685 -0.1647
vn 0.1917 0.9668 -0.1691
vn 0.1597 0.9771 -0.1408
vn 0.2502 0.9478 -0.1976
vn 0.3036 0.9358 -0.1792
vn 0.3030 0.9359 -0.1798
vn 0.2451 0.9493 -0.1968
vn 0.2933 0.9464 -0.1353
vn 0.2942 0.9460 -0.1358
vn 0.2385 0.9654 -0.1052
vn 0.2379 0.9656 -0.1050
vn 0.1706 0.9738 -0.1505
vn 0.5119 -0.2040 -0.8345
vn 0.2606 0.0959 0.9607
vn 0.2487 0.0983 0.9636
vn -0.2546 -0.0971 -0.9622
vn -0.8919 0.2040 0.4036
vn -0.9179 0.0945 -0.3854
vn -0.0139 -0.1725 0.9849
vn 0.0040 -0.1853 0.9827
vn -0.0477 0.0426 0.9980
vn -0.0908 -0.0360 0.9952
vn -0.0904 -0.0352 0.9953
vn -0.0788 -0.1623 0.9836
vn -0.0710 -0.1548 0.9854
vn 0.5610 0.8123 0.1597
vn 0.3633 0.8697 0.3341
vn 0.3618 0.8696 0.3359
vn 0.5628 0.8112 0.1587
vn -0.0261 -0.2246 0.9741
vn -0.0504 -0.2064 0.9772
vn 0.4529 0.8785 0.1517
vn 0.4906 0.8696 0.0557
vn 0.4528 0.8785 0.1520
vn -0.0696 -0.2529 0.9650
vn -0.0533 -0.2533 0.9659
vn -0.0446 -0.0797 0.9958
vn -0.0576 -0.1047 0.9928
vn 0.0072 0.1079 0.9941
vn 0.0031 0.1162 0.9932
vn -0.1975 -0.2835 0.9384
vn -0.1966 -0.2810 0.9394
vn -0.0606 0.1144 0.9916
vn -0.0693 0.1045 0.9921
vn -0.1103 0.0567 0.9923
vn -0.7100 -0.6965 -0.1039
vn -0.7632 -0.6337 -0.1263
vn -0.7630 -0.6340 -0.1260
vn -0.7091 -0.6974 -0.1037
vn -0.9368 0.3232 -0.1342
vn -0.8265 0.5609 -0.0475
vn -0.8232 0.5658 -0.0466
vn -0.9360 0.3261 -0.1323
vn -0.2546 -0.4416 0.8603
vn 0.3422 0.8374 0.4261
vn 0.3430 0.8380 0.4244
vn -0.6369 -0.7515 -0.1718
vn -0.6367 -0.7517 -0.1718
vn -0.3779 -0.8995 -0.2194
vn -0.0269 -0.9792 -0.2010
vn -0.0315 -0.9789 -0.2019
vn -0.3770 -0.8998 -0.2196
vn 0.7626 0.6359 0.1187
vn 0.7076 0.6997 0.0986
vn 0.7086 0.6987 0.0987
vn 0.7628 0.6356 0.1189
vn -0.2609 -0.7797 -0.5693
vn -0.2608 -0.7799 -0.5689
vn 0.4688 0.7532 -0.4615
vn 0.2220 -0.9639 -0.1473
vn 0.6396 0.7510 0.1638
vn 0.6381 0.7522 0.1641
vn 0.1912 0.2651 -0.9451
vn 0.0861 0.0337 -0.9957
vn 0.0868 0.0349 -0.9956
vn 0.1934 0.2704 -0.9431
vn 0.0437 -0.0446 -0.9980
vn 0.9512 -0.2306 0.2050
vn -0.2367 0.9582 0.1608
vn -0.9537 0.2298 -0.1940
vn 0.2508 0.4157 -0.8742
vn -0.7168 0.6969 -0.0208
vn 0.3908 -0.1936 -0.8999
vn 0.3899 -0.1935 -0.9003
vn 0.5174 -0.2044 -0.8310
vn -0.8891 0.2044 0.4095
vn -0.9397 0.1942 0.2816
vn -0.9417 0.1936 0.2753
vn -0.3442 0.3930 0.8527
vn -0.3866 0.1932 0.9018
vn -0.0540 0.1511 0.9870
vn -0.0328 0.3459 0.9377
vn 0.9985 0.0462 0.0282
vn 0.9868 -0.1542 0.0490
vn 0.9404 -0.1940 -0.2795
vn 0.9558 0.0152 -0.2938
vn -0.7799 0.0374 -0.6247
vn -0.7842 0.0389 -0.6193
vn -0.5291 -0.0357 -0.8478
vn -0.5223 -0.0374 -0.8519
vn 0.4765 0.1100 -0.8722
vn 0.2963 -0.0401 -0.9543
vn 0.3039 -0.0364 -0.9520
vn 0.0387 0.4031 -0.9143
vn 0.1209 0.7716 -0.6245
vn 0.1880 0.7557 -0.6274
vn 0.1957 0.4440 -0.8744
vn -0.2425 0.1593 -0.9570
vn 0.1356 0.1567 -0.9783
vn 0.3854 0.6982 -0.6033
vn 0.4605 0.4179 -0.7832
vn 0.4522 -0.1956 -0.8702
vn 0.4207 -0.3462 -0.8386
vn -0.0886 -0.9856 0.1442
vn -0.0894 -0.9854 0.1450
vn -0.0866 -0.9857 0.1447
vn -0.0888 -0.9856 0.1442
vn -0.1627 -0.9753 0.1493
vn 0.1521 0.9422 -0.2985
vn 0.1532 0.9399 -0.3052
vn 0.1020 0.9008 -0.4220
vn -0.2406 -0.7925 -0.5603
vn -0.3944 -0.7927 -0.4649
vn 0.4471 -0.5101 -0.7348
vn 0.6543 0.7183 0.2366
vn 0.7535 0.6479 0.1119
vn 0.8911 0.1344 -0.4335
vn -0.4202 0.6055 -0.6759
vn 0.2406 0.7925 0.5603
vn 0.3944 0.7927 0.4649
vn -0.8911 -0.1344 0.4335
vn -0.6543 -0.7183 -0.2366
vn -0.7535 -0.6479 -0.1119
vn -0.4471 0.5101 0.7348
vn -0.1602 -0.9755 0.1510
vn 0.1492 0.8778 -0.4553
vn 0.3124 0.8331 -0.4565
vn 0.5454 0.4458 0.7098
vn 0.2894 0.5010 0.8156
vn 0.2848 0.3123 0.9063
vn 0.5566 0.2389 0.7957
vn 0.0517 -0.1508 -0.9872
vn 0.0581 -0.1517 -0.9867
vn -0.0071 0.5520 0.8338
vn 0.5336 0.0346 0.8450
vn 0.7820 -0.0382 0.6221
vn 0.7871 0.1719 0.5925
vn -0.2834 0.5824 0.7619
vn -0.3980 0.5896 0.7029
vn -0.4676 0.3986 0.7890
vn 0.2742 -0.1869 -0.9433
vn -0.5778 -0.2504 -0.7768
vn -0.5534 -0.0253 -0.8325
vn -0.3791 -0.1029 -0.9196
vn -0.3528 0.0385 -0.9349
vn -0.5339 0.2430 -0.8099
vn 0.0763 0.0518 -0.9957
vn -0.1254 0.1362 -0.9827
vn -0.2084 0.1087 -0.9720
vn 0.2611 -0.3108 -0.9139
vn 0.4611 -0.8263 0.3234
vn 0.4600 -0.8269 0.3235
vn 0.2871 -0.8688 0.4034
vn 0.2890 -0.8687 0.4022
vn 0.0567 -0.5777 -0.8143
vn 0.0566 -0.5754 -0.8159
vn 0.0300 -0.3341 -0.9421
vn 0.0302 -0.3350 -0.9417
vn -0.1967 0.9285 -0.3149
vn -0.1624 0.8983 -0.4082
vn -0.1625 0.8985 -0.4079
vn -0.4576 0.8299 -0.3191
vn -0.4588 0.8293 -0.3189
vn -0.5309 0.7833 -0.3235
vn -0.5306 0.7836 -0.3233
vn 0.0897 -0.8115 0.5775
vn 0.0885 -0.8105 0.5791
vn 0.0651 -0.7178 -0.6932
vn -0.5049 -0.7666 0.3968
vn -0.2665 -0.8444 0.4647
vn -0.2711 -0.8435 0.4637
vn 0.0878 -0.8754 0.4753
vn 0.0868 -0.8754 0.4755
vn 0.3773 -0.8350 0.4006
vn 0.3776 -0.8349 0.4005
vn 0.0490 -0.2097 -0.9765
vn 0.0776 -0.3015 -0.9503
vn 0.0535 -0.2243 -0.9731
vn -0.8271 0.4888 0.2775
vn -0.9355 0.3238 0.1411
vn -0.9383 0.3187 0.1345
vn -0.7431 0.6303 -0.2248
vn -0.7041 0.7055 -0.0808
vn -0.3723 0.9185 -0.1332
vn -0.3597 0.9112 -0.2007
vn -0.8387 0.3326 -0.4312
vn -0.8878 0.4540 -0.0758
vn -0.6454 0.7392 0.1922
vn -0.3820 0.9212 0.0735
vn -0.9188 0.2027 0.3388
vn -0.9334 0.0472 0.3557
vn -0.1644 -0.9635 0.2111
vn -0.1644 -0.9636 0.2109
vn -0.1641 -0.9632 0.2131
vn -0.1636 -0.9638 0.2104
vn -0.1510 -0.9787 0.1390
vn -0.1510 -0.9787 0.1389
vn -0.0000 0.9864 -0.1644
vn -0.1261 0.9671 -0.2208
vn -0.0071 0.9865 -0.1639
vn -0.7603 -0.6415 -0.1021
vn -0.6585 -0.7159 -0.2319
vn -0.8883 -0.1220 0.4429
vn 0.3999 0.7922 0.4610
vn 0.2524 0.7935 0.5538
vn -0.4346 0.5196 0.7356
vn 0.7603 0.6415 0.1021
vn 0.6585 0.7159 0.2319
vn 0.4346 -0.5196 -0.7356
vn -0.3999 -0.7922 -0.4610
vn -0.2524 -0.7935 -0.5538
vn 0.8883 0.1220 -0.4429
vn -0.1496 -0.9786 0.1416
vn -0.1955 0.9807 -0.0086
vn -0.1683 0.9700 -0.1752
vn 0.7711 0.3802 0.5107
vn 0.9348 0.1235 0.3331
vn 0.9075 0.3214 0.2705
vn 0.9626 0.2702 -0.0214
vn 0.9244 0.2314 -0.3032
vn -0.9868 0.1542 -0.0490
vn -0.9859 0.1508 -0.0721
vn 0.9063 -0.0007 -0.4227
vn 0.8792 0.2184 -0.4235
vn -0.2593 -0.0962 -0.9610
vn -0.2606 -0.0959 -0.9607
vn -0.9721 0.1752 0.1559
vn -0.7712 -0.1942 -0.6063
vn -0.8751 0.0412 -0.4822
vn -0.7555 0.0334 -0.6543
vn -0.8474 0.1822 -0.4987
vn -0.6518 0.2773 -0.7059
vn -0.9326 0.3450 -0.1059
vn -0.8790 0.3552 -0.3181
vn -0.8713 0.3013 -0.3874
vn -0.9819 0.0503 0.1824
vn -0.0179 -0.1732 -0.9847
vn -0.0113 -0.1668 -0.9859
vn -0.0274 -0.3605 -0.9324
vn -0.0226 -0.3864 -0.9220
vn -0.0563 -0.5173 -0.8539
vn -0.0719 -0.5128 -0.8555
vn -0.0891 -0.4805 -0.8725
vn -0.0606 -0.4724 -0.8793
vn -0.0201 -0.4429 -0.8963
vn -0.0252 -0.4342 -0.9005
vn -0.1058 -0.4377 -0.8929
vn -0.0849 -0.4323 -0.8977
vn -0.2633 -0.4735 -0.8406
vn -0.2419 -0.4693 -0.8493
vn -0.5062 -0.4881 -0.7110
vn -0.5155 -0.4876 -0.7046
vn -0.7883 -0.4062 -0.4622
vn -0.7814 -0.4104 -0.4701
vn -0.9244 -0.2813 -0.2574
vn -0.9330 -0.2684 -0.2398
vn -0.8624 -0.1928 -0.4680
vn -0.8608 -0.0492 -0.5066
vn -0.6753 -0.1113 -0.7291
vn -0.6802 -0.2567 -0.6867
vn -0.8919 0.1324 -0.4324
vn -0.8420 0.2281 -0.4890
vn -0.8326 0.0742 -0.5489
vn -0.9728 -0.1270 -0.1936
vn -0.9736 -0.0292 -0.2263
vn -0.9347 -0.0588 -0.3505
vn -0.9394 -0.1556 -0.3056
vn -0.9411 0.1763 -0.2884
vn -0.8987 0.2666 -0.3481
vn -0.9393 0.3168 0.1319
vn -0.9213 0.3741 0.1058
vn -0.9418 0.3266 -0.0796
vn -0.9671 0.2541 0.0080
vn -0.9906 0.0042 0.1367
vn -0.9796 0.1321 0.1517
vn -0.9962 0.0700 0.0527
vn -0.9972 -0.0370 0.0657
vn 0.1512 -0.0742 -0.9857
vn 0.0909 0.0219 -0.9956
vn 0.2851 0.0235 -0.9582
vn 0.2933 -0.0414 -0.9551
vn 0.1151 -0.3626 -0.9248
vn 0.1355 -0.2616 -0.9556
vn 0.2573 -0.2272 -0.9392
vn 0.2041 -0.3428 -0.9170
vn -0.0572 -0.0644 -0.9963
vn -0.0612 0.0400 -0.9973
vn -0.0472 -0.3763 -0.9253
vn -0.0476 -0.2740 -0.9606
vn -0.4386 -0.0548 -0.8970
vn -0.3424 0.0776 -0.9364
vn -0.3161 -0.0257 -0.9484
vn -0.4358 -0.3164 -0.8426
vn -0.4393 -0.1956 -0.8768
vn -0.2975 -0.2435 -0.9231
vn -0.2873 -0.3479 -0.8924
vn -0.1701 -0.2668 -0.9486
vn -0.1702 -0.0530 -0.9840
vn -0.1689 -0.3644 -0.9158
vn -0.1828 0.0630 -0.9811
vn -0.5452 -0.0023 -0.8383
vn -0.7544 0.0585 -0.6538
vn -0.9912 -0.1004 -0.0862
vn -0.9927 0.0027 -0.1207
vn -0.9600 0.2009 -0.1951
vn -0.9263 0.2963 -0.2329
vn 0.2273 0.9478 -0.2236
vn 0.2259 0.9493 -0.2186
vn 0.2162 0.9359 -0.2781
vn 0.2158 0.9358 -0.2788
vn 0.1716 0.9460 -0.2749
vn 0.1709 0.9464 -0.2741
vn 0.1339 0.9656 -0.2229
vn 0.1342 0.9654 -0.2235
vn 0.8919 -0.2040 -0.4036
vn -0.9249 0.0983 -0.3672
vn -0.9206 0.0959 -0.3786
vn 0.9228 -0.0971 0.3729
vn -0.5119 0.2040 0.8345
vn 0.2677 0.0945 0.9589
vn -0.9789 -0.1725 -0.1093
vn -0.9745 -0.1853 -0.1268
vn -0.9961 0.0426 -0.0774
vn -0.9988 -0.0352 -0.0347
vn -0.9988 -0.0360 -0.0343
vn -0.9857 -0.1623 -0.0448
vn -0.9865 -0.1548 -0.0527
vn -0.0883 0.8123 -0.5766
vn -0.0871 0.8112 -0.5782
vn -0.2880 0.8696 -0.4010
vn -0.2861 0.8697 -0.4022
vn -0.9758 -0.2064 -0.0721
vn -0.9697 -0.2246 -0.0959
vn -0.0939 0.8785 -0.4684
vn -0.0942 0.8785 -0.4683
vn 0.0060 0.8696 -0.4937
vn -0.9650 -0.2533 -0.0678
vn -0.9661 -0.2529 -0.0516
vn -0.9923 -0.1047 -0.0669
vn -0.9936 -0.0797 -0.0802
vn -0.9851 0.1162 -0.1272
vn -0.9854 0.1079 -0.1314
vn -0.9566 -0.2810 0.0776
vn -0.9557 -0.2835 0.0787
vn -0.9956 0.0805 -0.0478
vn -0.9940 0.0933 -0.0567
vn -0.9999 0.0115 0.0001
vn 0.0143 -0.6965 0.7174
vn 0.0143 -0.6974 0.7166
vn 0.0297 -0.6340 0.7728
vn 0.0299 -0.6337 0.7730
vn -0.0264 0.3315 0.9431
vn -0.0267 0.3328 0.9426
vn -0.0567 0.5658 0.8226
vn -0.0562 0.5609 0.8260
vn -0.8854 -0.4416 0.1450
vn -0.3782 0.8380 -0.3933
vn -0.3800 0.8374 -0.3928
vn 0.0909 -0.7517 0.6532
vn 0.0908 -0.7515 0.6534
vn 0.1705 -0.8995 0.4024
vn 0.1708 -0.8998 0.4015
vn 0.1964 -0.9789 0.0565
vn 0.1961 -0.9792 0.0518
vn -0.0224 0.6359 -0.7714
vn -0.0227 0.6356 -0.7717
vn -0.0093 0.6987 -0.7154
vn -0.0094 0.6997 -0.7144
vn 0.5322 -0.7796 0.3300
vn 0.5319 -0.7799 0.3298
vn 0.5164 0.7532 -0.4075
vn 0.1739 -0.9639 -0.2019
vn -0.0826 0.7510 -0.6551
vn -0.0831 0.7522 -0.6537
vn 0.9615 0.2651 -0.0716
vn 0.9599 0.2704 -0.0740
vn 0.9987 0.0349 0.0384
vn 0.9987 0.0337 0.0390
vn 0.9957 -0.0446 0.0814
vn 0.0136 -0.2508 -0.9680
vn -0.1891 0.9582 0.2148
vn -0.0105 0.2476 0.9688
vn 0.8987 0.4157 -0.1396
vn -0.0689 0.6969 0.7138
vn -0.1592 -0.9769 0.1428
vn -0.1589 -0.9769 0.1427
vn -0.1589 -0.9769 0.1426
vn -0.1577 -0.9774 0.1411
vn -0.1570 -0.9776 0.1406
vn -0.1573 -0.9775 0.1406
vn -0.1614 -0.9769 0.1398
vn -0.1616 -0.9769 0.1401
vn 0.0088 0.1413 0.9899
vn -0.1436 0.1642 0.9759
vn -0.1465 0.1646 0.9754
vn -0.1617 -0.9768 0.1406
vn -0.1557 -0.9815 0.1117
vn -0.1746 -0.9774 0.1191
vn -0.1592 -0.9775 0.1385
vn -0.1591 -0.9776 0.1382
vn -0.1597 -0.9774 0.1388
vn -0.1594 -0.9768 0.1428
vn -0.1616 -0.9768 0.1403
vn -0.1400 -0.9774 0.1583
vn -0.1800 -0.9420 0.2831
vn -0.1379 -0.9816 0.1318
vn -0.3034 -0.9420 0.1432
vn -0.1480 -0.9816 0.1203
vn -0.2069 -0.9376 0.2795
vn -0.2143 -0.9628 0.1646
vn -0.2511 -0.9638 0.0903
vn -0.1901 -0.9628 0.1920
vn -0.3032 -0.9376 0.1704
vn -0.1210 -0.9638 0.2378
vn -0.1578 -0.9773 0.1416
vn -0.1578 -0.9773 0.1413
vn -0.1599 -0.9773 0.1388
vn -0.1602 -0.9773 0.1389
vn -0.1577 -0.9774 0.1405
vn -0.1570 -0.9775 0.1406
vn -0.1582 -0.9775 0.1395
vn -0.1584 -0.9771 0.1423
vn -0.1610 -0.9771 0.1394
vn -0.1591 -0.9775 0.1382
vn -0.1592 -0.9774 0.1389
vn -0.1612 -0.9766 0.1422
vn -0.2436 -0.9649 0.0979
vn -0.1580 -0.9772 0.1419
vn -0.1303 -0.9815 0.1405
vn -0.1597 -0.9768 0.1428
vn -0.1276 -0.9649 0.2294
vn -0.1597 -0.9771 0.1408
vn -0.1533 -0.9781 0.1407
vn -0.1587 -0.9781 0.1345
vn -0.1535 -0.9780 0.1412
vn -0.1592 -0.9780 0.1346
vn -0.1605 -0.9772 0.1391
vn -0.1605 -0.9772 0.1390
vn 0.7328 -0.2129 -0.6463
vn 0.9083 -0.2013 -0.3668
vn 0.9866 -0.1626 -0.0093
vn 0.9871 -0.1600 0.0094
vn -0.1749 0.1684 0.9701
vn -0.1730 0.1682 0.9705
vn -0.7328 0.2129 0.6463
vn -0.8297 0.2102 0.5171
vn -0.0012 -0.1425 -0.9898
vn 0.1140 -0.1600 -0.9805
vn -0.2230 -0.9741 0.0366
vn 0.4774 -0.2013 -0.8553
vn -0.1583 -0.9785 0.1325
vn -0.1114 0.1596 0.9809
vn -0.1074 0.1590 0.9814
vn -0.1119 0.1597 0.9808
vn -0.9871 0.1590 -0.0161
vn -0.9871 0.1596 -0.0120
vn -0.9871 0.1597 -0.0116
vn -0.1589 -0.9785 0.1314
vn 0.9819 -0.1425 0.1249
vn 0.9630 -0.1228 0.2399
vn -0.0641 -0.9741 0.2166
vn -0.1177 -0.1228 -0.9854
vn -0.1512 -0.9785 0.1405
vn 0.2214 -0.1745 -0.9594
vn -0.1502 -0.9785 0.1412
vn 0.1381 0.1192 0.9832
vn 0.1326 -0.1626 -0.9777
vn -0.9229 0.0972 -0.3725
vn -0.8539 0.0651 -0.5164
vn 0.9796 -0.1745 -0.0998
vn -0.1215 -0.9888 0.0862
vn 0.9296 -0.1008 0.3546
vn 0.8517 -0.0642 0.5201
vn 0.6614 -0.0000 0.7500
vn -0.9843 0.1684 0.0522
vn -0.9862 0.1642 0.0205
vn -0.9861 0.1646 0.0234
vn -0.9845 0.1682 0.0503
vn -0.1007 -0.9888 0.1098
vn -0.2356 -0.1008 -0.9666
vn -0.4096 -0.0642 -0.9100
vn -0.6167 0.2102 0.7586
vn -0.9583 0.1192 -0.2599
vn -0.6614 -0.0000 -0.7500
vn 0.4056 0.0651 0.9117
vn 0.2542 0.0972 0.9623
vn -0.9811 0.1413 -0.1324
vt 0.772374 0.589445
vt 0.746336 0.589660
vt 0.746435 0.577250
vt 0.772469 0.577457
vt 0.948557 0.591265
vt 0.922526 0.590637
vt 0.922696 0.569144
vt 0.948745 0.567603
vt 0.707638 0.809206
vt 0.675541 0.811239
vt 0.673726 0.792527
vt 0.706526 0.789452
vt 0.566974 0.849745
vt 0.543680 0.865830
vt 0.526259 0.841833
vt 0.551313 0.827201
vt 0.852410 0.590230
vt 0.842488 0.590151
vt 0.842584 0.578013
vt 0.852512 0.577333
vt 0.604115 0.108780
vt 0.569862 0.109524
vt 0.574348 0.099444
vt 0.542413 0.167838
vt 0.571359 0.157602
vt 0.589495 0.194724
vt 0.557718 0.198948
vt 0.508702 0.158817
vt 0.554098 0.121924
vt 0.612082 0.146523
vt 0.621236 0.185769
vt 0.654586 0.105933
vt 0.654825 0.143205
vt 0.598966 0.070928
vt 0.654325 0.068423
vt 0.592898 0.019253
vt 0.653946 0.015987
vt 0.655056 0.182646
vt 0.676206 0.817748
vt 0.677678 0.828032
vt 0.653299 0.831598
vt 0.651719 0.822893
vt 0.707908 0.815076
vt 0.708763 0.824208
vt 0.742931 0.814695
vt 0.742931 0.825685
vt 0.545354 0.236353
vt 0.577243 0.223834
vt 0.552740 0.241833
vt 0.395238 0.896100
vt 0.401065 0.896100
vt 0.401065 0.928607
vt 0.395238 0.928607
vt 0.395238 0.866001
vt 0.401065 0.866001
vt 0.395238 0.803324
vt 0.401065 0.803324
vt 0.401065 0.835865
vt 0.395238 0.835865
vt 0.774684 0.347041
vt 0.767865 0.344814
vt 0.774535 0.303281
vt 0.782560 0.302841
vt 0.747517 0.383577
vt 0.744030 0.378276
vt 0.764210 0.265415
vt 0.770073 0.262876
vt 0.741575 0.238467
vt 0.744185 0.233684
vt 0.751121 0.271438
vt 0.732294 0.245761
vt 0.751751 0.338632
vt 0.758457 0.303550
vt 0.732294 0.370627
vt 0.623225 0.835682
vt 0.624179 0.826783
vt 0.625373 0.202031
vt 0.598101 0.211504
vt 0.655136 0.196444
vt 0.622141 0.820802
vt 0.650913 0.817156
vt 0.796892 0.589539
vt 0.796987 0.577651
vt 0.610910 0.824813
vt 0.602854 0.805670
vt 0.616337 0.801919
vt 0.742931 0.808146
vt 0.578356 0.068115
vt 0.439995 0.147223
vt 0.458492 0.138986
vt 0.448893 0.155518
vt 0.489711 0.132700
vt 0.476365 0.177879
vt 0.553044 0.120482
vt 0.540510 0.126547
vt 0.511185 0.133034
vt 0.583243 0.019684
vt 0.126969 0.155615
vt 0.126969 0.140920
vt 0.142929 0.140306
vt 0.142929 0.154608
vt 0.126969 0.036977
vt 0.126969 0.025437
vt 0.142929 0.030580
vt 0.142929 0.041593
vt 0.075932 0.073839
vt 0.075932 0.081008
vt 0.059526 0.084551
vt 0.059526 0.077345
vt 0.075932 0.154223
vt 0.075932 0.171429
vt 0.059526 0.168052
vt 0.059526 0.151701
vt 0.126969 0.132093
vt 0.142929 0.132881
vt 0.126969 0.042002
vt 0.142929 0.046416
vt 0.126969 0.231147
vt 0.126969 0.220098
vt 0.142929 0.216772
vt 0.142929 0.226739
vt 0.126969 0.210768
vt 0.126969 0.191965
vt 0.142929 0.190462
vt 0.142929 0.208423
vt 0.142929 0.242795
vt 0.148999 0.240413
vt 0.148999 0.253320
vt 0.142929 0.256204
vt 0.422532 0.325768
vt 0.408726 0.296643
vt 0.418197 0.290698
vt 0.471827 0.253164
vt 0.504744 0.263083
vt 0.506607 0.294635
vt 0.466748 0.283919
vt 0.456197 0.221793
vt 0.428262 0.272999
vt 0.504844 0.327735
vt 0.463279 0.327502
vt 0.469441 0.374870
vt 0.426269 0.382491
vt 0.382240 0.324474
vt 0.382923 0.385165
vt 0.328669 0.320727
vt 0.327202 0.382888
vt 0.511632 0.362169
vt 0.570205 0.854667
vt 0.590425 0.843996
vt 0.594405 0.851205
vt 0.574960 0.862778
vt 0.546511 0.870072
vt 0.550562 0.877215
vt 0.524595 0.884448
vt 0.526886 0.892472
vt 0.538749 0.244107
vt 0.545256 0.250451
vt 0.532167 0.277133
vt 0.406893 0.886389
vt 0.406893 0.918896
vt 0.401065 0.918896
vt 0.401065 0.886389
vt 0.406893 0.856290
vt 0.401065 0.856290
vt 0.406893 0.793613
vt 0.406893 0.826154
vt 0.401065 0.826154
vt 0.401066 0.793613
vt 0.635743 0.212165
vt 0.656425 0.202441
vt 0.657268 0.206441
vt 0.637760 0.215344
vt 0.619699 0.230780
vt 0.622885 0.232217
vt 0.677697 0.203319
vt 0.677241 0.206646
vt 0.696821 0.211988
vt 0.694852 0.214245
vt 0.691539 0.220411
vt 0.675867 0.213659
vt 0.659245 0.214307
vt 0.643014 0.222219
vt 0.629534 0.237171
vt 0.612978 0.830604
vt 0.618894 0.836583
vt 0.524527 0.299433
vt 0.521709 0.327576
vt 0.524700 0.357268
vt 0.587598 0.839385
vt 0.898010 0.590342
vt 0.898161 0.571270
vt 0.521457 0.880817
vt 0.816753 0.591836
vt 0.816864 0.577809
vt 0.377746 0.303573
vt 0.432299 0.156615
vt 0.441976 0.163663
vt 0.427604 0.176067
vt 0.427162 0.207900
vt 0.469048 0.186633
vt 0.426648 0.272188
vt 0.430375 0.258747
vt 0.431399 0.228892
vt 0.328644 0.310868
vt 0.142929 0.231583
vt 0.148999 0.229479
vt 0.148999 0.224495
vt 0.148999 0.215097
vt 0.148999 0.206798
vt 0.148999 0.189146
vt 0.142929 0.176649
vt 0.148999 0.175748
vt 0.148999 0.154009
vt 0.148999 0.140158
vt 0.148999 0.133016
vt 0.401065 0.785165
vt 0.406893 0.785165
vt 0.619868 0.237557
vt 0.616864 0.235843
vt 0.626269 0.241824
vt 0.696243 0.223133
vt 0.699619 0.217596
vt 0.701281 0.215341
vt 0.406893 0.928607
vt 0.142929 0.118395
vt 0.148999 0.119007
vt 0.124348 0.304118
vt 0.153757 0.306151
vt 0.152676 0.336541
vt 0.122955 0.335858
vt 0.091060 0.357799
vt 0.125873 0.352446
vt 0.096862 0.368467
vt 0.065055 0.297704
vt 0.092928 0.301098
vt 0.091430 0.334173
vt 0.063260 0.334940
vt 0.063601 0.358550
vt 0.078894 0.380052
vt 0.011099 0.368607
vt 0.031550 0.358271
vt 0.035019 0.385772
vt 0.016090 0.377549
vt 0.008471 0.289717
vt 0.032065 0.293310
vt 0.030570 0.334682
vt 0.006708 0.337940
vt 0.272143 0.366884
vt 0.291888 0.378710
vt 0.286244 0.387314
vt 0.266680 0.394201
vt 0.276310 0.301856
vt 0.300180 0.299956
vt 0.298474 0.348320
vt 0.274826 0.343342
vt 0.253300 0.365761
vt 0.252511 0.393896
vt 0.256657 0.303221
vt 0.255634 0.342276
vt 0.178237 0.354330
vt 0.212007 0.362179
vt 0.206080 0.372374
vt 0.183224 0.306183
vt 0.214230 0.305246
vt 0.213432 0.338438
vt 0.182383 0.338025
vt 0.234342 0.340540
vt 0.232455 0.364111
vt 0.235150 0.304352
vt 0.223218 0.385259
vt 0.158710 0.345975
vt 0.145977 0.345516
vt 0.049513 0.295859
vt 0.047724 0.335045
vt 0.048402 0.358518
vt 0.049120 0.386506
vt 0.610362 0.784930
vt 0.645029 0.779354
vt 0.648005 0.795128
vt 0.671597 0.775003
vt 0.705728 0.773099
vt 0.742931 0.768955
vt 0.742931 0.787366
vt 0.573396 0.817193
vt 0.567730 0.803002
vt 0.598190 0.788906
vt 0.544138 0.812950
vt 0.517515 0.830024
vt 0.504027 0.858987
vt 0.492022 0.850670
vt 0.878115 0.592323
vt 0.878258 0.574308
vt 0.142929 0.096389
vt 0.148999 0.097294
vt 0.126969 0.261591
vt 0.126969 0.247946
vt 0.142929 0.082599
vt 0.148999 0.083918
vt 0.075932 0.134299
vt 0.075932 0.142089
vt 0.059526 0.141118
vt 0.059526 0.135309
vt 0.142929 0.064678
vt 0.148999 0.066305
vt 0.075932 0.195633
vt 0.075932 0.202835
vt 0.059526 0.199361
vt 0.059526 0.192121
vt 0.142929 0.056348
vt 0.148999 0.058025
vt 0.148999 0.048661
vt 0.148999 0.043696
vt 0.126969 0.236194
vt 0.148999 0.032892
vt 0.142929 0.017040
vt 0.148999 0.019705
vt 0.126969 0.117383
vt 0.126969 0.095203
vt 0.075932 0.040972
vt 0.075932 0.058571
vt 0.059526 0.060900
vt 0.059526 0.043663
vt 0.075932 0.181492
vt 0.059526 0.177774
vt 0.126969 0.081084
vt 0.126969 0.062322
vt 0.126969 0.053014
vt 0.075932 0.105068
vt 0.075932 0.122196
vt 0.059526 0.124754
vt 0.059526 0.108478
vt 0.126969 0.177823
vt 0.075932 0.212328
vt 0.059526 0.209008
vt 0.075932 0.095064
vt 0.059526 0.098812
vt 0.075932 0.218176
vt 0.075932 0.235824
vt 0.059526 0.233168
vt 0.059526 0.215884
vt 0.075932 0.261036
vt 0.059526 0.257994
vt 0.126969 0.013032
vt 0.075932 0.064404
vt 0.059526 0.067756
vt 0.075932 0.015870
vt 0.059526 0.017744
vt 0.720304 0.589031
vt 0.720400 0.577043
vt 0.544115 0.588054
vt 0.544303 0.564392
vt 0.570324 0.566347
vt 0.570153 0.587839
vt 0.778223 0.809206
vt 0.779335 0.789452
vt 0.812135 0.792527
vt 0.810320 0.811239
vt 0.918887 0.849745
vt 0.934548 0.827201
vt 0.959602 0.841833
vt 0.942180 0.865830
vt 0.640267 0.588546
vt 0.640369 0.575648
vt 0.650285 0.576487
vt 0.650188 0.588624
vt 0.705121 0.108103
vt 0.734782 0.098298
vt 0.739431 0.108317
vt 0.768085 0.166856
vt 0.752513 0.197923
vt 0.720757 0.193998
vt 0.738659 0.156666
vt 0.801861 0.156511
vt 0.755443 0.120502
vt 0.688915 0.185379
vt 0.697643 0.146007
vt 0.709724 0.070138
vt 0.715038 0.018363
vt 0.809655 0.817748
vt 0.834142 0.822893
vt 0.832562 0.831598
vt 0.808183 0.828032
vt 0.777953 0.815076
vt 0.777098 0.824208
vt 0.765581 0.235318
vt 0.758054 0.240893
vt 0.733275 0.222983
vt 0.395238 0.928607
vt 0.389410 0.928607
vt 0.389410 0.896100
vt 0.389410 0.866001
vt 0.389410 0.835865
vt 0.389411 0.803324
vt 0.563979 0.339109
vt 0.558778 0.293869
vt 0.566875 0.294818
vt 0.571021 0.337282
vt 0.589190 0.377801
vt 0.593053 0.372652
vt 0.573926 0.254194
vt 0.579702 0.257132
vt 0.601965 0.226265
vt 0.604307 0.231271
vt 0.613245 0.239237
vt 0.592575 0.264051
vt 0.583134 0.296099
vt 0.587723 0.332034
vt 0.605413 0.365645
vt 0.861682 0.826784
vt 0.862636 0.835682
vt 0.712319 0.210860
vt 0.684959 0.201687
vt 0.834947 0.817156
vt 0.863720 0.820802
vt 0.695788 0.588736
vt 0.695882 0.576849
vt 0.869524 0.801919
vt 0.883007 0.805670
vt 0.874951 0.824813
vt 0.730301 0.067018
vt 0.871062 0.143625
vt 0.862209 0.152181
vt 0.852192 0.135625
vt 0.820475 0.129835
vt 0.834787 0.175283
vt 0.756473 0.119034
vt 0.769184 0.124832
vt 0.798806 0.130647
vt 0.724704 0.018651
vt 0.056808 0.151890
vt 0.039381 0.149208
vt 0.039381 0.138934
vt 0.056808 0.140049
vt 0.056808 0.055365
vt 0.039381 0.057701
vt 0.039381 0.040161
vt 0.056808 0.037575
vt 0.098124 0.204037
vt 0.080328 0.200550
vt 0.080328 0.193332
vt 0.098124 0.196857
vt 0.098124 0.123590
vt 0.080328 0.126128
vt 0.080328 0.109828
vt 0.098124 0.106437
vt 0.039381 0.133620
vt 0.056808 0.132506
vt 0.056808 0.061503
vt 0.039381 0.064674
vt 0.056808 0.211051
vt 0.039381 0.207879
vt 0.039381 0.197585
vt 0.056808 0.201109
vt 0.056808 0.193330
vt 0.039381 0.189981
vt 0.039381 0.175232
vt 0.056808 0.178906
vt 0.170394 0.227148
vt 0.170394 0.250138
vt 0.163680 0.248687
vt 0.163680 0.226447
vt 0.892673 0.325014
vt 0.896411 0.288996
vt 0.906236 0.294897
vt 0.841235 0.251867
vt 0.846702 0.283002
vt 0.805959 0.294488
vt 0.807444 0.261934
vt 0.855931 0.219521
vt 0.885752 0.271098
vt 0.850957 0.327532
vt 0.808310 0.328459
vt 0.889898 0.383248
vt 0.845472 0.376224
vt 0.933941 0.322908
vt 0.934406 0.385165
vt 0.988803 0.318025
vt 0.991512 0.381753
vt 0.801937 0.363930
vt 0.915656 0.854667
vt 0.910901 0.862778
vt 0.891456 0.851205
vt 0.895436 0.843996
vt 0.939350 0.870072
vt 0.935299 0.877214
vt 0.961266 0.884448
vt 0.958975 0.892472
vt 0.772183 0.243296
vt 0.779381 0.276887
vt 0.765611 0.249730
vt 0.406893 0.886389
vt 0.412720 0.886389
vt 0.412721 0.918896
vt 0.406893 0.918896
vt 0.406893 0.856290
vt 0.412721 0.856290
vt 0.406893 0.793613
vt 0.412720 0.793613
vt 0.412720 0.826154
vt 0.406893 0.826154
vt 0.741571 0.342897
vt 0.734865 0.340542
vt 0.742398 0.299778
vt 0.750328 0.299516
vt 0.713865 0.378750
vt 0.710127 0.373766
vt 0.732761 0.262152
vt 0.738833 0.259754
vt 0.710269 0.232405
vt 0.713622 0.227642
vt 0.720149 0.267988
vt 0.700153 0.241511
vt 0.719191 0.334065
vt 0.726598 0.299677
vt 0.699329 0.364792
vt 0.866968 0.836583
vt 0.872882 0.830604
vt 0.790986 0.328585
vt 0.787611 0.299712
vt 0.788433 0.359125
vt 0.898263 0.839385
vt 0.594822 0.568862
vt 0.594671 0.587933
vt 0.964404 0.880817
vt 0.676005 0.576691
vt 0.675894 0.590717
vt 0.938139 0.301389
vt 0.879022 0.152988
vt 0.884135 0.172580
vt 0.869358 0.160300
vt 0.885184 0.204771
vt 0.842341 0.184038
vt 0.887383 0.270232
vt 0.883228 0.256587
vt 0.881387 0.226171
vt 0.988637 0.307913
vt 0.170394 0.211325
vt 0.163680 0.211222
vt 0.170394 0.204405
vt 0.163680 0.204771
vt 0.170394 0.198563
vt 0.163680 0.197352
vt 0.170394 0.190703
vt 0.163680 0.189883
vt 0.170394 0.173678
vt 0.163680 0.173482
vt 0.163680 0.163511
vt 0.170394 0.163254
vt 0.163680 0.147922
vt 0.170394 0.147631
vt 0.170394 0.138330
vt 0.163680 0.138505
vt 0.170394 0.133646
vt 0.163680 0.133470
vt 0.412720 0.785165
vt 0.702271 0.380947
vt 0.706290 0.385430
vt 0.692841 0.371986
vt 0.692841 0.233885
vt 0.701737 0.224949
vt 0.705228 0.220769
vt 0.412721 0.928607
vt 0.406893 0.928607
vt 0.163680 0.124054
vt 0.170394 0.124344
vt 0.186100 0.402708
vt 0.186351 0.436046
vt 0.155157 0.435629
vt 0.155182 0.403720
vt 0.218963 0.460271
vt 0.212472 0.471237
vt 0.182659 0.453330
vt 0.248524 0.398241
vt 0.248987 0.437358
vt 0.219475 0.435481
vt 0.219164 0.400738
vt 0.247730 0.462104
vt 0.230873 0.484071
vt 0.302405 0.474652
vt 0.296830 0.483839
vt 0.276666 0.491741
vt 0.281352 0.463034
vt 0.308166 0.392022
vt 0.308177 0.442660
vt 0.283278 0.438334
vt 0.283287 0.394891
vt 0.028718 0.462897
vt 0.033406 0.491752
vt 0.013152 0.483785
vt 0.007561 0.474546
vt 0.026826 0.394545
vt 0.026802 0.438107
vt 0.001813 0.442426
vt 0.001867 0.391643
vt 0.048522 0.462438
vt 0.048277 0.491973
vt 0.047385 0.396726
vt 0.046969 0.437721
vt 0.127675 0.453311
vt 0.097788 0.471172
vt 0.091962 0.460255
vt 0.124279 0.402630
vt 0.123948 0.436054
vt 0.091372 0.435304
vt 0.091800 0.400466
vt 0.069363 0.436711
vt 0.070444 0.461502
vt 0.069895 0.398731
vt 0.079326 0.484031
vt 0.148471 0.445293
vt 0.161840 0.445297
vt 0.264892 0.396899
vt 0.265275 0.438060
vt 0.263670 0.462651
vt 0.261851 0.491973
vt 0.837856 0.795128
vt 0.840832 0.779354
vt 0.875499 0.784930
vt 0.814264 0.775003
vt 0.780133 0.773099
vt 0.887671 0.788906
vt 0.918131 0.803002
vt 0.912465 0.817193
vt 0.941723 0.812950
vt 0.968346 0.830024
vt 0.993839 0.850670
vt 0.981834 0.858987
vt 0.614674 0.572215
vt 0.614531 0.590230
vt 0.170394 0.108722
vt 0.163680 0.108464
vt 0.056808 0.260411
vt 0.039381 0.257361
vt 0.039381 0.232392
vt 0.056808 0.234978
vt 0.170394 0.098298
vt 0.163680 0.098493
vt 0.098124 0.143482
vt 0.080328 0.142493
vt 0.080328 0.136689
vt 0.098124 0.135699
vt 0.163680 0.082092
vt 0.170394 0.081273
vt 0.098124 0.082325
vt 0.080328 0.085850
vt 0.080328 0.078632
vt 0.098124 0.075145
vt 0.163680 0.074623
vt 0.170394 0.073412
vt 0.163680 0.064817
vt 0.170394 0.065450
vt 0.163680 0.058388
vt 0.170394 0.058581
vt 0.039381 0.214852
vt 0.056808 0.217189
vt 0.163680 0.042665
vt 0.170394 0.042244
vt 0.163680 0.019206
vt 0.170394 0.018002
vt 0.056808 0.120664
vt 0.039381 0.123346
vt 0.039381 0.107290
vt 0.056808 0.103824
vt 0.098124 0.236938
vt 0.080328 0.234267
vt 0.080328 0.217020
vt 0.098124 0.219329
vt 0.080328 0.100142
vt 0.098124 0.096412
vt 0.039381 0.097322
vt 0.056808 0.093647
vt 0.056808 0.079224
vt 0.039381 0.082572
vt 0.039381 0.074968
vt 0.056808 0.071444
vt 0.098124 0.172744
vt 0.080328 0.169354
vt 0.080328 0.153053
vt 0.098124 0.155591
vt 0.056808 0.168730
vt 0.039381 0.165264
vt 0.080328 0.069022
vt 0.098124 0.065689
vt 0.098124 0.182770
vt 0.080328 0.179040
vt 0.098124 0.059853
vt 0.080328 0.062162
vt 0.080328 0.044915
vt 0.098124 0.042244
vt 0.080328 0.020164
vt 0.098124 0.017107
vt 0.039381 0.015193
vt 0.056808 0.012143
vt 0.098124 0.213493
vt 0.080328 0.210160
vt 0.098124 0.262074
vt 0.080328 0.259017
vt 0.925543 0.158190
vt 0.925185 0.153657
vt 0.940842 0.152253
vt 0.942226 0.156695
vt 0.992505 0.108546
vt 0.988229 0.106885
vt 0.990817 0.098244
vt 0.995235 0.099292
vt 0.874028 0.023332
vt 0.876982 0.026952
vt 0.866997 0.038996
vt 0.863500 0.036152
vt 0.903847 0.151446
vt 0.894335 0.148500
vt 0.896186 0.143628
vt 0.905044 0.146426
vt 0.852485 0.055969
vt 0.856666 0.057636
vt 0.853628 0.067064
vt 0.849268 0.065983
vt 0.951054 0.012623
vt 0.949400 0.016666
vt 0.941080 0.013791
vt 0.942222 0.009445
vt 0.914240 0.157792
vt 0.914590 0.153256
vt 0.861316 0.047845
vt 0.857428 0.045554
vt 0.892699 0.152673
vt 0.881054 0.147735
vt 0.882796 0.143042
vt 0.846417 0.078424
vt 0.851284 0.079776
vt 0.878265 0.146489
vt 0.874113 0.143165
vt 0.880453 0.141939
vt 0.845846 0.087041
vt 0.845596 0.081463
vt 0.850807 0.082424
vt 0.981159 0.129159
vt 0.977702 0.126281
vt 0.984893 0.114147
vt 0.988834 0.116212
vt 0.933958 0.007924
vt 0.933323 0.012304
vt 0.919272 0.010973
vt 0.918961 0.006450
vt 0.998247 0.078149
vt 0.993523 0.078330
vt 0.984346 0.049050
vt 0.988041 0.047138
vt 0.955304 0.147532
vt 0.957579 0.151900
vt 0.886434 0.012816
vt 0.888856 0.017138
vt 0.966196 0.025323
vt 0.968882 0.021723
vt 0.855807 0.117814
vt 0.859473 0.115984
vt 0.877006 0.139662
vt 0.970200 0.141996
vt 0.967391 0.138336
vt 0.902798 0.155850
vt 0.850580 0.086781
vt 0.997721 0.086526
vt 0.993741 0.086314
vt 0.962268 0.017780
vt 0.960226 0.020965
vt 0.998330 0.083756
vt 0.994180 0.083773
vt 0.964529 0.018770
vt 0.962378 0.022014
vt 0.901857 0.007877
vt 0.903256 0.012324
vt 0.988310 0.078811
vt 0.979842 0.051432
vt 0.993102 0.086302
vt 0.985792 0.097008
vt 0.987830 0.085638
vt 0.883142 0.142537
vt 0.885486 0.137941
vt 0.855860 0.086485
vt 0.863975 0.113698
vt 0.947541 0.021413
vt 0.939826 0.018683
vt 0.880839 0.141441
vt 0.963066 0.029057
vt 0.959887 0.021460
vt 0.879994 0.135873
vt 0.883269 0.137009
vt 0.851468 0.082404
vt 0.856751 0.082916
vt 0.962016 0.022501
vt 0.980299 0.111809
vt 0.983391 0.105051
vt 0.932567 0.017407
vt 0.959662 0.026719
vt 0.993516 0.083781
vt 0.915096 0.148111
vt 0.957651 0.025898
vt 0.880649 0.030659
vt 0.871164 0.042000
vt 0.988205 0.083347
vt 0.963869 0.134618
vt 0.973537 0.123326
vt 0.952826 0.142881
vt 0.851912 0.079786
vt 0.858577 0.068332
vt 0.857182 0.080486
vt 0.919272 0.016182
vt 0.904354 0.017485
vt 0.865815 0.050339
vt 0.891474 0.021687
vt 0.925056 0.148442
vt 0.939736 0.147063
vt 0.861439 0.059519
s 1
usemtl Material.002
f 947/1147/1006 896/1148/1007 1081/1149/1007 1088/1150/1008
f 905/1151/1009 1015/1152/1010 1096/1153/1011 1083/1154/1009
f 948/1155/1012 951/1156/1013 1086/1157/1014 1092/1158/1015
f 1019/1159/1016 1016/1160/1017 1100/1161/1018 1094/1162/1019
f 1011/1163/1020 943/1164/1021 1090/1165/1022 1098/1166/1023
f 917/1167/1024 960/1168/1025 959/1169/1026
f 910/1170/1027 913/1171/1028 912/1172/1029 909/1173/1030
f 911/1174/1031 914/1175/1032 913/1171/1028 910/1170/1027
f 913/1171/1028 916/1176/1033 915/1177/1034 912/1172/1029
f 914/1175/1032 917/1167/1024 916/1176/1033 913/1171/1028
f 917/1167/1024 892/1178/1035 891/1179/1036 916/1176/1033
f 918/1180/1037 893/1181/1038 892/1178/1035 917/1167/1024
f 919/1182/1039 894/1183/1040 893/1181/1038 918/1180/1037
f 916/1176/1033 891/1179/1036 890/1184/1041 915/1177/1034
f 949/1185/1042 941/1186/1043 942/1187/1044 952/1188/1045
f 946/1189/1046 940/1190/1047 941/1186/1043 949/1185/1042
f 897/1191/1048 895/1192/1048 940/1190/1047 946/1189/1046
f 921/1193/1049 909/1173/1030 953/1194/1050 943/1195/1051
f 911/1196/1052 926/1197/1052 927/1198/1053 922/1199/1053
f 910/1200/1054 925/1201/1054 926/1197/1054 911/1196/1054
f 921/1202/1055 928/1203/1055 924/1204/1056 909/1205/1056
f 909/1205/1057 924/1204/1057 925/1201/1057 910/1200/1057
f 924/1206/1058 929/1207/1058 930/1208/1058 925/1209/1058
f 928/1210/1058 933/1211/1058 929/1207/1058 924/1206/1058
f 925/1209/1058 930/1208/1058 931/1212/1058 926/1213/1058
f 926/1213/1058 931/1212/1058 932/1214/1058 927/1215/1058
f 931/1212/1059 936/1216/1059 937/1217/1060 932/1214/1060
f 929/1207/1061 934/1218/1061 935/1219/1061 930/1208/1061
f 933/1211/1062 938/1220/1062 934/1218/1063 929/1207/1063
f 930/1208/1064 935/1219/1064 936/1216/1064 931/1212/1064
f 952/1188/1045 942/1187/1044 939/1221/1065 944/1222/1065
f 912/1172/1029 915/1177/1034 947/1223/1066 950/1224/1067
f 915/1177/1034 890/1184/1041 896/1225/1068 947/1223/1066
f 909/1173/1030 912/1172/1029 950/1224/1067 953/1194/1050
f 944/1222/1069 945/1226/1070 954/1227/1071 952/1188/1072
f 950/1228/1073 947/1147/1006 1088/1150/1008 1085/1229/1074
f 952/1188/1072 954/1227/1071 951/1156/1013 949/1185/1075
f 945/1226/1070 1013/1230/1076 1099/1231/1077 1091/1232/1078
f 949/1185/1075 951/1156/1013 948/1155/1012 946/1189/1079
f 946/1189/1079 948/1155/1012 898/1233/1080 897/1191/1081
f 959/1169/1026 961/1234/1082 918/1180/1037 917/1167/1024
f 923/1235/1083 920/1236/1084 908/1237/1085
f 911/1174/1031 908/1237/1085 958/1238/1086
f 908/1237/1085 911/1174/1031 922/1239/1087
f 958/1238/1086 908/1237/1085 920/1236/1084
f 917/1167/1024 914/1175/1032 956/1240/1088 960/1168/1025
f 957/1241/1089 956/1240/1088 914/1175/1032 911/1174/1031
f 955/1242/1090 911/1174/1031 958/1238/1086
f 911/1174/1031 955/1242/1090 957/1241/1089
f 918/1180/1037 961/1234/1082 962/1243/1091 919/1182/1039
f 920/1244/1092 923/1245/1093 1122/1246/1094 1123/1247/1095
f 1027/1248/1096 1029/1249/1097 1040/1250/1098 1107/1251/1099
f 1050/1252/1100 1042/1253/1101 1035/1254/1102 964/1255/1100
f 970/1256/1103 969/1257/1104 1108/1258/1105 1113/1259/1106
f 923/1245/1093 991/1260/1107 1102/1261/1108 1122/1246/1094
f 1028/1262/1109 1027/1248/1096 1107/1251/1099 1106/1263/1109
f 960/1264/1110 956/1265/1111 1119/1266/1112 1126/1267/1110
f 957/1268/1113 955/1269/1114 1124/1270/1115 1125/1271/1116
f 1120/1272/1117 1110/1273/1118 1111/1274/1119 1121/1275/1119
f 985/1276/1120 1027/1277/1121 1028/1278/1122
f 978/1279/1123 977/1280/1124 980/1281/1125 981/1282/1126
f 979/1283/1127 978/1279/1123 981/1282/1126 982/1284/1128
f 981/1282/1126 980/1281/1125 983/1285/1129 984/1286/1130
f 982/1284/1128 981/1282/1126 984/1286/1130 985/1276/1120
f 985/1276/1120 984/1286/1130 900/1287/1131 901/1288/1132
f 986/1289/1133 985/1276/1120 901/1288/1132 902/1290/1134
f 987/1291/1135 986/1289/1133 902/1290/1134 903/1292/1136
f 984/1286/1130 983/1285/1129 899/1293/1137 900/1287/1131
f 1017/1294/1138 1020/1295/1139 1010/1296/1140 1009/1297/1141
f 1014/1298/1142 1017/1294/1138 1009/1297/1141 1008/1299/1142
f 906/1300/1143 1014/1298/1142 1008/1299/1142 904/1301/1143
f 989/1302/1144 1011/1303/1145 1021/1304/1146 977/1280/1124
f 979/1305/1147 990/1306/1148 995/1307/1148 994/1308/1147
f 978/1309/1149 979/1305/1149 994/1308/1149 993/1310/1149
f 989/1311/1150 977/1312/1151 992/1313/1151 996/1314/1150
f 977/1312/1152 978/1309/1152 993/1310/1152 992/1313/1152
f 992/1315/1058 993/1316/1058 998/1317/1058 997/1318/1058
f 996/1319/1058 992/1315/1058 997/1318/1058 1001/1320/1058
f 993/1316/1058 994/1321/1058 999/1322/1058 998/1317/1058
f 994/1321/1058 995/1323/1058 1000/1324/1058 999/1322/1058
f 999/1322/1153 1000/1324/1154 1005/1325/1154 1004/1326/1153
f 997/1318/1155 998/1317/1155 1003/1327/1155 1002/1328/1155
f 1001/1320/1156 997/1318/1157 1002/1328/1157 1006/1329/1156
f 998/1317/1158 999/1322/1158 1004/1326/1158 1003/1327/1158
f 1020/1295/1139 1012/1330/1159 1007/1331/1159 1010/1296/1140
f 980/1281/1125 1018/1332/1160 1015/1333/1161 983/1285/1129
f 983/1285/1129 1015/1333/1161 905/1334/1162 899/1293/1137
f 977/1280/1124 1021/1304/1146 1018/1332/1160 980/1281/1125
f 1012/1330/1163 1020/1295/1164 1022/1335/1165 1013/1230/1076
f 1020/1295/1164 1017/1294/1166 1019/1159/1016 1022/1335/1165
f 1017/1294/1166 1014/1298/1167 1016/1160/1017 1019/1159/1016
f 1015/1152/1010 1018/1336/1168 1093/1337/1169 1096/1153/1011
f 1014/1298/1167 906/1300/1170 907/1338/1171 1016/1160/1017
f 943/1164/1021 953/1339/1172 1087/1340/1173 1090/1165/1022
f 1027/1277/1121 985/1276/1120 986/1289/1133 1029/1341/1174
f 991/1342/1175 976/1343/1176 988/1344/1177
f 979/1283/1127 1026/1345/1178 976/1343/1176
f 976/1343/1176 990/1346/1179 979/1283/1127
f 1026/1345/1178 988/1344/1177 976/1343/1176
f 985/1276/1120 1028/1278/1122 1024/1347/1180 982/1284/1128
f 1025/1348/1181 979/1283/1127 982/1284/1128 1024/1347/1180
f 1023/1349/1182 1026/1345/1178 979/1283/1127
f 979/1283/1127 1025/1348/1181 1023/1349/1182
f 986/1289/1133 987/1291/1135 1030/1350/1183 1029/1341/1174
f 1127/1351/1184 1117/1352/1185 1110/1273/1118 1120/1272/1117
f 1126/1267/1186 1116/1353/1187 1117/1352/1185 1127/1351/1184
f 1119/1266/1188 1109/1354/1189 1116/1353/1187 1126/1267/1186
f 1125/1271/1190 1115/1355/1191 1109/1354/1189 1119/1266/1188
f 1124/1270/1192 1114/1356/1193 1115/1355/1191 1125/1271/1190
f 1124/1270/1192 1118/1357/1194 1108/1358/1195 1114/1356/1193
f 1118/1357/1194 1123/1247/1196 1113/1359/1197 1108/1358/1195
f 1122/1246/1198 1112/1360/1199 1113/1359/1197 1123/1247/1196
f 1102/1261/1200 1032/1361/1201 1112/1360/1199 1122/1246/1198
f 945/1226/1070 944/1222/1069 1012/1330/1163 1013/1230/1076
f 943/1195/1051 1011/1303/1145 989/1302/1144 921/1193/1049
f 928/1362/1055 921/1363/1055 989/1311/1150 996/1314/1150
f 933/1364/1058 928/1365/1058 996/1319/1058 1001/1320/1058
f 938/1366/1062 933/1364/1062 1001/1320/1156 1006/1329/1156
f 937/1367/1060 1005/1325/1154 1000/1324/1154 932/1368/1060
f 932/1368/1058 1000/1324/1058 995/1323/1058 927/1369/1058
f 927/1198/1053 995/1307/1148 990/1306/1148 922/1370/1053
f 922/1239/1087 990/1346/1179 976/1343/1176 908/1237/1085
f 908/1237/1085 976/1343/1176 991/1342/1175 923/1235/1083
f 1102/1261/1200 1103/1371/1202 1033/1372/1203 1032/1361/1201
f 1073/1373/1204 1061/1374/1205 1062/1375/1206 1074/1376/1207
f 1063/1377/1208 1045/1378/1209 1044/1379/1210
f 1075/1380/1211 1051/1381/1212 1052/1382/1213 1076/1383/1214
f 1077/1384/1215 1063/1377/1208 1044/1379/1210 1043/1385/1216
f 1047/1386/1217 1064/1387/1218 1050/1388/1219 1041/1389/1220
f 1049/1390/1221 1053/1391/1222 1054/1392/1223 1048/1393/1224
f 1065/1394/1225 972/1395/1226 966/1396/1227 975/1397/1228
f 1056/1398/1229 974/1399/1230 973/1400/1231 1057/1401/1232
f 1069/1402/1233 1065/1394/1225 975/1397/1228 967/1403/1234
f 1068/1404/1235 1056/1398/1229 1057/1401/1232 1067/1405/1236
f 970/1406/1237 1066/1407/1238 969/1408/1239
f 1060/1409/1240 1058/1410/1241 1059/1411/1242 1055/1412/1243
f 1055/1412/1243 1059/1411/1242 1066/1407/1238 970/1406/1237
f 1067/1405/1236 1057/1401/1232 1065/1394/1225 1069/1402/1233
f 1057/1401/1232 973/1400/1231 972/1395/1226 1065/1394/1225
f 1048/1393/1224 1054/1392/1223 1064/1387/1218 1047/1386/1217
f 1076/1383/1214 1052/1382/1213 1063/1377/1208 1077/1384/1215
f 1052/1382/1213 1045/1378/1209 1063/1377/1208
f 1070/1413/1244 1067/1405/1236 1069/1402/1233 1072/1414/1245
f 1071/1415/1246 1068/1404/1235 1067/1405/1236 1070/1413/1244
f 1072/1414/1245 1069/1402/1233 967/1403/1234 968/1416/1247
f 1066/1407/1238 1072/1414/1245 968/1416/1247 969/1408/1239
f 1058/1410/1241 1071/1415/1246 1070/1413/1244 1059/1411/1242
f 1059/1411/1242 1070/1413/1244 1072/1414/1245 1066/1407/1238
f 1062/1375/1206 1055/1412/1243 970/1406/1237 971/1417/1248
f 1061/1374/1205 1060/1409/1240 1055/1412/1243 1062/1375/1206
f 1046/1418/1249 1045/1378/1209 1074/1376/1207 1062/1375/1206
f 1051/1381/1212 1073/1373/1204 1074/1376/1207 1052/1382/1213
f 1078/1419/1250 1075/1380/1211 1076/1383/1214 1079/1420/1251
f 1045/1378/1209 1052/1382/1213 1074/1376/1207
f 1079/1420/1251 1076/1383/1214 1077/1384/1215 1080/1421/1252
f 1046/1418/1249 1062/1375/1206 971/1417/1248
f 1080/1421/1252 1077/1384/1215 1043/1385/1216 1042/1422/1253
f 1064/1387/1218 1080/1421/1252 1042/1422/1253 1050/1388/1219
f 1054/1392/1223 1079/1420/1251 1080/1421/1252 1064/1387/1218
f 1053/1391/1222 1078/1419/1250 1079/1420/1251 1054/1392/1223
f 1091/1232/1254 1090/1423/1255 1087/1424/1256 1089/1425/1256
f 1089/1425/1256 1087/1424/1256 1085/1426/1256 1086/1157/1256
f 1086/1157/1256 1085/1426/1256 1088/1427/1256 1092/1158/1256
f 1092/1158/1256 1088/1427/1256 1081/1428/1256 1082/1429/1256
f 1099/1231/1257 1097/1430/1258 1095/1431/1259 1098/1432/1260
f 1097/1430/1258 1094/1162/1261 1093/1433/1262 1095/1431/1259
f 1094/1162/1261 1100/1161/1263 1096/1434/1264 1093/1433/1262
f 1100/1161/1263 1084/1435/1265 1083/1436/1265 1096/1434/1264
f 1091/1232/1254 1099/1231/1257 1098/1432/1260 1090/1423/1255
f 1016/1160/1017 907/1338/1171 1084/1435/1266 1100/1161/1018
f 1018/1336/1168 1021/1437/1267 1095/1438/1268 1093/1337/1169
f 1022/1335/1165 1019/1159/1016 1094/1162/1019 1097/1430/1269
f 898/1233/1080 948/1155/1012 1092/1158/1015 1082/1429/1270
f 953/1339/1172 950/1228/1073 1085/1229/1074 1087/1340/1173
f 951/1156/1013 954/1227/1071 1089/1425/1271 1086/1157/1014
f 1013/1230/1076 1022/1335/1165 1097/1430/1269 1099/1231/1077
f 954/1227/1071 945/1226/1070 1091/1232/1078 1089/1425/1271
f 1021/1437/1267 1011/1163/1020 1098/1166/1023 1095/1438/1268
f 1038/1439/1272 963/1440/1273 1033/1372/1203 1103/1371/1202
f 956/1265/1111 957/1268/1113 1125/1271/1116 1119/1266/1112
f 962/1441/1274 961/1442/1275 1120/1272/1276 1121/1275/1274
f 1104/1443/1277 1034/1444/1278 963/1440/1273 1038/1439/1272
f 1046/1445/1279 971/1446/1280 1112/1447/1281 1032/1448/1282
f 1104/1443/1277 1105/1449/1283 1035/1450/1284 1034/1444/1278
f 967/1451/1285 975/1452/1286 1109/1453/1286 1115/1454/1287
f 1105/1449/1283 1039/1455/1288 964/1456/1289 1035/1450/1284
f 1039/1455/1288 1106/1263/1290 1036/1457/1291 964/1456/1289
f 1106/1263/1290 1107/1251/1292 1037/1458/1293 1036/1457/1291
f 961/1442/1275 959/1459/1294 1127/1351/1295 1120/1272/1276
f 1107/1251/1292 1040/1250/1296 965/1460/1297 1037/1458/1293
f 1040/1250/1296 1101/1461/1298 1031/1462/1298 965/1460/1297
f 988/1463/1299 1026/1464/1300 1038/1439/1301 1103/1371/1302
f 1048/1465/1303 1047/1466/1304 1037/1467/1305 965/1468/1306
f 959/1459/1294 960/1264/1307 1126/1267/1307 1127/1351/1295
f 969/1257/1104 968/1469/1308 1114/1470/1309 1108/1258/1105
f 1026/1464/1300 1023/1471/1310 1104/1443/1311 1038/1439/1301
f 1025/1472/1312 1024/1473/1313 1039/1455/1314 1105/1449/1315
f 991/1260/1107 988/1463/1299 1103/1371/1302 1102/1261/1108
f 1044/1474/1316 1045/1475/1317 1033/1476/1318 963/1477/1319
f 958/1478/1320 920/1244/1092 1123/1247/1095 1118/1357/1321
f 975/1452/1322 966/1479/1322 1116/1480/1322 1109/1453/1322
f 1024/1473/1313 1028/1262/1323 1106/1263/1323 1039/1455/1314
f 1023/1471/1310 1025/1472/1312 1105/1449/1315 1104/1443/1311
f 1043/1481/1324 1044/1474/1316 963/1477/1319 1034/1482/1325
f 972/1483/1326 973/1484/1327 1110/1485/1328 1117/1486/1329
f 973/1484/1327 974/1487/1330 1111/1488/1330 1110/1485/1328
f 1029/1249/1097 1030/1489/1331 1101/1461/1331 1040/1250/1098
f 1041/1490/1332 1050/1252/1332 964/1255/1332 1036/1491/1332
f 971/1446/1280 970/1256/1103 1113/1259/1106 1112/1447/1281
f 1049/1492/1333 1048/1465/1303 965/1468/1306 1031/1493/1333
f 955/1269/1114 958/1478/1320 1118/1357/1321 1124/1270/1115
f 968/1469/1308 967/1451/1285 1115/1454/1287 1114/1470/1309
f 1045/1475/1317 1046/1445/1279 1032/1448/1282 1033/1476/1318
f 966/1479/1334 972/1483/1326 1117/1486/1329 1116/1480/1334
f 1042/1253/1101 1043/1481/1324 1034/1482/1325 1035/1254/1102
f 1047/1466/1304 1041/1490/1335 1036/1491/1335 1037/1467/1305
f 1167/1494/1336 1304/1495/1337 1081/1149/1338 896/1148/1338
f 905/1496/1339 1083/1497/1339 1312/1498/1340 1235/1499/1341
f 1168/1500/1342 1308/1501/1343 1302/1502/1344 1171/1503/1345
f 1239/1504/1346 1310/1505/1347 1316/1506/1348 1236/1507/1349
f 1231/1508/1350 1314/1509/1351 1306/1510/1352 1163/1511/1353
f 1137/1512/1354 1179/1513/1355 1180/1514/1356
f 1130/1515/1357 1129/1516/1358 1132/1517/1359 1133/1518/1360
f 1131/1519/1361 1130/1515/1357 1133/1518/1360 1134/1520/1362
f 1133/1518/1360 1132/1517/1359 1135/1521/1363 1136/1522/1364
f 1134/1520/1362 1133/1518/1360 1136/1522/1364 1137/1512/1354
f 1137/1512/1354 1136/1522/1364 891/1179/1036 892/1178/1035
f 1138/1523/1365 1137/1512/1354 892/1178/1035 893/1181/1038
f 1139/1524/1366 1138/1523/1365 893/1181/1038 894/1183/1040
f 1136/1522/1364 1135/1521/1363 890/1184/1041 891/1179/1036
f 1169/1525/1367 1172/1526/1368 1162/1527/1369 1161/1528/1370
f 1166/1529/1371 1169/1525/1367 1161/1528/1370 1160/1530/1371
f 897/1191/1048 1166/1529/1371 1160/1530/1371 895/1192/1048
f 1141/1531/1372 1163/1532/1373 1173/1533/1374 1129/1516/1358
f 1131/1196/1375 1142/1534/1376 1147/1535/1376 1146/1536/1375
f 1130/1200/1377 1131/1196/1377 1146/1536/1377 1145/1537/1377
f 1141/1202/1378 1129/1205/1379 1144/1538/1379 1148/1539/1378
f 1129/1205/1380 1130/1200/1380 1145/1537/1380 1144/1538/1380
f 1144/1540/1381 1145/1541/1381 1150/1542/1381 1149/1543/1381
f 1148/1544/1381 1144/1540/1381 1149/1543/1381 1153/1545/1381
f 1145/1541/1381 1146/1546/1381 1151/1547/1381 1150/1542/1381
f 1146/1546/1381 1147/1548/1381 1152/1549/1381 1151/1547/1381
f 1151/1547/1382 1152/1549/1383 1157/1550/1383 1156/1551/1382
f 1149/1543/1384 1150/1542/1384 1155/1552/1384 1154/1553/1384
f 1153/1545/1385 1149/1543/1386 1154/1553/1386 1158/1554/1385
f 1150/1542/1387 1151/1547/1387 1156/1551/1387 1155/1552/1387
f 1172/1526/1368 1164/1555/1388 1159/1556/1388 1162/1527/1369
f 1132/1517/1359 1170/1557/1389 1167/1558/1390 1135/1521/1363
f 1135/1521/1363 1167/1558/1390 896/1225/1068 890/1184/1041
f 1129/1516/1358 1173/1533/1374 1170/1557/1389 1132/1517/1359
f 1164/1555/1391 1172/1526/1392 1174/1559/1393 1165/1560/1394
f 1170/1561/1395 1301/1562/1396 1304/1495/1337 1167/1494/1336
f 1172/1526/1392 1169/1525/1397 1171/1503/1345 1174/1559/1393
f 1165/1560/1394 1307/1563/1398 1315/1564/1399 1233/1565/1400
f 1169/1525/1397 1166/1529/1401 1168/1500/1342 1171/1503/1345
f 1166/1529/1401 897/1191/1402 898/1233/1403 1168/1500/1342
f 1179/1513/1355 1137/1512/1354 1138/1523/1365 1181/1566/1404
f 1143/1567/1405 1128/1568/1406 1140/1569/1407
f 1131/1519/1361 1178/1570/1408 1128/1568/1406
f 1128/1568/1406 1142/1571/1409 1131/1519/1361
f 1178/1570/1408 1140/1569/1407 1128/1568/1406
f 1137/1512/1354 1180/1514/1356 1176/1572/1410 1134/1520/1362
f 1177/1573/1411 1131/1519/1361 1134/1520/1362 1176/1572/1410
f 1175/1574/1412 1178/1570/1408 1131/1519/1361
f 1131/1519/1361 1177/1573/1411 1175/1574/1412
f 1138/1523/1365 1139/1524/1366 1182/1575/1413 1181/1566/1404
f 1140/1576/1414 1339/1577/1415 1338/1578/1416 1143/1579/1417
f 1247/1580/1418 1323/1581/1419 1260/1582/1420 1249/1583/1421
f 1270/1584/1422 1184/1585/1422 1255/1586/1423 1262/1587/1424
f 1190/1588/1425 1329/1589/1426 1324/1590/1427 1189/1591/1428
f 1143/1579/1417 1338/1578/1416 1318/1592/1429 1211/1593/1430
f 1248/1594/1431 1322/1595/1431 1323/1581/1419 1247/1580/1418
f 1180/1596/1432 1342/1597/1432 1335/1598/1433 1176/1599/1434
f 1177/1600/1435 1341/1601/1436 1340/1602/1437 1175/1603/1438
f 1336/1604/1439 1337/1605/1440 1327/1606/1440 1326/1607/1441
f 1205/1608/1442 1248/1609/1443 1247/1610/1444
f 1198/1611/1445 1201/1612/1446 1200/1613/1447 1197/1614/1448
f 1199/1615/1449 1202/1616/1450 1201/1612/1446 1198/1611/1445
f 1201/1612/1446 1204/1617/1451 1203/1618/1452 1200/1613/1447
f 1202/1616/1450 1205/1608/1442 1204/1617/1451 1201/1612/1446
f 1205/1608/1442 901/1619/1132 900/1620/1131 1204/1617/1451
f 1206/1621/1453 902/1622/1134 901/1619/1132 1205/1608/1442
f 1207/1623/1454 903/1624/1136 902/1622/1134 1206/1621/1453
f 1204/1617/1451 900/1620/1131 899/1625/1137 1203/1618/1452
f 1237/1626/1455 1229/1627/1456 1230/1628/1457 1240/1629/1458
f 1234/1630/1459 1228/1631/1460 1229/1627/1456 1237/1626/1455
f 906/1632/1143 904/1633/1143 1228/1631/1460 1234/1630/1459
f 1209/1634/1461 1197/1614/1448 1241/1635/1462 1231/1636/1463
f 1199/1637/1464 1214/1638/1464 1215/1639/1465 1210/1640/1465
f 1198/1641/1466 1213/1642/1466 1214/1638/1466 1199/1637/1466
f 1209/1643/1467 1216/1644/1467 1212/1645/1468 1197/1646/1468
f 1197/1646/1469 1212/1645/1469 1213/1642/1469 1198/1641/1469
f 1212/1647/1381 1217/1648/1381 1218/1649/1381 1213/1650/1381
f 1216/1651/1381 1221/1652/1381 1217/1648/1381 1212/1647/1381
f 1213/1650/1381 1218/1649/1381 1219/1653/1381 1214/1654/1381
f 1214/1654/1381 1219/1653/1381 1220/1655/1381 1215/1656/1381
f 1219/1653/1470 1224/1657/1470 1225/1658/1471 1220/1655/1471
f 1217/1648/1472 1222/1659/1472 1223/1660/1472 1218/1649/1472
f 1221/1652/1473 1226/1661/1473 1222/1659/1474 1217/1648/1474
f 1218/1649/1475 1223/1660/1475 1224/1657/1475 1219/1653/1475
f 1240/1629/1458 1230/1628/1457 1227/1662/1476 1232/1663/1476
f 1200/1613/1447 1203/1618/1452 1235/1664/1477 1238/1665/1478
f 1203/1618/1452 899/1625/1137 905/1666/1162 1235/1664/1477
f 1197/1614/1448 1200/1613/1447 1238/1665/1478 1241/1635/1462
f 1232/1663/1479 1233/1565/1400 1242/1667/1480 1240/1629/1481
f 1240/1629/1481 1242/1667/1480 1239/1504/1346 1237/1626/1482
f 1237/1626/1482 1239/1504/1346 1236/1507/1349 1234/1630/1483
f 1235/1499/1341 1312/1498/1340 1309/1668/1484 1238/1669/1485
f 1234/1630/1483 1236/1507/1349 907/1670/1486 906/1632/1487
f 1163/1511/1353 1306/1510/1352 1303/1671/1488 1173/1672/1489
f 1247/1610/1444 1249/1673/1490 1206/1621/1453 1205/1608/1442
f 1211/1674/1491 1208/1675/1492 1196/1676/1493
f 1199/1615/1449 1196/1676/1493 1246/1677/1494
f 1196/1676/1493 1199/1615/1449 1210/1678/1495
f 1246/1677/1494 1196/1676/1493 1208/1675/1492
f 1205/1608/1442 1202/1616/1450 1244/1679/1496 1248/1609/1443
f 1245/1680/1497 1244/1679/1496 1202/1616/1450 1199/1615/1449
f 1243/1681/1498 1199/1615/1449 1246/1677/1494
f 1199/1615/1449 1243/1681/1498 1245/1680/1497
f 1206/1621/1453 1249/1673/1490 1250/1682/1499 1207/1623/1454
f 1343/1683/1500 1336/1604/1439 1326/1607/1441 1333/1684/1501
f 1342/1685/1502 1343/1683/1500 1333/1684/1501 1332/1686/1503
f 1335/1687/1504 1342/1685/1502 1332/1686/1503 1325/1688/1505
f 1341/1689/1506 1335/1687/1504 1325/1688/1505 1331/1690/1507
f 1340/1691/1508 1341/1689/1506 1331/1690/1507 1330/1692/1509
f 1340/1691/1508 1330/1692/1509 1324/1693/1510 1334/1694/1511
f 1334/1694/1511 1324/1693/1510 1329/1695/1512 1339/1696/1513
f 1338/1697/1514 1339/1696/1513 1329/1695/1512 1328/1698/1515
f 1318/1699/1516 1338/1697/1514 1328/1698/1515 1252/1700/1517
f 1165/1560/1394 1233/1565/1400 1232/1663/1479 1164/1555/1391
f 1163/1532/1373 1141/1531/1372 1209/1634/1461 1231/1636/1463
f 1148/1701/1378 1216/1644/1467 1209/1643/1467 1141/1363/1378
f 1153/1702/1381 1221/1652/1381 1216/1651/1381 1148/1703/1381
f 1158/1704/1385 1226/1661/1473 1221/1652/1473 1153/1702/1385
f 1157/1705/1383 1152/1706/1383 1220/1655/1471 1225/1658/1471
f 1152/1706/1381 1147/1707/1381 1215/1656/1381 1220/1655/1381
f 1147/1708/1376 1142/1709/1376 1210/1640/1465 1215/1639/1465
f 1142/1571/1409 1128/1568/1406 1196/1676/1493 1210/1678/1495
f 1128/1568/1406 1143/1567/1405 1211/1674/1491 1196/1676/1493
f 1318/1699/1516 1252/1700/1517 1253/1710/1518 1319/1711/1519
f 1293/1712/1520 1294/1713/1521 1282/1714/1522 1281/1715/1523
f 1283/1716/1524 1264/1717/1525 1265/1718/1526
f 1295/1719/1527 1296/1720/1528 1272/1721/1529 1271/1722/1530
f 1297/1723/1531 1263/1724/1532 1264/1717/1525 1283/1716/1524
f 1267/1725/1533 1261/1726/1534 1270/1727/1535 1284/1728/1536
f 1269/1729/1537 1268/1730/1538 1274/1731/1539 1273/1732/1540
f 1285/1733/1541 1195/1734/1542 1186/1735/1543 1192/1736/1544
f 1276/1737/1545 1277/1738/1546 1193/1739/1547 1194/1740/1548
f 1289/1741/1549 1187/1742/1550 1195/1734/1542 1285/1733/1541
f 1288/1743/1551 1287/1744/1552 1277/1738/1546 1276/1737/1545
f 1190/1745/1553 1189/1746/1554 1286/1747/1555
f 1280/1748/1556 1275/1749/1557 1279/1750/1558 1278/1751/1559
f 1275/1749/1557 1190/1745/1553 1286/1747/1555 1279/1750/1558
f 1287/1744/1552 1289/1741/1549 1285/1733/1541 1277/1738/1546
f 1277/1738/1546 1285/1733/1541 1192/1736/1544 1193/1739/1547
f 1268/1730/1538 1267/1725/1533 1284/1728/1536 1274/1731/1539
f 1296/1720/1528 1297/1723/1531 1283/1716/1524 1272/1721/1529
f 1272/1721/1529 1283/1716/1524 1265/1718/1526
f 1290/1752/1560 1292/1753/1561 1289/1741/1549 1287/1744/1552
f 1291/1754/1562 1290/1752/1560 1287/1744/1552 1288/1743/1551
f 1292/1753/1561 1188/1755/1563 1187/1742/1550 1289/1741/1549
f 1286/1747/1555 1189/1746/1554 1188/1755/1563 1292/1753/1561
f 1278/1751/1559 1279/1750/1558 1290/1752/1560 1291/1754/1562
f 1279/1750/1558 1286/1747/1555 1292/1753/1561 1290/1752/1560
f 1282/1714/1522 1191/1756/1564 1190/1745/1553 1275/1749/1557
f 1281/1715/1523 1282/1714/1522 1275/1749/1557 1280/1748/1556
f 1266/1757/1565 1282/1714/1522 1294/1713/1521 1265/1718/1526
f 1271/1722/1530 1272/1721/1529 1294/1713/1521 1293/1712/1520
f 1298/1758/1566 1299/1759/1567 1296/1720/1528 1295/1719/1527
f 1265/1718/1526 1294/1713/1521 1272/1721/1529
f 1299/1759/1567 1300/1760/1568 1297/1723/1531 1296/1720/1528
f 1266/1757/1565 1191/1756/1564 1282/1714/1522
f 1300/1760/1568 1262/1761/1569 1263/1724/1532 1297/1723/1531
f 1284/1728/1536 1270/1727/1535 1262/1761/1569 1300/1760/1568
f 1274/1731/1539 1284/1728/1536 1300/1760/1568 1299/1759/1567
f 1273/1732/1540 1274/1731/1539 1299/1759/1567 1298/1758/1566
f 1307/1563/1254 1305/1762/1256 1303/1763/1256 1306/1764/1255
f 1305/1762/1256 1302/1502/1256 1301/1765/1256 1303/1763/1256
f 1302/1502/1256 1308/1501/1256 1304/1766/1256 1301/1765/1256
f 1308/1501/1256 1082/1429/1256 1081/1428/1256 1304/1766/1256
f 1315/1564/1570 1314/1767/1571 1311/1768/1572 1313/1769/1573
f 1313/1769/1573 1311/1768/1572 1309/1770/1574 1310/1505/1575
f 1310/1505/1575 1309/1770/1574 1312/1771/1576 1316/1506/1577
f 1316/1506/1577 1312/1771/1576 1083/1772/1265 1084/1773/1265
f 1307/1563/1254 1306/1764/1255 1314/1767/1571 1315/1564/1570
f 1236/1507/1349 1316/1506/1348 1084/1773/1578 907/1670/1486
f 1238/1669/1485 1309/1668/1484 1311/1774/1579 1241/1775/1580
f 1242/1667/1480 1313/1769/1581 1310/1505/1347 1239/1504/1346
f 898/1233/1403 1082/1429/1582 1308/1501/1343 1168/1500/1342
f 1173/1672/1489 1303/1671/1488 1301/1562/1396 1170/1561/1395
f 1171/1503/1345 1302/1502/1344 1305/1762/1583 1174/1559/1393
f 1233/1565/1400 1315/1564/1399 1313/1769/1581 1242/1667/1480
f 1174/1559/1393 1305/1762/1583 1307/1563/1398 1165/1560/1394
f 1241/1775/1580 1311/1774/1579 1314/1509/1351 1231/1508/1350
f 1258/1776/1584 1319/1711/1519 1253/1710/1518 1183/1777/1585
f 1176/1599/1434 1335/1598/1433 1341/1601/1436 1177/1600/1435
f 1182/1778/1586 1337/1779/1586 1336/1780/1587 1181/1781/1588
f 1320/1782/1589 1258/1776/1584 1183/1777/1585 1254/1783/1590
f 1266/1784/1591 1252/1785/1592 1328/1786/1593 1191/1787/1594
f 1320/1782/1589 1254/1783/1590 1255/1788/1595 1321/1789/1596
f 1187/1790/1597 1331/1791/1598 1325/1792/1599 1195/1793/1599
f 1321/1789/1596 1255/1788/1595 1184/1794/1600 1259/1795/1601
f 1259/1795/1601 1184/1794/1600 1256/1796/1602 1322/1797/1603
f 1322/1797/1603 1256/1796/1602 1257/1798/1604 1323/1799/1605
f 1181/1781/1588 1336/1780/1587 1343/1800/1606 1179/1801/1607
f 1323/1799/1605 1257/1798/1604 1185/1802/1608 1260/1803/1609
f 1260/1803/1609 1185/1802/1608 1251/1804/1610 1317/1805/1610
f 1208/1806/1611 1319/1807/1612 1258/1808/1613 1246/1809/1614
f 1268/1810/1615 1185/1811/1616 1257/1812/1617 1267/1813/1618
f 1179/1801/1607 1343/1800/1606 1342/1597/1619 1180/1596/1619
f 1189/1591/1428 1324/1590/1427 1330/1814/1620 1188/1815/1621
f 1246/1809/1614 1258/1808/1613 1320/1816/1622 1243/1817/1623
f 1245/1818/1624 1321/1819/1625 1259/1820/1626 1244/1821/1627
f 1211/1593/1430 1318/1592/1429 1319/1807/1612 1208/1806/1611
f 1264/1822/1628 1183/1823/1629 1253/1824/1630 1265/1825/1631
f 1178/1826/1632 1334/1827/1633 1339/1577/1415 1140/1576/1414
f 1195/1793/1634 1325/1792/1634 1332/1828/1634 1186/1829/1634
f 1244/1821/1627 1259/1820/1626 1322/1595/1635 1248/1594/1635
f 1243/1817/1623 1320/1816/1622 1321/1819/1625 1245/1818/1624
f 1263/1830/1636 1254/1831/1637 1183/1823/1629 1264/1822/1628
f 1192/1832/1638 1333/1833/1639 1326/1834/1640 1193/1835/1641
f 1193/1835/1641 1326/1834/1640 1327/1836/1642 1194/1837/1642
f 1249/1583/1421 1260/1582/1420 1317/1838/1643 1250/1839/1643
f 1261/1840/1644 1256/1841/1644 1184/1585/1644 1270/1584/1644
f 1191/1787/1594 1328/1786/1593 1329/1589/1426 1190/1588/1425
f 1269/1842/1645 1251/1843/1645 1185/1811/1616 1268/1810/1615
f 1175/1603/1438 1340/1602/1437 1334/1827/1633 1178/1826/1632
f 1188/1815/1621 1330/1814/1620 1331/1791/1598 1187/1790/1597
f 1265/1825/1631 1253/1824/1630 1252/1785/1592 1266/1784/1591
f 1186/1829/1646 1332/1828/1646 1333/1833/1639 1192/1832/1638
f 1262/1587/1424 1255/1586/1423 1254/1831/1637 1263/1830/1636
f 1267/1813/1618 1257/1812/1617 1256/1841/1647 1261/1840/1647
f 1278/1844/1648 1402/1845/1648 1403/1846/1649 1280/1847/1650
f 1298/1848/1651 1409/1849/1651 1400/1850/1652 1273/1851/1653
f 1060/1852/1654 1388/1853/1654 1387/1854/1655 1058/1855/1655
f 1405/1856/1656 1401/1857/1657 1347/1858/1658 1413/1859/1656
f 1068/1860/1659 1390/1861/1659 1386/1862/1660 1056/1863/1661
f 1053/1864/1662 1385/1865/1663 1394/1866/1664 1078/1867/1664
f 1291/1868/1665 1406/1869/1665 1402/1845/1648 1278/1844/1648
f 1058/1855/1655 1387/1854/1655 1391/1870/1666 1071/1871/1666
f 1276/1872/1667 1194/1873/1668 1327/1874/1669
f 974/1875/1670 1056/1863/1661 1111/1876/1671
f 1182/1877/1672 1139/1878/1673 1337/1879/1674
f 919/1880/1675 962/1881/1676 1121/1882/1677
f 1271/1883/1678 1399/1884/1678 1408/1885/1679 1295/1886/1679
f 1075/1887/1680 1393/1888/1680 1384/1889/1681 1051/1890/1681
f 1207/1891/1682 1396/1892/1683 1379/1893/1684 903/1894/1684
f 1280/1847/1650 1403/1846/1649 1404/1895/1685 1281/1896/1685
f 1061/1897/1686 1389/1898/1686 1388/1853/1654 1060/1852/1654
f 903/1894/1684 1379/1893/1684 1381/1899/1687 987/1900/1688
f 894/1901/1689 1378/1902/1689 1395/1903/1690 1139/1878/1673
f 1293/1904/1691 1407/1905/1691 1399/1884/1678 1271/1883/1678
f 1276/1872/1667 1401/1857/1692 1405/1856/1693 1288/1906/1693
f 919/1880/1675 1380/1907/1694 1378/1902/1689 894/1901/1689
f 1295/1886/1679 1408/1885/1679 1409/1849/1651 1298/1848/1651
f 1078/1867/1664 1394/1866/1664 1393/1888/1680 1075/1887/1680
f 1269/1908/1695 1273/1851/1653 1362/1909/1696
f 1288/1906/1693 1405/1856/1693 1406/1869/1665 1291/1868/1665
f 1053/1864/1662 1049/1910/1695 1031/1911/1697
f 1071/1871/1666 1391/1870/1666 1390/1861/1659 1068/1860/1659
f 1207/1891/1682 1250/1912/1695 1361/1913/1698
f 1281/1896/1685 1404/1895/1685 1407/1905/1691 1293/1904/1691
f 1030/1914/1695 987/1900/1688 1101/1915/1699
f 1073/1916/1700 1392/1917/1701 1389/1898/1686 1061/1897/1686
f 1379/1893/1702 1396/1892/1703 1365/1918/1703 1368/1919/1702
f 1398/1920/1704 1400/1850/1705 1349/1921/1705 1346/1922/1704
f 1401/1857/1657 1376/1923/1706 1371/1924/1707 1347/1858/1658
f 1378/1902/1708 1380/1907/1709 1367/1925/1709 1369/1926/1708
f 1394/1866/1710 1385/1865/1711 1356/1927/1711 1360/1928/1710
f 1337/1879/1674 1139/1878/1673 1395/1903/1690 1377/1929/1712
f 1381/1899/1713 1379/1893/1702 1368/1919/1702 1366/1930/1713
f 1053/1864/1662 1031/1911/1697 1383/1931/1714 1385/1865/1663
f 1377/1929/1715 1395/1903/1716 1364/1932/1716 1370/1933/1717
f 1380/1907/1718 1375/1934/1719 1372/1935/1720 1367/1925/1718
f 1031/1911/1697 1101/1915/1699 1382/1936/1721 1383/1931/1714
f 1101/1915/1699 987/1900/1688 1381/1899/1687 1382/1936/1721
f 1409/1849/1722 1408/1885/1723 1416/1937/1723 1417/1938/1722
f 919/1880/1675 1121/1882/1677 1375/1934/1724 1380/1907/1694
f 1393/1888/1725 1394/1866/1710 1360/1928/1710 1344/1939/1725
f 1362/1909/1696 1273/1851/1653 1400/1850/1652 1398/1920/1726
f 1382/1936/1727 1381/1899/1713 1366/1930/1713 1363/1940/1727
f 1400/1850/1705 1409/1849/1722 1417/1938/1722 1349/1921/1705
f 1361/1913/1698 1362/1909/1696 1398/1920/1726 1397/1941/1728
f 1207/1891/1682 1361/1913/1698 1397/1941/1728 1396/1892/1683
f 1406/1869/1729 1405/1856/1656 1413/1859/1656 1414/1942/1729
f 1383/1931/1730 1382/1936/1727 1363/1940/1727 1358/1943/1730
f 1387/1854/1731 1388/1853/1732 1353/1944/1732 1354/1945/1731
f 1396/1892/1703 1397/1941/1733 1359/1946/1733 1365/1918/1703
f 1276/1872/1667 1327/1874/1669 1376/1923/1734 1401/1857/1692
f 1399/1884/1735 1407/1905/1736 1415/1947/1736 1350/1948/1735
f 1407/1905/1736 1404/1895/1737 1412/1949/1737 1415/1947/1736
f 1327/1874/1669 1337/1879/1674 1377/1929/1712 1376/1923/1734
f 1374/1950/1738 1386/1862/1739 1355/1951/1740 1373/1952/1741
f 1397/1941/1733 1398/1920/1704 1346/1922/1704 1359/1946/1733
f 1121/1882/1677 1111/1876/1671 1374/1950/1742 1375/1934/1724
f 1384/1889/1743 1393/1888/1725 1344/1939/1725 1357/1953/1743
f 1392/1917/1744 1384/1889/1743 1357/1953/1743 1345/1954/1744
f 1111/1876/1671 1056/1863/1661 1386/1862/1660 1374/1950/1742
f 1385/1865/1711 1383/1931/1730 1358/1943/1730 1356/1927/1711
f 1395/1903/1745 1378/1902/1708 1369/1926/1708 1364/1932/1745
f 1051/1890/1681 1384/1889/1681 1392/1917/1701 1073/1916/1700
f 1391/1870/1746 1387/1854/1731 1354/1945/1731 1348/1955/1746
f 1408/1885/1723 1399/1884/1735 1350/1948/1735 1416/1937/1723
f 1388/1853/1732 1389/1898/1747 1352/1956/1747 1353/1944/1732
f 1403/1846/1748 1402/1845/1749 1410/1957/1749 1411/1958/1748
f 1386/1862/1739 1390/1861/1750 1351/1959/1750 1355/1951/1740
f 1402/1845/1749 1406/1869/1729 1414/1942/1729 1410/1957/1749
f 1390/1861/1750 1391/1870/1746 1348/1955/1746 1351/1959/1750
f 1375/1934/1719 1374/1950/1738 1373/1952/1741 1372/1935/1720
f 1404/1895/1737 1403/1846/1748 1411/1958/1748 1412/1949/1737
f 1389/1898/1747 1392/1917/1744 1345/1954/1744 1352/1956/1747
f 1376/1923/1706 1377/1929/1715 1370/1933/1717 1371/1924/1707
o Sphere.002
v 0.351240 1.404132 0.330659
v 0.374824 1.471267 0.342663
v 0.401128 1.496302 0.346638
v 0.506092 1.511200 0.346441
v 0.374809 1.332225 0.330458
v 0.361176 1.360658 0.348901
v 0.357993 1.393195 0.365202
v 0.365571 1.426650 0.377765
v 0.383170 1.457748 0.385361
v 0.409066 1.483445 0.387246
v 0.475046 1.509350 0.373721
v 0.508672 1.507022 0.359635
v 0.381376 1.325451 0.340908
v 0.373667 1.347775 0.368777
v 0.375185 1.375463 0.392559
v 0.385782 1.405804 0.409925
v 0.404421 1.435829 0.419176
v 0.429277 1.462599 0.419406
v 0.487537 1.496467 0.393597
v 0.515238 1.500249 0.370085
v 0.390931 1.317114 0.347021
v 0.391841 1.331915 0.380407
v 0.400200 1.353634 0.408566
v 0.415189 1.380143 0.428742
v 0.435341 1.408848 0.438961
v 0.458683 1.436938 0.438222
v 0.505711 1.480607 0.405226
v 0.524793 1.491911 0.376199
v 0.402019 1.308481 0.347869
v 0.412932 1.315495 0.382019
v 0.429229 1.331033 0.410784
v 0.449315 1.353574 0.431351
v 0.471223 1.380911 0.441704
v 0.492809 1.410369 0.440831
v 0.526802 1.464186 0.406838
v 0.535881 1.483278 0.377046
v 0.412952 1.300867 0.343321
v 0.433729 1.301012 0.373368
v 0.457853 1.311100 0.398878
v 0.482964 1.330141 0.417354
v 0.506604 1.356272 0.426987
v 0.526459 1.386936 0.426834
v 0.547599 1.449704 0.398188
v 0.546815 1.475664 0.372498
v 0.422066 1.295431 0.334070
v 0.451065 1.290673 0.355772
v 0.481714 1.296869 0.374659
v 0.511015 1.313412 0.388882
v 0.536098 1.338682 0.397050
v 0.554509 1.370207 0.398362
v 0.564935 1.439365 0.380591
v 0.555929 1.470229 0.363248
v 0.427974 1.293001 0.321525
v 0.462301 1.286052 0.331909
v 0.497180 1.290508 0.341814
v 0.529196 1.305934 0.350271
v 0.555215 1.330819 0.356451
v 0.573634 1.364617 0.354885
v 0.561836 1.467799 0.350702
v 0.429775 1.293947 0.307594
v 0.465727 1.287851 0.305411
v 0.501895 1.292984 0.305344
v 0.534739 1.308845 0.307398
v 0.561044 1.333880 0.311372
v 0.563637 1.468745 0.336772
v 0.538309 1.494470 0.342357
v 0.427196 1.298125 0.294400
v 0.460821 1.295797 0.280315
v 0.495143 1.303921 0.270801
v 0.526801 1.321702 0.266790
v 0.552697 1.347399 0.268674
v 0.571575 1.378407 0.281478
v 0.561058 1.472923 0.323577
v 0.397558 1.310677 0.311678
v 0.420629 1.304898 0.283950
v 0.448330 1.308680 0.260438
v 0.477951 1.321654 0.243444
v 0.506591 1.342548 0.234630
v 0.531446 1.369318 0.234859
v 0.550085 1.399343 0.244110
v 0.562201 1.457372 0.285258
v 0.554492 1.479696 0.313128
v 0.411074 1.313236 0.277837
v 0.430156 1.324540 0.248809
v 0.452936 1.343482 0.227437
v 0.477184 1.368209 0.215813
v 0.500526 1.396299 0.215074
v 0.520678 1.425004 0.225293
v 0.544026 1.473232 0.273629
v 0.544937 1.488034 0.307014
v 0.399986 1.321869 0.276989
v 0.409065 1.340961 0.247197
v 0.423907 1.366084 0.225218
v 0.443058 1.394778 0.213204
v 0.464644 1.424236 0.212332
v 0.486553 1.451574 0.222685
v 0.522935 1.489652 0.272017
v 0.533849 1.496666 0.306166
v 0.389053 1.329483 0.281537
v 0.388269 1.355443 0.255848
v 0.395283 1.386017 0.237125
v 0.409408 1.418211 0.227201
v 0.429263 1.448875 0.227049
v 0.452903 1.475006 0.236682
v 0.502139 1.504135 0.280667
v 0.522915 1.504280 0.310714
v 0.379938 1.334918 0.290788
v 0.370932 1.365782 0.273444
v 0.371422 1.400247 0.261344
v 0.381358 1.434940 0.255673
v 0.399769 1.466465 0.256985
v 0.424853 1.491735 0.265153
v 0.484803 1.514474 0.298264
v 0.513801 1.509716 0.319965
v 0.374031 1.337348 0.303333
v 0.359696 1.370404 0.297307
v 0.355956 1.406608 0.294189
v 0.363177 1.442418 0.294284
v 0.380653 1.474328 0.297584
v 0.406672 1.499213 0.303765
v 0.473566 1.519096 0.322127
v 0.507894 1.512146 0.332511
v 0.372230 1.336402 0.317264
v 0.356270 1.368605 0.323804
v 0.357634 1.439507 0.337157
v 0.470140 1.517296 0.348624
v 0.570063 1.437955 0.368762
v 0.567961 1.460018 0.334938
v 0.573191 1.356328 0.315288
v 0.567974 1.451743 0.295355
v 1.021041 1.354940 0.302157
v 0.990044 1.531158 0.336331
v 1.003227 1.368319 0.225110
v 0.973222 1.542694 0.262730
v 0.956929 1.377221 0.160227
v 0.929539 1.547740 0.200285
v 0.889198 1.380261 0.117379
v 0.865650 1.545503 0.158496
v 0.810349 1.376948 0.103085
v 0.791286 1.536298 0.143720
v 0.732385 1.367774 0.119518
v 0.717769 1.521514 0.158206
v 0.667176 1.354149 0.164179
v 0.656291 1.503414 0.199749
v 0.624646 1.338174 0.230274
v 0.616206 1.484779 0.262031
v 0.611268 1.322311 0.307746
v 0.603612 1.468471 0.335573
v 0.629049 1.309425 0.384887
v 0.620302 1.458234 0.409423
v 0.675372 1.301162 0.449890
v 0.664427 1.454711 0.472144
v 0.743310 1.297922 0.492694
v 0.730104 1.456232 0.513746
v 0.822527 1.299749 0.506697
v 0.807391 1.461287 0.527654
v 0.900309 1.307873 0.490071
v 0.879005 1.473050 0.512652
v 0.965330 1.321644 0.445443
v 0.938823 1.491647 0.471250
v 1.007722 1.338474 0.379513
v 0.977856 1.512913 0.409496
v 0.911950 1.715396 0.373370
v 0.898646 1.723610 0.313982
v 0.864156 1.724644 0.263181
v 0.813733 1.718324 0.228698
v 0.755060 1.705597 0.215780
v 0.697070 1.688394 0.226391
v 0.648590 1.669340 0.258918
v 0.616996 1.651352 0.308412
v 0.607094 1.637185 0.367341
v 0.620228 1.630071 0.426942
v 0.655389 1.630396 0.477980
v 0.708581 1.636089 0.512265
v 0.772151 1.644888 0.524302
v 0.826883 1.659028 0.513205
v 0.872723 1.678640 0.480859
v 0.902672 1.699317 0.431920
v 0.809438 1.855310 0.402738
v 0.801163 1.859962 0.364931
v 0.779754 1.859018 0.332369
v 0.748472 1.852617 0.310008
v 0.712081 1.841727 0.301253
v 0.676124 1.828002 0.307434
v 0.646072 1.813536 0.327612
v 0.626499 1.800537 0.358716
v 0.620383 1.790989 0.396011
v 0.628596 1.786627 0.433875
v 0.650260 1.787882 0.466489
v 0.682712 1.793875 0.488739
v 0.721281 1.803133 0.497123
v 0.755948 1.815838 0.490787
v 0.784835 1.830779 0.470732
v 0.803638 1.844982 0.439878
v 0.709661 1.957665 0.424933
v 0.706136 1.959492 0.408444
v 0.697035 1.958522 0.394164
v 0.683745 1.954902 0.384268
v 0.668289 1.949181 0.380262
v 0.653020 1.942230 0.382755
v 0.640262 1.935107 0.391369
v 0.631959 1.928899 0.404793
v 0.629372 1.924551 0.420981
v 0.632902 1.922717 0.437470
v 0.642060 1.923627 0.451737
v 0.655543 1.927051 0.461590
v 0.671378 1.932380 0.465511
v 0.686416 1.939374 0.463032
v 0.698967 1.946729 0.454468
v 0.707127 1.953201 0.441099
v 0.630726 2.032007 0.441240
v 1.001886 1.278671 0.288300
v 0.986095 1.290959 0.220205
v 0.945050 1.300122 0.163034
v 0.885000 1.304766 0.125489
v 0.815085 1.304183 0.113288
v 0.745951 1.298454 0.128285
v 0.688124 1.288426 0.168193
v 0.650406 1.275648 0.226941
v 0.638539 1.262088 0.295589
v 0.654328 1.249825 0.363688
v 0.695371 1.240711 0.420869
v 0.755420 1.236100 0.458420
v 0.825334 1.236688 0.470623
v 0.894468 1.242408 0.455624
v 0.952297 1.252396 0.415708
v 0.990017 1.265129 0.356951
v 0.945487 1.214111 0.277723
v 0.934822 1.222410 0.231730
v 0.907099 1.228600 0.193115
v 0.866539 1.231736 0.167757
v 0.819317 1.231343 0.159515
v 0.772622 1.227479 0.169646
v 0.733563 1.220733 0.196606
v 0.708086 1.212132 0.236292
v 0.700070 1.202986 0.282661
v 0.710735 1.194687 0.328654
v 0.738458 1.188498 0.367269
v 0.779018 1.185361 0.392627
v 0.826240 1.185755 0.400868
v 0.872935 1.189618 0.390738
v 0.911994 1.196364 0.363777
v 0.937471 1.204965 0.324092
v 0.820123 1.206170 0.216391
v 0.787499 1.199575 0.243963
v 0.820931 1.210637 0.193066
v 0.792716 1.178444 0.356275
v 0.853993 1.210913 0.198836
v 0.764319 1.180640 0.338521
v 0.882390 1.208717 0.216590
v 0.744909 1.184973 0.311485
v 0.901799 1.204384 0.243626
v 0.909266 1.198573 0.275827
v 0.737442 1.190784 0.279284
v 0.903654 1.192169 0.308291
v 0.743055 1.197188 0.246820
v 0.885817 1.186148 0.336076
v 0.760892 1.203209 0.219035
v 0.788238 1.207932 0.200159
v 0.858470 1.181425 0.354952
v 0.825777 1.178720 0.362045
v 1.017091 1.383254 0.307618
v 0.999429 1.396330 0.231120
v 0.953530 1.404592 0.166621
v 0.886386 1.406752 0.123936
v 0.808221 1.402455 0.109557
v 0.730936 1.392342 0.125672
v 0.666295 1.377965 0.169830
v 0.624138 1.361541 0.235312
v 0.610879 1.345598 0.312156
v 0.628495 1.333161 0.388777
v 0.674459 1.325711 0.453427
v 0.741986 1.323242 0.496043
v 0.820803 1.325519 0.510021
v 0.897724 1.334223 0.493650
v 0.962012 1.348839 0.449548
v 1.003929 1.366472 0.384301
v 0.977911 1.364345 0.235921
v 0.993315 1.352779 0.302544
v 0.974333 1.392057 0.241785
v 0.937878 1.372035 0.179816
v 0.934646 1.399193 0.186012
v 0.879313 1.374656 0.142764
v 0.876588 1.401053 0.149101
v 0.811132 1.371788 0.130403
v 0.808999 1.397334 0.136667
v 0.743717 1.363859 0.144614
v 0.742170 1.388593 0.150603
v 0.687330 1.352085 0.183233
v 0.686275 1.376169 0.188787
v 0.650554 1.338279 0.240387
v 0.649821 1.361974 0.245411
v 0.638986 1.324565 0.307377
v 0.638356 1.348192 0.311858
v 0.654368 1.313319 0.374061
v 0.653597 1.337300 0.378085
v 0.694419 1.306103 0.430255
v 0.693333 1.330763 0.433970
v 0.753150 1.303312 0.467270
v 0.751696 1.328645 0.470824
v 0.821638 1.304999 0.479399
v 0.819829 1.330760 0.482939
v 0.888891 1.312176 0.465051
v 0.886338 1.338493 0.468822
v 0.945121 1.324137 0.426471
v 0.941942 1.351201 0.430700
v 0.981787 1.338654 0.369455
v 0.978206 1.366395 0.374271
v 0.989605 1.380752 0.307934
v 0.921905 1.571436 0.208605
v 0.964383 1.567004 0.269538
v 0.617248 1.506459 0.268058
v 0.656219 1.525096 0.207472
v 0.804037 1.485478 0.527192
v 0.728338 1.479940 0.513538
v 0.715994 1.543453 0.167137
v 0.787475 1.558708 0.153190
v 0.664201 1.477759 0.472878
v 0.621226 1.480643 0.411667
v 0.968952 1.537885 0.412506
v 0.931153 1.516525 0.472544
v 0.859782 1.568531 0.167750
v 0.605007 1.490402 0.339676
v 0.873260 1.497627 0.512722
v 0.980744 1.555935 0.341278
v 0.950629 1.524827 0.336265
v 0.937238 1.534006 0.277674
v 0.902466 1.538014 0.227962
v 0.851608 1.536224 0.194693
v 0.792410 1.528891 0.182931
v 0.733886 1.517127 0.194463
v 0.684943 1.502728 0.227536
v 0.653032 1.487903 0.277117
v 0.643006 1.474925 0.335663
v 0.656327 1.466369 0.394373
v 0.691358 1.463261 0.444248
v 0.743420 1.464536 0.477385
v 0.804747 1.469044 0.488553
v 0.861819 1.479062 0.476733
v 0.909592 1.494086 0.443812
v 0.940816 1.510798 0.394606
v 0.895583 1.561637 0.235507
v 0.653055 1.509921 0.282837
v 0.801202 1.493047 0.489107
v 0.731666 1.539352 0.202495
v 0.690364 1.486348 0.445752
v 0.932910 1.535450 0.397927
v 0.846130 1.559316 0.202983
v 0.643311 1.497142 0.339850
v 0.856397 1.503389 0.477713
v 0.929396 1.558119 0.284015
v 0.684081 1.524748 0.234606
v 0.741180 1.488146 0.478138
v 0.788570 1.551492 0.191391
v 0.656260 1.488960 0.397081
v 0.902649 1.518671 0.445769
v 0.942420 1.549311 0.341125
v 0.622288 1.652748 0.427877
v 0.609888 1.659436 0.371464
v 0.852421 1.744971 0.273436
v 0.884968 1.744346 0.321581
v 0.655446 1.653311 0.476229
v 0.804844 1.738462 0.240698
v 0.705672 1.659259 0.508784
v 0.749484 1.725796 0.228351
v 0.765946 1.668309 0.520308
v 0.694770 1.708895 0.238271
v 0.817333 1.682423 0.509957
v 0.649031 1.690339 0.268950
v 0.860514 1.701583 0.479465
v 0.619226 1.672966 0.315720
v 0.888776 1.721429 0.433206
v 0.897525 1.736697 0.377808
v 0.880181 1.707288 0.372750
v 0.869650 1.713788 0.325735
v 0.842347 1.714600 0.285517
v 0.802432 1.709591 0.258217
v 0.755984 1.699513 0.247990
v 0.710075 1.685897 0.256391
v 0.671694 1.670819 0.282142
v 0.646681 1.656585 0.321325
v 0.638842 1.645372 0.367977
v 0.649291 1.639367 0.415088
v 0.676985 1.639284 0.455432
v 0.718672 1.643784 0.482585
v 0.768477 1.651244 0.492222
v 0.812072 1.663170 0.483568
v 0.848701 1.678902 0.457991
v 0.872665 1.695045 0.419198
v 0.649708 1.661894 0.416727
v 0.831846 1.735226 0.294526
v 0.675832 1.662026 0.454949
v 0.794184 1.730067 0.268608
v 0.715229 1.666719 0.480729
v 0.750358 1.720038 0.258833
v 0.762424 1.674306 0.489947
v 0.707043 1.706661 0.266686
v 0.803385 1.686145 0.481870
v 0.670832 1.691976 0.290975
v 0.837851 1.701533 0.457765
v 0.647235 1.678229 0.328001
v 0.860464 1.717037 0.421098
v 0.639842 1.667520 0.372132
v 0.857610 1.734737 0.332641
v 0.867551 1.728684 0.377154
v 0.770156 1.851783 0.467992
v 0.744109 1.837997 0.485999
v 0.628166 1.822806 0.366732
v 0.645728 1.834720 0.338751
v 0.787106 1.864672 0.440213
v 0.622681 1.814134 0.400317
v 0.784906 1.878080 0.372677
v 0.792335 1.873962 0.406752
v 0.630068 1.810213 0.434431
v 0.765691 1.877025 0.343301
v 0.649480 1.811456 0.463836
v 0.737617 1.870952 0.323096
v 0.678465 1.817154 0.483945
v 0.704960 1.860780 0.315136
v 0.712991 1.825973 0.491595
v 0.672693 1.848057 0.320633
v 0.788411 1.848175 0.401994
v 0.781977 1.851791 0.372594
v 0.765329 1.851054 0.347272
v 0.741005 1.846074 0.329884
v 0.712707 1.837605 0.323075
v 0.684745 1.826934 0.327882
v 0.661376 1.815687 0.343573
v 0.646155 1.805581 0.367761
v 0.641399 1.798157 0.396763
v 0.647812 1.794643 0.426182
v 0.664617 1.795473 0.451517
v 0.689651 1.800098 0.468818
v 0.719330 1.807473 0.475380
v 0.746432 1.817707 0.470515
v 0.769072 1.829405 0.454930
v 0.783815 1.840343 0.430914
v 0.756057 1.850317 0.453711
v 0.645806 1.827543 0.374919
v 0.769332 1.860255 0.432091
v 0.641541 1.820800 0.401035
v 0.767690 1.870524 0.379542
v 0.647305 1.817661 0.427545
v 0.752748 1.869702 0.356698
v 0.662374 1.818517 0.450391
v 0.730918 1.864977 0.340986
v 0.684782 1.822915 0.466025
v 0.705524 1.857067 0.334796
v 0.711375 1.829890 0.472004
v 0.680433 1.847173 0.339071
v 0.735696 1.839514 0.467700
v 0.659463 1.836805 0.353160
v 0.773466 1.867323 0.406039
v 0.688195 1.234066 0.233074
v 0.678851 1.223405 0.287126
v 0.964935 1.236373 0.281370
v 0.952502 1.246048 0.227756
v 0.955590 1.225711 0.335423
v 0.691283 1.213730 0.340740
v 0.920186 1.253263 0.182742
v 0.723600 1.206515 0.385754
v 0.872905 1.256919 0.153182
v 0.770880 1.202859 0.415315
v 0.817858 1.256460 0.143575
v 0.825927 1.203318 0.424922
v 0.763425 1.251956 0.155384
v 0.880360 1.207822 0.413112
v 0.717894 1.244092 0.186812
v 0.925892 1.215685 0.381684
v 0.915863 1.220065 0.239930
v 0.924724 1.213170 0.278141
v 0.892831 1.225207 0.207849
v 0.859135 1.227813 0.186781
v 0.819903 1.227486 0.179935
v 0.781109 1.224276 0.188351
v 0.748659 1.218671 0.210750
v 0.727493 1.211526 0.243720
v 0.720833 1.203927 0.282243
v 0.729694 1.197032 0.320454
v 0.752725 1.191890 0.352535
v 0.786422 1.189284 0.373603
v 0.825654 1.189611 0.380449
v 0.864448 1.192821 0.372033
v 0.896898 1.198426 0.349634
v 0.918064 1.205571 0.316664
v 0.703054 1.224502 0.286639
v 0.930402 1.243314 0.237315
v 0.713383 1.216464 0.331182
v 0.903554 1.249308 0.199918
v 0.740231 1.210470 0.368579
v 0.864273 1.252345 0.175359
v 0.779512 1.207433 0.393138
v 0.818541 1.251964 0.167378
v 0.825245 1.207814 0.401119
v 0.773318 1.248222 0.177189
v 0.870467 1.211555 0.391308
v 0.735491 1.241689 0.203299
v 0.908294 1.218089 0.365198
v 0.710818 1.233360 0.241733
v 0.940731 1.235276 0.281857
v 0.932968 1.226418 0.326764
v 0.826124 1.176436 0.374134
v 0.863495 1.179528 0.366026
v 0.783214 1.209829 0.189085
v 0.751954 1.204430 0.210661
v 0.894754 1.184927 0.344450
v 0.731565 1.197547 0.242422
v 0.915143 1.191810 0.312689
v 0.725150 1.190227 0.279531
v 0.921559 1.199130 0.275580
v 0.913023 1.205772 0.238771
v 0.733685 1.183585 0.316340
v 0.890837 1.210726 0.207867
v 0.755872 1.178631 0.347244
v 0.858376 1.213236 0.187573
v 0.788332 1.176121 0.367539
v 0.820584 1.212921 0.180977
v 0.761088 1.192132 0.277356
v 0.855304 1.202276 0.244561
v 0.823354 1.194679 0.277556
v 0.791404 1.187081 0.310550
v 0.885621 1.197225 0.277755
v 0.859209 1.189782 0.311148
v 0.826585 1.183187 0.338720
v 0.996805 1.494182 0.329153
v 0.979773 1.506103 0.254828
v 0.935537 1.511953 0.191869
v 0.870834 1.510816 0.149856
v 0.795519 1.502837 0.135180
v 0.721061 1.489221 0.150073
v 0.658792 1.472052 0.192269
v 0.604769 1.462379 0.334334
v 0.666935 1.422461 0.467464
v 0.733074 1.422985 0.509320
v 0.810744 1.427345 0.523245
v 0.883685 1.438343 0.507902
v 0.944620 1.455945 0.465825
v 0.984374 1.476303 0.403197
v 0.606759 1.440309 0.368160
v 0.604671 1.454098 0.294754
v 0.611325 1.367035 0.354267
v 0.609237 1.380823 0.280860
v 0.992877 1.432921 0.239022
v 0.947532 1.440379 0.175037
v 0.881202 1.441440 0.132576
v 0.803987 1.435916 0.118098
v 0.727644 1.424635 0.133806
v 0.663794 1.409328 0.177310
v 0.671951 1.357961 0.458106
v 0.739015 1.356490 0.500469
v 0.817449 1.359461 0.514429
v 0.893044 1.368930 0.498401
v 0.956215 1.384541 0.454974
v 0.997411 1.403082 0.390600
v 1.010329 1.420230 0.314796
v 0.611227 1.358754 0.314686
vn -0.8301 -0.5518 -0.0804
vn -0.6027 -0.7871 -0.1314
vn -0.8067 -0.5896 0.0390
vn 0.0877 0.7769 0.6234
vn -0.0335 0.9019 0.4307
vn -0.4489 0.7319 0.5126
vn -0.2801 0.5577 0.7814
vn -0.7974 0.5883 0.1340
vn -0.9427 0.3218 0.0878
vn -0.8746 0.2114 0.4363
vn -0.7260 0.4725 0.4997
vn -0.9607 -0.2763 -0.0246
vn -0.9178 -0.3458 0.1949
vn 0.3094 0.9360 0.1679
vn -0.0810 0.9790 0.1872
vn 0.3327 0.8982 0.2873
vn -0.5153 0.8393 0.1733
vn -0.9992 0.0243 0.0333
vn -0.9409 -0.0701 0.3315
vn 0.6027 0.7871 0.1314
vn 0.6703 0.3234 0.6680
vn 0.5320 -0.0746 0.8434
vn 0.7750 -0.2134 0.5948
vn 0.8434 0.2161 0.4920
vn -0.7012 0.0326 0.7122
vn -0.5440 0.2848 0.7893
vn -0.7473 -0.6509 0.1335
vn -0.8086 -0.4585 0.3687
vn 0.3921 0.8369 0.3819
vn -0.7924 -0.2232 0.5677
vn -0.5765 -0.4116 0.7059
vn -0.4489 -0.1876 0.8737
vn -0.6608 -0.7264 0.1888
vn 0.6356 0.5516 -0.5402
vn 0.4837 0.2435 -0.8407
vn 0.1986 0.4656 -0.8625
vn 0.4310 0.7108 -0.5558
vn -0.2791 0.0537 0.9587
vn -0.6496 -0.5972 0.4704
vn 0.2640 0.6231 0.7362
vn 0.4786 0.7615 0.4372
vn -0.0343 0.3433 0.9386
vn 0.4685 0.4638 0.7519
vn 0.2508 0.1212 0.9604
vn -0.3258 -0.6068 0.7250
vn -0.1561 -0.4156 0.8961
vn -0.5605 -0.8045 0.1965
vn 0.0282 -0.1855 0.9822
vn -0.4652 -0.7409 0.4845
vn 0.5789 0.6834 0.4449
vn -0.2833 -0.8675 0.4089
vn -0.0787 -0.7789 0.6222
vn 0.6778 0.6145 0.4037
vn -0.3170 0.8012 -0.5076
vn 0.0612 0.9516 -0.3012
vn 0.2293 0.8513 -0.4719
vn -0.0826 0.6614 -0.7455
vn 0.1327 -0.6167 0.7760
vn -0.4616 -0.8734 0.1554
vn 0.3312 -0.3965 0.8562
vn 0.7603 0.5653 0.3200
vn 0.5916 -0.5429 0.5961
vn -0.1316 -0.9579 0.2550
vn 0.1273 -0.9017 0.4131
vn 0.8168 0.3899 -0.4252
vn 0.7384 0.0262 -0.6738
vn 0.3734 -0.7602 0.5316
vn -0.3791 -0.9226 0.0716
vn 0.5294 -0.8244 0.2003
vn 0.7527 -0.6068 0.2554
vn -0.3257 -0.9446 -0.0419
vn -0.0334 -0.9984 0.0462
vn 0.8239 0.5281 0.2059
vn 0.9104 0.2213 0.3495
vn 0.8861 -0.3413 0.3137
vn 0.2608 -0.9567 0.1296
vn -0.7516 0.1280 -0.6471
vn -0.9457 -0.0568 -0.3199
vn -0.9518 0.1024 -0.2889
vn -0.7484 0.0635 -0.6602
vn -0.3094 -0.9360 -0.1679
vn 0.5769 -0.7994 -0.1675
vn 0.7997 -0.5853 -0.1334
vn -0.0034 -0.9826 -0.1855
vn 0.9167 0.3966 0.0479
vn 0.8428 0.5327 0.0766
vn 0.8856 -0.4513 -0.1102
vn 0.3015 -0.9353 -0.1853
vn 0.2432 -0.8408 -0.4835
vn 0.5088 -0.6891 -0.5160
vn -0.3327 -0.8982 -0.2873
vn 0.7309 -0.4643 -0.5003
vn -0.0463 -0.9131 -0.4050
vn 0.8919 0.3422 -0.2957
vn 0.8166 0.5755 -0.0446
vn 0.8635 -0.1949 -0.4652
vn 0.7473 0.6509 -0.1335
vn 0.0948 -0.6877 -0.7197
vn 0.3354 -0.5102 -0.7919
vn -0.3921 -0.8369 -0.3819
vn 0.5519 -0.2821 -0.7847
vn -0.1555 -0.8005 -0.5789
vn 0.2791 -0.0537 -0.9587
vn -0.3145 -0.6617 -0.6806
vn -0.1212 -0.4993 -0.8579
vn 0.6608 0.7264 -0.1888
vn -0.4689 0.8636 -0.1849
vn -0.0478 0.9964 -0.0698
vn 0.0831 -0.2900 -0.9534
vn -0.4786 -0.7615 -0.4372
vn -0.5789 -0.6834 -0.4449
vn -0.4990 -0.5181 -0.6947
vn 0.5605 0.8045 -0.1965
vn -0.0282 0.1855 -0.9822
vn -0.3718 -0.3042 -0.8771
vn -0.2097 -0.0620 -0.9758
vn -0.4985 0.1390 -0.8557
vn -0.3312 0.3966 -0.8562
vn -0.6778 -0.6145 -0.4037
vn -0.6809 -0.3914 -0.6190
vn 0.4616 0.8734 -0.1554
vn -0.6189 -0.1321 -0.7743
vn 0.0279 -0.1845 0.9824
vn -0.7603 -0.5653 -0.3200
vn -0.7392 0.2826 -0.6114
vn -0.5838 0.5472 -0.5998
vn -0.8325 -0.3010 -0.4651
vn 0.3791 0.9226 -0.0716
vn -0.8249 -0.0092 -0.5652
vn -0.9584 0.0457 -0.2816
vn -0.8952 0.3467 -0.2801
vn -0.8138 -0.5433 -0.2065
vn -0.7475 0.6145 -0.2521
vn -0.9308 -0.2606 -0.2564
vn 0.3257 0.9446 0.0419
vn -0.9330 -0.0235 0.3591
vn -0.9268 -0.1797 0.3299
vn -0.7109 -0.1221 0.6926
vn -0.7053 -0.1877 0.6836
vn 0.9839 0.1789 0.0055
vn 0.8976 0.2407 -0.3693
vn 0.8981 0.2405 -0.3682
vn 0.9838 0.1792 0.0036
vn 0.6735 0.2744 -0.6864
vn 0.6752 0.2743 -0.6847
vn 0.3456 0.2752 -0.8971
vn 0.3485 0.2753 -0.8960
vn -0.0361 0.2429 -0.9694
vn -0.0327 0.2433 -0.9694
vn -0.4133 0.1825 -0.8921
vn -0.4103 0.1831 -0.8934
vn -0.7374 0.0333 -0.6746
vn -0.0279 0.1845 -0.9824
vn -0.3538 -0.1550 0.9224
vn -0.3521 -0.1549 0.9230
vn -0.6919 -0.2211 0.6873
vn 0.0268 -0.1263 0.9916
vn 0.0289 -0.1260 0.9916
vn 0.4046 -0.0696 0.9118
vn 0.4090 -0.0688 0.9099
vn 0.7180 0.0105 0.6960
vn 0.7230 0.0121 0.6908
vn 0.9201 0.0981 0.3793
vn 0.9222 0.0995 0.3737
vn -0.9996 0.0081 0.0279
vn -0.9995 0.0077 0.0300
vn -0.9368 0.0916 -0.3375
vn -0.9368 0.0916 -0.3376
vn 0.8373 0.4430 -0.3206
vn 0.8373 0.4430 -0.3204
vn 0.6215 0.4605 -0.6338
vn 0.6213 0.4605 -0.6340
vn 0.0146 0.0208 0.9997
vn 0.0053 0.0190 0.9998
vn -0.3645 -0.0390 0.9304
vn -0.3560 -0.0379 0.9337
vn -0.4307 0.2925 -0.8538
vn -0.4309 0.2924 -0.8537
vn -0.0649 0.3790 -0.9231
vn -0.0646 0.3791 -0.9231
vn -0.6886 -0.0637 0.7224
vn -0.6880 -0.0637 0.7229
vn -0.9139 -0.0475 0.4031
vn -0.9158 -0.0471 0.3989
vn 0.8568 0.3017 0.4182
vn 0.8601 0.3040 0.4096
vn 0.6694 0.2048 0.7141
vn 0.6638 0.2025 0.7200
vn 0.3050 0.4381 -0.8456
vn 0.3046 0.4380 -0.8458
vn 0.3709 0.1044 0.9228
vn 0.3705 0.1043 0.9230
vn 0.9204 0.3881 0.0469
vn 0.9205 0.3873 0.0507
vn -0.7371 0.1916 -0.6481
vn -0.7372 0.1915 -0.6480
vn -0.9182 0.0245 0.3953
vn -0.9171 0.0243 0.3980
vn -0.9966 0.0712 0.0409
vn -0.9967 0.0715 0.0395
vn 0.5254 0.6306 -0.5712
vn 0.5252 0.6305 -0.5715
vn 0.7293 0.6297 -0.2675
vn 0.7294 0.6297 -0.2673
vn -0.7030 0.0232 0.7108
vn -0.7038 0.0231 0.7101
vn 0.2269 0.5851 -0.7786
vn 0.2265 0.5850 -0.7788
vn -0.3825 0.0710 0.9212
vn -0.3939 0.0688 0.9166
vn -0.1208 0.5002 -0.8575
vn -0.1212 0.5001 -0.8575
vn -0.0329 0.1586 0.9868
vn -0.0484 0.1540 0.9869
vn -0.4645 0.3889 -0.7956
vn -0.4648 0.3888 -0.7955
vn 0.2907 0.2663 0.9190
vn 0.2891 0.2658 0.9197
vn -0.7515 0.2683 -0.6027
vn -0.7516 0.2682 -0.6026
vn 0.5629 0.3807 0.7336
vn 0.5680 0.3832 0.7284
vn -0.9382 0.1567 -0.3086
vn -0.9382 0.1567 -0.3085
vn 0.7468 0.4914 0.4482
vn 0.7497 0.4937 0.4407
vn 0.8083 0.5819 0.0895
vn 0.8084 0.5813 0.0927
vn 0.4841 0.4690 0.7387
vn 0.4748 0.4773 0.7394
vn 0.2073 0.3333 0.9197
vn 0.2185 0.3326 0.9174
vn -0.9422 0.1421 -0.3034
vn -0.9437 0.1217 -0.3076
vn -0.7667 0.2494 -0.5916
vn -0.7640 0.2662 -0.5878
vn 0.6615 0.5936 0.4583
vn 0.6509 0.6057 0.4576
vn -0.9979 0.0530 0.0379
vn -0.9989 0.0311 0.0344
vn 0.6439 0.7276 -0.2368
vn 0.6323 0.7382 -0.2352
vn 0.7069 0.6981 0.1138
vn 0.7190 0.6858 0.1130
vn -0.9220 0.0122 0.3870
vn -0.9232 -0.0086 0.3842
vn 0.4503 0.7142 -0.5359
vn 0.4397 0.7211 -0.5354
vn -0.7201 0.0264 0.6933
vn -0.7246 0.0091 0.6891
vn 0.1669 0.6485 -0.7427
vn 0.1579 0.6500 -0.7434
vn -0.4212 0.0951 0.9020
vn -0.4335 0.0820 0.8974
vn -0.1634 0.5403 -0.8255
vn -0.1702 0.5354 -0.8273
vn -0.0920 0.2030 0.9748
vn -0.1079 0.1952 0.9748
vn -0.4904 0.4060 -0.7711
vn -0.4950 0.3947 -0.7741
vn -0.3853 0.9045 0.1829
vn -0.6605 -0.2528 -0.7070
vn -0.5976 -0.4232 -0.6811
vn -0.7736 -0.4883 -0.4039
vn -0.8536 -0.3288 -0.4040
vn -0.3169 -0.5075 0.8012
vn -0.2827 -0.6627 0.6934
vn 0.0474 -0.6552 0.7540
vn 0.0445 -0.4941 0.8683
vn -0.0053 -0.1393 -0.9902
vn 0.0006 -0.3329 -0.9430
vn -0.3262 -0.3685 -0.8705
vn -0.3630 -0.1861 -0.9130
vn -0.8334 -0.4605 0.3055
vn -0.7554 -0.6091 0.2415
vn -0.5640 -0.6467 0.5134
vn -0.6236 -0.4962 0.6040
vn 0.7110 -0.3863 0.5876
vn 0.6549 -0.5686 0.4977
vn 0.8365 -0.5023 0.2191
vn 0.9083 -0.3078 0.2833
vn 0.6722 -0.1308 -0.7287
vn 0.6208 -0.3377 -0.7075
vn 0.3333 -0.3221 -0.8861
vn 0.3584 -0.1199 -0.9258
vn -0.8288 -0.5537 -0.0805
vn -0.9143 -0.4021 -0.0488
vn 0.9700 -0.2320 -0.0729
vn 0.8939 -0.4351 -0.1082
vn 0.8180 -0.3774 -0.4341
vn 0.8873 -0.1702 -0.4286
vn 0.3774 -0.6227 0.6854
vn 0.4068 -0.4527 0.7935
vn 0.0407 -0.9816 -0.1866
vn -0.0407 0.9816 0.1866
vn -0.2235 -0.9725 -0.0651
vn -0.1586 -0.9870 0.0254
vn -0.1701 -0.9115 -0.3746
vn -0.2298 -0.9316 -0.2816
vn 0.2366 -0.8930 -0.3827
vn 0.1416 -0.8857 -0.4422
vn 0.2481 -0.9686 0.0172
vn 0.3078 -0.9484 -0.0758
vn -0.0635 -0.9944 0.0848
vn -0.2485 -0.9531 -0.1729
vn 0.0309 -0.8866 -0.4615
vn 0.3266 -0.9270 -0.1845
vn 0.3016 -0.9075 -0.2922
vn 0.0471 -0.9934 0.1041
vn 0.1566 -0.9844 0.0804
vn -0.0785 -0.8957 -0.4377
vn 0.0886 -0.9783 -0.1873
vn 0.0892 -0.9782 -0.1873
vn -0.0743 0.9809 0.1798
vn -0.0762 0.9799 0.1845
vn 0.0898 -0.9782 -0.1873
vn -0.0657 0.9782 0.1972
vn -0.0593 0.9798 0.1908
vn 0.0901 -0.9782 -0.1873
vn -0.0754 0.9794 0.1871
vn -0.0748 0.9795 0.1871
vn 0.0890 -0.9789 -0.1838
vn -0.0770 0.9793 0.1872
vn 0.0866 -0.9803 -0.1774
vn -0.0622 0.9808 0.1849
vn -0.0621 0.9808 0.1849
vn 0.0816 -0.9808 -0.1771
vn -0.0742 0.9795 0.1871
vn 0.0703 -0.9803 -0.1843
vn 0.0703 -0.9803 -0.1844
vn -0.0725 0.9789 0.1911
vn -0.0713 0.9774 0.1992
vn -0.0766 0.9793 0.1872
vn 0.0666 -0.9790 -0.1924
vn 0.0666 -0.9790 -0.1925
vn 0.9260 0.0546 0.3736
vn 0.9912 0.1321 -0.0029
vn 0.9912 0.1323 -0.0039
vn 0.9269 0.0551 0.3712
vn 0.7199 -0.0240 0.6937
vn 0.7217 -0.0235 0.6918
vn 0.4045 -0.0909 0.9100
vn 0.4051 -0.0908 0.9098
vn 0.0265 -0.1344 0.9906
vn 0.0258 -0.1344 0.9906
vn -0.3561 -0.1501 0.9223
vn -0.3577 -0.1501 0.9217
vn -0.6869 -0.1374 0.7136
vn -0.6865 -0.1374 0.7141
vn -0.9128 -0.0958 0.3969
vn -0.9122 -0.0960 0.3983
vn -0.9993 -0.0312 0.0224
vn -0.9992 -0.0313 0.0230
vn -0.9342 0.0459 -0.3538
vn -0.7274 0.1236 -0.6750
vn -0.7273 0.1237 -0.6750
vn -0.4104 0.1902 -0.8919
vn -0.0315 0.2356 -0.9714
vn -0.0316 0.2356 -0.9713
vn 0.3515 0.2527 -0.9014
vn 0.3513 0.2527 -0.9015
vn 0.6803 0.2392 -0.6928
vn 0.6801 0.2392 -0.6930
vn 0.9048 0.1969 -0.3775
vn 0.9048 0.1969 -0.3777
vn -0.0761 0.9794 0.1871
vn 0.0879 -0.9784 -0.1873
vn -0.0704 0.9768 0.2020
vn -0.0739 0.9795 0.1871
vn 0.0874 -0.9784 -0.1873
vn 0.0834 -0.9755 -0.2038
vn 0.0852 -0.9775 -0.1928
vn -0.0706 0.9812 0.1796
vn 0.0871 -0.9784 -0.1873
vn 0.0821 -0.9747 -0.2078
vn 0.0756 -0.9766 -0.2011
vn -0.1307 0.9665 0.2209
vn -0.1306 0.9666 0.2207
vn -0.1112 0.9732 0.2015
vn -0.1116 0.9731 0.2018
vn -0.1576 0.9695 0.1876
vn -0.1570 0.9696 0.1876
vn 0.1209 -0.9716 -0.2033
vn 0.1204 -0.9718 -0.2029
vn 0.1417 -0.9644 -0.2233
vn 0.1418 -0.9643 -0.2235
vn -0.1565 0.9711 0.1802
vn -0.1590 0.9693 0.1876
vn 0.1639 -0.9659 -0.2007
vn 0.1639 -0.9659 -0.2006
vn 0.1682 -0.9677 -0.1876
vn 0.1701 -0.9674 -0.1876
vn 0.1706 -0.9673 -0.1876
vn -0.1177 0.9760 0.1830
vn -0.1175 0.9760 0.1831
vn -0.1566 0.9697 0.1876
vn 0.1515 -0.9743 -0.1665
vn 0.1514 -0.9743 -0.1665
vn 0.1269 -0.9748 -0.1833
vn 0.1266 -0.9748 -0.1835
vn -0.1522 0.9679 0.2000
vn -0.1472 0.9633 0.2242
vn -0.1472 0.9633 0.2243
vn -0.1587 0.9693 0.1876
vn 0.1587 -0.9610 -0.2265
vn 0.1690 -0.9676 -0.1876
vn 0.1695 -0.9675 -0.1876
vn -0.1406 0.9758 0.1672
vn -0.1562 0.9697 0.1876
vn 0.1685 -0.9677 -0.1876
vn 0.6843 0.1361 0.7164
vn 0.6889 0.1378 0.7116
vn 0.3820 0.0483 0.9229
vn 0.3811 0.0481 0.9233
vn -0.9151 -0.0507 0.4000
vn -0.9138 -0.0511 0.4028
vn -0.9995 0.0074 0.0301
vn -0.9996 0.0076 0.0289
vn -0.0538 0.3421 -0.9381
vn -0.0539 0.3420 -0.9381
vn 0.3213 0.3867 -0.8644
vn 0.3216 0.3867 -0.8643
vn 0.9495 0.3120 0.0340
vn 0.9494 0.3124 0.0317
vn 0.8868 0.2305 0.4005
vn 0.8845 0.2289 0.4066
vn -0.3582 -0.0639 0.9314
vn -0.3639 -0.0644 0.9292
vn -0.6891 -0.0761 0.7207
vn -0.6895 -0.0761 0.7202
vn -0.7344 0.1809 -0.6542
vn -0.4246 0.2698 -0.8643
vn 0.8645 0.3708 -0.3393
vn 0.8645 0.3708 -0.3394
vn 0.0115 -0.0217 0.9997
vn 0.0160 -0.0210 0.9997
vn -0.9362 0.0889 -0.3402
vn -0.9362 0.0888 -0.3401
vn 0.6439 0.3969 -0.6541
vn 0.6440 0.3969 -0.6540
vn 0.1709 -0.9673 -0.1876
vn 0.1683 -0.9692 -0.1799
vn -0.1511 0.9743 0.1672
vn 0.1550 -0.9591 -0.2370
vn 0.1550 -0.9590 -0.2371
vn -0.1582 0.9694 0.1876
vn -0.1435 0.9616 0.2339
vn 0.1626 -0.9726 -0.1664
vn -0.2471 0.9508 0.1867
vn -0.2467 0.9509 0.1867
vn 0.2595 -0.9476 -0.1864
vn 0.2597 -0.9475 -0.1864
vn -0.2416 0.9491 0.2022
vn -0.2357 0.9433 0.2338
vn -0.2357 0.9433 0.2340
vn -0.2465 0.9510 0.1867
vn 0.2446 -0.9373 -0.2481
vn 0.2447 -0.9373 -0.2481
vn 0.2473 -0.9407 -0.2322
vn 0.2473 -0.9407 -0.2324
vn -0.2317 0.9403 0.2492
vn 0.2571 -0.9496 -0.1793
vn -0.2181 0.9469 0.2361
vn -0.2184 0.9468 0.2364
vn 0.2508 -0.9535 -0.1669
vn 0.2530 -0.9463 -0.2014
vn 0.2577 -0.9481 -0.1865
vn -0.1914 0.9583 0.2121
vn -0.1928 0.9578 0.2131
vn 0.2579 -0.9480 -0.1864
vn -0.1966 0.9624 0.1873
vn -0.1960 0.9625 0.1877
vn 0.2376 -0.9566 -0.1687
vn 0.2377 -0.9566 -0.1686
vn 0.8652 0.4962 0.0729
vn 0.8651 0.4967 0.0702
vn 0.8046 0.4099 0.4296
vn 0.8018 0.4077 0.4369
vn 0.7833 0.5477 -0.2940
vn 0.7832 0.5477 -0.2942
vn -0.9987 0.0381 0.0342
vn -0.9987 0.0378 0.0353
vn -0.9386 0.1228 -0.3225
vn 0.6162 0.3032 0.7269
vn 0.6105 0.3006 0.7327
vn -0.7466 0.2297 -0.6244
vn 0.3257 0.1919 0.9258
vn 0.3250 0.1916 0.9261
vn -0.4513 0.3424 -0.8241
vn -0.4512 0.3425 -0.8241
vn -0.0251 0.0913 0.9955
vn -0.0155 0.0937 0.9955
vn -0.0971 0.4440 -0.8908
vn -0.0970 0.4440 -0.8908
vn -0.3826 0.0172 0.9237
vn -0.3732 0.0188 0.9276
vn 0.2621 0.5188 -0.8137
vn 0.2623 0.5188 -0.8136
vn -0.6985 -0.0203 0.7153
vn -0.6981 -0.0203 0.7157
vn 0.5714 0.5553 -0.6042
vn 0.5716 0.5553 -0.6041
vn -0.9167 -0.0128 0.3995
vn -0.9178 -0.0126 0.3969
vn 0.2326 -0.9434 -0.2362
vn 0.2324 -0.9436 -0.2359
vn -0.2476 0.9507 0.1866
vn 0.2591 -0.9477 -0.1864
vn -0.2481 0.9506 0.1866
vn 0.2058 -0.9550 -0.2137
vn 0.2042 -0.9555 -0.2127
vn -0.2485 0.9505 0.1866
vn 0.2587 -0.9478 -0.1864
vn -0.2487 0.9504 0.1867
vn 0.2076 -0.9598 -0.1891
vn 0.2082 -0.9597 -0.1887
vn -0.2459 0.9527 0.1789
vn 0.2583 -0.9479 -0.1864
vn -0.2394 0.9567 0.1654
vn -0.2393 0.9568 0.1653
vn -0.2259 0.9598 0.1668
vn -0.2258 0.9598 0.1668
vn -0.3095 0.9235 0.2266
vn -0.3094 0.9236 0.2265
vn -0.2888 0.9335 0.2126
vn -0.2897 0.9331 0.2130
vn 0.3006 -0.9332 -0.1969
vn 0.3008 -0.9332 -0.1968
vn 0.3040 -0.9290 -0.2112
vn 0.3049 -0.9286 -0.2115
vn -0.2877 0.9375 0.1959
vn -0.2874 0.9375 0.1961
vn 0.3331 -0.9247 -0.1842
vn 0.3333 -0.9246 -0.1842
vn -0.3080 0.9340 0.1811
vn -0.3081 0.9340 0.1810
vn 0.3247 -0.9192 -0.2228
vn 0.3247 -0.9192 -0.2227
vn 0.3276 -0.9173 -0.2262
vn -0.3177 0.9315 0.1771
vn 0.3336 -0.9246 -0.1842
vn 0.3337 -0.9245 -0.1842
vn -0.3217 0.9293 0.1816
vn 0.3272 -0.9206 -0.2132
vn -0.3231 0.9282 0.1846
vn 0.3326 -0.9253 -0.1820
vn -0.3230 0.9282 0.1846
vn 0.3299 -0.9240 -0.1932
vn 0.3325 -0.9249 -0.1842
vn -0.7570 0.2117 -0.6182
vn -0.4727 0.3469 -0.8101
vn -0.4726 0.3469 -0.8101
vn 0.2671 0.2519 0.9302
vn 0.2684 0.2524 0.9296
vn -0.0682 0.1247 0.9899
vn -0.0607 0.1272 0.9900
vn -0.1318 0.4752 -0.8699
vn -0.1317 0.4753 -0.8699
vn -0.4109 0.0239 0.9113
vn -0.4031 0.0258 0.9148
vn 0.2138 0.5772 -0.7881
vn 0.2140 0.5772 -0.7881
vn -0.7134 -0.0359 0.6999
vn -0.7119 -0.0357 0.7014
vn 0.5114 0.6370 -0.5769
vn 0.5115 0.6370 -0.5767
vn -0.9207 -0.0438 0.3877
vn -0.9209 -0.0438 0.3873
vn 0.7152 0.6454 -0.2682
vn 0.7153 0.6454 -0.2681
vn -0.9996 0.0005 0.0286
vn -0.9996 0.0006 0.0283
vn 0.7942 0.6004 0.0935
vn 0.7942 0.6007 0.0919
vn 0.7356 0.5092 0.4468
vn 0.7338 0.5076 0.4515
vn -0.9419 0.0901 -0.3236
vn 0.5510 0.3869 0.7394
vn 0.5470 0.3847 0.7435
vn 0.3328 -0.9248 -0.1842
vn -0.3149 0.9206 0.2312
vn 0.3202 -0.9294 -0.1833
vn 0.3202 -0.9295 -0.1833
vn -0.3218 0.9286 0.1846
vn -0.3187 0.9276 0.1948
vn -0.3155 0.9237 0.2172
vn -0.3155 0.9238 0.2171
vn 0.3326 -0.9249 -0.1842
vn -0.3219 0.9286 0.1846
vn 0.3290 -0.9272 -0.1790
vn -0.3221 0.9285 0.1846
vn -0.3224 0.9284 0.1846
vn -0.3227 0.9283 0.1846
vn 0.5579 -0.7433 0.3691
vn 0.7093 -0.6922 0.1333
vn -0.5017 -0.5990 -0.6241
vn -0.6528 -0.6504 -0.3884
vn 0.3258 -0.7834 0.5292
vn -0.2699 -0.5586 -0.7843
vn 0.0484 -0.8064 0.5894
vn 0.0073 -0.5355 -0.8445
vn -0.2320 -0.8088 0.5404
vn 0.2878 -0.5332 -0.7955
vn -0.4727 -0.7904 0.3897
vn 0.5288 -0.5518 -0.6449
vn -0.6371 -0.7540 0.1602
vn 0.6935 -0.5886 -0.4154
vn -0.7003 -0.7049 -0.1130
vn 0.7569 -0.6379 -0.1422
vn -0.7118 -0.5797 -0.3966
vn -0.7633 -0.6385 -0.0987
vn 0.8133 -0.5670 -0.1304
vn 0.7448 -0.5137 -0.4259
vn 0.7618 -0.6258 0.1675
vn -0.6948 -0.6918 0.1968
vn 0.5667 -0.4739 -0.6740
vn -0.5167 -0.7316 0.4448
vn 0.3061 -0.4538 -0.8369
vn -0.2561 -0.7517 0.6077
vn 0.0028 -0.4563 -0.8898
vn 0.0473 -0.7492 0.6607
vn -0.2972 -0.4811 -0.8247
vn 0.3472 -0.7244 0.5956
vn -0.5481 -0.5245 -0.6515
vn 0.5982 -0.6810 0.4224
vn 0.0212 -0.7580 -0.6519
vn -0.1684 -0.7737 -0.6107
vn -0.1425 -0.9448 0.2951
vn 0.0494 -0.9432 0.3285
vn 0.2131 -0.7564 -0.6184
vn -0.3072 -0.9321 0.1920
vn 0.3778 -0.7692 -0.5154
vn -0.4198 -0.9069 0.0352
vn 0.4904 -0.7943 -0.3585
vn -0.4632 -0.8732 -0.1517
vn 0.5012 -0.8652 0.0167
vn 0.5338 -0.8280 -0.1717
vn -0.4306 -0.8360 -0.3400
vn 0.3977 -0.9001 0.1779
vn -0.3271 -0.8011 -0.5012
vn 0.2391 -0.9275 0.2874
vn 0.9198 0.0979 0.3800
vn 0.9839 0.1788 0.0057
vn 0.7167 0.0101 0.6973
vn 0.4032 -0.0699 0.9124
vn 0.0259 -0.1263 0.9916
vn -0.3554 -0.1550 0.9218
vn -0.4120 0.1828 -0.8927
vn -0.0346 0.2431 -0.9694
vn 0.3468 0.2753 -0.8966
vn 0.6742 0.2744 -0.6857
vn 0.8978 0.2406 -0.3688
vn -0.9845 0.1652 0.0592
vn -0.8938 -0.0361 -0.4470
vn -0.9845 0.1657 0.0568
vn -0.8659 -0.2075 0.4552
vn -0.9748 -0.2228 -0.0144
vn -0.9747 -0.2230 -0.0132
vn -0.9083 0.1057 -0.4047
vn -0.7445 0.1633 -0.6474
vn 0.8986 0.2404 -0.3670
vn 0.6769 0.2742 -0.6831
vn 0.3513 0.2755 -0.8948
vn -0.0296 0.2437 -0.9694
vn -0.4077 0.1836 -0.8945
vn -0.7048 -0.0888 0.7039
vn -0.3520 -0.1549 0.9231
vn 0.0292 -0.1260 0.9916
vn 0.4054 -0.0695 0.9115
vn 0.7169 0.0102 0.6971
vn 0.9196 0.0978 0.3805
vn 0.9839 0.1787 0.0066
vn -0.8833 -0.0582 0.4652
vn 0.0597 -0.9808 -0.1859
vn 0.0658 -0.9768 0.2040
vn 0.0597 -0.9807 -0.1861
vn 0.0446 -0.8355 -0.5477
vn -0.0446 0.8355 0.5477
vn -0.0599 0.9807 0.1859
vn -0.0660 0.9767 -0.2042
vt 0.278818 0.129496
vt 0.260810 0.153371
vt 0.282934 0.135279
vt 0.353869 0.138512
vt 0.356431 0.130748
vt 0.336540 0.124849
vt 0.335188 0.135018
vt 0.328195 0.111946
vt 0.317449 0.112276
vt 0.318527 0.124336
vt 0.327550 0.124076
vt 0.293111 0.119137
vt 0.297346 0.128570
vt 0.373291 0.132376
vt 0.360652 0.122318
vt 0.369330 0.137530
vt 0.338750 0.113244
vt 0.306068 0.114396
vt 0.308616 0.125506
vt 0.389346 0.153633
vt 0.352188 0.160867
vt 0.334153 0.162241
vt 0.334732 0.171808
vt 0.353411 0.168331
vt 0.319069 0.134604
vt 0.327205 0.134607
vt 0.285900 0.141064
vt 0.299876 0.137100
vt 0.366384 0.142777
vt 0.310240 0.135373
vt 0.311050 0.144443
vt 0.319307 0.144137
vt 0.287621 0.146889
vt 0.391398 0.213734
vt 0.354968 0.248804
vt 0.375408 0.287252
vt 0.414218 0.221904
vt 0.326889 0.144113
vt 0.301254 0.145154
vt 0.352426 0.146015
vt 0.364950 0.148205
vt 0.334376 0.144323
vt 0.351705 0.153445
vt 0.334123 0.153246
vt 0.311205 0.153101
vt 0.319301 0.153195
vt 0.288270 0.152728
vt 0.326722 0.153232
vt 0.301689 0.152940
vt 0.364543 0.153622
vt 0.300989 0.160715
vt 0.310871 0.161752
vt 0.364816 0.159060
vt 0.348376 0.081480
vt 0.376432 0.104175
vt 0.392193 0.094584
vt 0.358481 0.059319
vt 0.319050 0.162226
vt 0.287467 0.158515
vt 0.326601 0.162434
vt 0.366094 0.164575
vt 0.326623 0.171998
vt 0.299572 0.168726
vt 0.309802 0.170796
vt 0.376560 0.203378
vt 0.345848 0.225098
vt 0.318522 0.171747
vt 0.285993 0.164293
vt 0.317598 0.182026
vt 0.326661 0.182612
vt 0.283291 0.170055
vt 0.296999 0.177114
vt 0.368892 0.170157
vt 0.355019 0.171958
vt 0.336468 0.183351
vt 0.307967 0.180494
vt 0.449981 0.446273
vt 0.468892 0.446273
vt 0.467565 0.428289
vt 0.449332 0.428289
vt 0.279120 0.175696
vt 0.316121 0.193796
vt 0.326599 0.194561
vt 0.292873 0.186115
vt 0.369790 0.178886
vt 0.373206 0.175528
vt 0.333920 0.194181
vt 0.305006 0.191379
vt 0.300277 0.204191
vt 0.313918 0.208108
vt 0.273108 0.180949
vt 0.327263 0.209110
vt 0.286468 0.195936
vt 0.372420 0.197746
vt 0.379277 0.180192
vt 0.340514 0.204885
vt 0.387323 0.183761
vt 0.292364 0.220141
vt 0.310144 0.226828
vt 0.264774 0.185221
vt 0.328154 0.228626
vt 0.276466 0.206606
vt 0.329906 0.255913
vt 0.260630 0.217281
vt 0.279431 0.239372
vt 0.398009 0.185297
vt 0.342340 0.099343
vt 0.367063 0.113322
vt 0.303222 0.253090
vt 0.253326 0.187133
vt 0.239541 0.184938
vt 0.234244 0.225872
vt 0.411542 0.182863
vt 0.333316 0.298399
vt 0.251112 0.268326
vt 0.289943 0.294074
vt 0.340227 0.008001
vt 0.295389 0.009011
vt 0.307512 0.052373
vt 0.334070 0.050379
vt 0.234244 0.073928
vt 0.235843 0.119974
vt 0.251497 0.117769
vt 0.260706 0.085437
vt 0.410362 0.125352
vt 0.414696 0.087816
vt 0.397381 0.122740
vt 0.380922 0.022459
vt 0.258172 0.034949
vt 0.281439 0.062967
vt 0.243908 0.282393
vt 0.233072 0.224827
vt 0.216326 0.242723
vt 0.217838 0.265808
vt 0.263521 0.119959
vt 0.312722 0.078695
vt 0.330894 0.077565
vt 0.276926 0.097761
vt 0.387089 0.124240
vt 0.294335 0.084780
vt 0.301606 0.101063
vt 0.315588 0.097254
vt 0.272404 0.124282
vt 0.329264 0.097202
vt 0.287108 0.109088
vt 0.378985 0.127679
vt 0.479120 0.428289
vt 0.480515 0.446273
vt 0.499224 0.446273
vt 0.497503 0.428289
vt 0.376247 0.428289
vt 0.388413 0.428289
vt 0.388715 0.419479
vt 0.376679 0.419479
vt 0.400587 0.428289
vt 0.400758 0.419479
vt 0.412768 0.428289
vt 0.412809 0.419479
vt 0.424953 0.428289
vt 0.424868 0.419479
vt 0.437141 0.428289
vt 0.436932 0.419479
vt 0.448997 0.419479
vt 0.173544 0.227439
vt 0.171708 0.285718
vt 0.194893 0.266460
vt 0.192101 0.243383
vt 0.509677 0.428289
vt 0.508711 0.419479
vt 0.496652 0.419479
vt 0.316005 0.428289
vt 0.328235 0.428289
vt 0.329223 0.419479
vt 0.317023 0.419479
vt 0.339986 0.428289
vt 0.340803 0.419479
vt 0.351948 0.428289
vt 0.352622 0.419479
vt 0.364075 0.428289
vt 0.364628 0.419479
vt 0.347772 0.459506
vt 0.358376 0.503933
vt 0.368969 0.503933
vt 0.360535 0.459506
vt 0.435874 0.503933
vt 0.441285 0.459506
vt 0.427722 0.459506
vt 0.424744 0.503933
vt 0.503792 0.459506
vt 0.488006 0.503933
vt 0.497750 0.503933
vt 0.514757 0.459506
vt 0.386946 0.459506
vt 0.391027 0.503933
vt 0.402267 0.503933
vt 0.400460 0.459506
vt 0.323612 0.459506
vt 0.338742 0.503933
vt 0.348313 0.503933
vt 0.335486 0.459506
vt 0.467854 0.459506
vt 0.457826 0.503933
vt 0.468576 0.503933
vt 0.480691 0.459506
vt 0.414081 0.459506
vt 0.413527 0.503933
vt 0.492768 0.459506
vt 0.478736 0.503933
vt 0.446881 0.503933
vt 0.454664 0.459506
vt 0.373615 0.459506
vt 0.379893 0.503933
vt 0.311865 0.459506
vt 0.329319 0.503933
vt 0.341647 0.506981
vt 0.365614 0.548777
vt 0.372533 0.548777
vt 0.351995 0.506981
vt 0.431931 0.506981
vt 0.426611 0.548777
vt 0.435901 0.548777
vt 0.445887 0.506981
vt 0.332629 0.506981
vt 0.359757 0.548777
vt 0.417729 0.506981
vt 0.417127 0.548777
vt 0.324554 0.506981
vt 0.354837 0.548777
vt 0.403550 0.506981
vt 0.407587 0.548777
vt 0.502566 0.506981
vt 0.475100 0.548777
vt 0.480382 0.548777
vt 0.509582 0.506981
vt 0.389653 0.506981
vt 0.398159 0.548777
vt 0.494453 0.506981
vt 0.468956 0.548777
vt 0.376278 0.506981
vt 0.389032 0.548777
vt 0.484118 0.506981
vt 0.461643 0.548777
vt 0.363654 0.506981
vt 0.380419 0.548777
vt 0.472169 0.506981
vt 0.453500 0.548777
vt 0.444873 0.548777
vt 0.459323 0.506981
vt 0.510259 0.093384
vt 0.505017 0.071864
vt 0.502506 0.072159
vt 0.499680 0.094093
vt 0.488185 0.043523
vt 0.500011 0.060525
vt 0.502284 0.059674
vt 0.498144 0.039242
vt 0.520004 0.088672
vt 0.507179 0.070699
vt 0.480694 0.051268
vt 0.498206 0.062231
vt 0.530422 0.070638
vt 0.509489 0.066657
vt 0.508730 0.068877
vt 0.527013 0.080586
vt 0.476918 0.061236
vt 0.497414 0.064587
vt 0.529948 0.060282
vt 0.509366 0.064350
vt 0.476963 0.071923
vt 0.497344 0.067076
vt 0.525984 0.050828
vt 0.508393 0.062281
vt 0.481533 0.082740
vt 0.498214 0.069485
vt 0.518534 0.043623
vt 0.506720 0.060758
vt 0.489956 0.090746
vt 0.500104 0.071298
vt 0.498224 0.069499
vt 0.508837 0.039409
vt 0.504646 0.059774
vt 0.503598 0.065643
vt 0.353452 0.414008
vt 0.362346 0.399988
vt 0.351306 0.399988
vt 0.340746 0.414008
vt 0.511884 0.414008
vt 0.494402 0.399988
vt 0.490656 0.399988
vt 0.507377 0.414008
vt 0.385365 0.414008
vt 0.389559 0.399988
vt 0.375245 0.399988
vt 0.368472 0.414008
vt 0.322979 0.414008
vt 0.336519 0.399988
vt 0.333064 0.399988
vt 0.318505 0.414008
vt 0.488637 0.414008
vt 0.474644 0.399988
vt 0.463227 0.399988
vt 0.474910 0.414008
vt 0.422309 0.414008
vt 0.420205 0.399988
vt 0.404753 0.399988
vt 0.403556 0.414008
vt 0.342745 0.399988
vt 0.330461 0.414008
vt 0.458747 0.414008
vt 0.449969 0.399988
vt 0.435410 0.399988
vt 0.440898 0.414008
vt 0.483844 0.399988
vt 0.499666 0.414008
vt 0.332646 0.399988
vt 0.317069 0.414008
vt 0.567526 0.053240
vt 0.556708 0.055404
vt 0.556730 0.076540
vt 0.567553 0.078681
vt 0.449335 0.029861
vt 0.458515 0.035981
vt 0.473445 0.021019
vt 0.467305 0.011852
vt 0.812718 0.023619
vt 0.808943 0.029281
vt 0.818172 0.038490
vt 0.823826 0.034703
vt 0.439651 0.078818
vt 0.450470 0.076654
vt 0.450447 0.055518
vt 0.439624 0.053376
vt 0.823173 0.050529
vt 0.829846 0.049194
vt 0.557843 0.102196
vt 0.548662 0.096077
vt 0.533733 0.111038
vt 0.539872 0.120206
vt 0.823187 0.063565
vt 0.829863 0.064886
vt 0.492963 0.012910
vt 0.490800 0.002091
vt 0.818211 0.075615
vt 0.823873 0.079390
vt 0.514214 0.119148
vt 0.516378 0.129967
vt 0.809003 0.084843
vt 0.812789 0.090497
vt 0.782607 0.096535
vt 0.783927 0.089859
vt 0.771877 0.084883
vt 0.768103 0.090545
vt 0.514100 0.012887
vt 0.516241 0.002064
vt 0.796964 0.089845
vt 0.798298 0.096518
vt 0.762649 0.075675
vt 0.756995 0.079461
vt 0.818118 0.061754
vt 0.807594 0.067777
vt 0.806599 0.079032
vt 0.814077 0.071538
vt 0.818106 0.051168
vt 0.805900 0.053609
vt 0.814045 0.041392
vt 0.802014 0.039880
vt 0.806551 0.033914
vt 0.796767 0.029874
vt 0.794557 0.071760
vt 0.796823 0.083093
vt 0.791502 0.056489
vt 0.788447 0.041218
vt 0.786181 0.029885
vt 0.780990 0.073098
vt 0.786237 0.083104
vt 0.777104 0.059369
vt 0.775410 0.045201
vt 0.776405 0.033946
vt 0.768959 0.071586
vt 0.776453 0.079064
vt 0.764898 0.061811
vt 0.764886 0.051225
vt 0.765734 0.073747
vt 0.761091 0.062572
vt 0.797585 0.086900
vt 0.785484 0.086913
vt 0.821913 0.050406
vt 0.821926 0.062507
vt 0.785419 0.026078
vt 0.797520 0.026066
vt 0.761078 0.050471
vt 0.774300 0.082294
vt 0.817307 0.073692
vt 0.808704 0.030684
vt 0.817270 0.039232
vt 0.768927 0.041440
vt 0.765697 0.039287
vt 0.774244 0.030721
vt 0.808760 0.082257
vt 0.248517 0.762059
vt 0.244861 0.761336
vt 0.241313 0.769927
vt 0.244415 0.771994
vt 0.903349 0.055975
vt 0.905895 0.059775
vt 0.916428 0.055398
vt 0.915531 0.050913
vt 0.234748 0.776506
vt 0.236822 0.779603
vt 0.894078 0.102920
vt 0.897877 0.100365
vt 0.893509 0.089867
vt 0.889027 0.090780
vt 0.226165 0.780072
vt 0.226896 0.783727
vt 0.955310 0.077432
vt 0.950825 0.078329
vt 0.950837 0.089735
vt 0.955324 0.090622
vt 0.216870 0.780083
vt 0.216147 0.783740
vt 0.927833 0.055386
vt 0.928721 0.050899
vt 0.208279 0.776534
vt 0.206211 0.779635
vt 0.893491 0.078424
vt 0.889005 0.077546
vt 0.201701 0.769955
vt 0.198605 0.772024
vt 0.946484 0.100276
vt 0.950289 0.102814
vt 0.198142 0.761334
vt 0.194490 0.762051
vt 0.928793 0.117211
vt 0.927895 0.112726
vt 0.916490 0.112741
vt 0.915602 0.117229
vt 0.938375 0.059740
vt 0.940912 0.055934
vt 0.198141 0.751983
vt 0.194489 0.751235
vt 0.646456 0.601278
vt 0.670249 0.601467
vt 0.670918 0.592440
vt 0.647298 0.592253
vt 0.622700 0.601089
vt 0.623709 0.592066
vt 0.599038 0.600901
vt 0.600231 0.591879
vt 0.575508 0.600715
vt 0.576914 0.591694
vt 0.551934 0.600527
vt 0.553430 0.591508
vt 0.908075 0.603355
vt 0.931709 0.603542
vt 0.930385 0.594500
vt 0.906928 0.594314
vt 0.884439 0.603167
vt 0.883493 0.594128
vt 0.860751 0.602979
vt 0.859995 0.593942
vt 0.837005 0.602791
vt 0.836425 0.593754
vt 0.813221 0.602602
vt 0.812811 0.593567
vt 0.789410 0.602413
vt 0.789169 0.593379
vt 0.765579 0.602224
vt 0.765512 0.593191
vt 0.741738 0.602034
vt 0.741850 0.593004
vt 0.717896 0.601845
vt 0.718193 0.592816
vt 0.694062 0.601656
vt 0.694547 0.592628
vt 0.950249 0.065251
vt 0.946449 0.067796
vt 0.248506 0.751310
vt 0.244851 0.752041
vt 0.903411 0.112208
vt 0.905948 0.108398
vt 0.940973 0.112150
vt 0.938428 0.108350
vt 0.244382 0.741384
vt 0.241285 0.743458
vt 0.216090 0.729695
vt 0.216821 0.733352
vt 0.226116 0.733345
vt 0.226839 0.729688
vt 0.894034 0.065324
vt 0.897840 0.067857
vt 0.236774 0.733791
vt 0.234706 0.736893
vt 0.206165 0.733799
vt 0.208238 0.736902
vt 0.198578 0.741362
vt 0.201677 0.743445
vt 0.897153 0.270426
vt 0.906489 0.263912
vt 0.899996 0.248508
vt 0.889008 0.251122
vt 0.997290 0.228100
vt 0.986226 0.230313
vt 0.986245 0.247498
vt 0.997313 0.249687
vt 0.732024 0.045026
vt 0.743598 0.047831
vt 0.750388 0.031676
vt 0.740538 0.024796
vt 0.932185 0.184691
vt 0.934397 0.195756
vt 0.951584 0.195741
vt 0.953775 0.184672
vt 0.800291 0.000768
vt 0.797979 0.012432
vt 0.814717 0.019349
vt 0.821315 0.009457
vt 0.837484 0.090324
vt 0.827588 0.083728
vt 0.814793 0.096551
vt 0.821413 0.106433
vt 0.899900 0.230834
vt 0.888875 0.228873
vt 0.979687 0.263382
vt 0.989075 0.269639
vt 0.740538 0.090187
vt 0.750402 0.083672
vt 0.743521 0.066559
vt 0.731911 0.068617
vt 0.953902 0.293205
vt 0.951685 0.282143
vt 0.934499 0.282181
vt 0.932316 0.293267
vt 0.967469 0.202303
vt 0.973728 0.192915
vt 0.777538 0.000745
vt 0.779864 0.012429
vt 0.846144 0.046539
vt 0.834482 0.048871
vt 0.834501 0.066985
vt 0.846168 0.069293
vt 0.906403 0.214636
vt 0.897029 0.208463
vt 0.967552 0.275547
vt 0.973831 0.284919
vt 0.827534 0.032144
vt 0.837416 0.025528
vt 0.980673 0.767986
vt 0.972823 0.765200
vt 0.972705 0.784202
vt 0.980552 0.787456
vt 0.982074 0.542658
vt 0.974189 0.545571
vt 0.974070 0.564594
vt 0.981952 0.562202
vt 0.981443 0.644142
vt 0.973574 0.644516
vt 0.973447 0.664880
vt 0.981313 0.665038
vt 0.980926 0.727349
vt 0.973070 0.725557
vt 0.972946 0.745502
vt 0.980799 0.747806
vt 0.982310 0.504743
vt 0.974418 0.508726
vt 0.974304 0.527071
vt 0.982192 0.523616
vt 0.981701 0.602662
vt 0.973825 0.604055
vt 0.973700 0.624211
vt 0.981573 0.623321
vt 0.981054 0.706723
vt 0.973195 0.705470
vt 0.972594 0.802156
vt 0.980438 0.805891
vt 0.973949 0.584147
vt 0.981828 0.582258
vt 0.973321 0.685221
vt 0.981183 0.685926
vt 0.972480 0.820446
vt 0.980322 0.824479
vt 0.800400 0.115166
vt 0.798065 0.103503
vt 0.779949 0.103526
vt 0.777644 0.115195
vt 0.912248 0.192995
vt 0.918526 0.202359
vt 0.756533 0.009237
vt 0.763136 0.019231
vt 0.989008 0.208165
vt 0.979633 0.214443
vt 0.912369 0.285227
vt 0.918615 0.275745
vt 0.756610 0.106485
vt 0.763205 0.096603
vt 0.985279 0.089383
vt 0.972264 0.087875
vt 0.966308 0.106365
vt 0.977755 0.112736
vt 0.947298 0.122963
vt 0.941954 0.114697
vt 0.928388 0.120078
vt 0.930163 0.129761
vt 0.940047 0.142628
vt 0.936453 0.130031
vt 0.917093 0.131636
vt 0.915597 0.144685
vt 0.953734 0.121166
vt 0.961872 0.131431
vt 0.896031 0.043250
vt 0.901356 0.051663
vt 0.914919 0.046457
vt 0.913154 0.036747
vt 0.898626 0.125919
vt 0.892293 0.137564
vt 0.913793 0.119860
vt 0.911729 0.129487
vt 0.883953 0.113955
vt 0.873817 0.122635
vt 0.900392 0.114062
vt 0.894805 0.122150
vt 0.931593 0.037088
vt 0.929517 0.046712
vt 0.942911 0.052508
vt 0.948508 0.044412
vt 0.875384 0.097685
vt 0.863057 0.102275
vt 0.953067 0.062987
vt 0.961334 0.057647
vt 0.873561 0.077262
vt 0.860692 0.076278
vt 0.890248 0.103433
vt 0.882009 0.108646
vt 0.991814 0.683909
vt 0.985119 0.681039
vt 0.985027 0.695836
vt 0.991717 0.699537
vt 0.991914 0.667841
vt 0.985213 0.665842
vt 0.992615 0.554976
vt 0.985878 0.558941
vt 0.985791 0.572942
vt 0.992523 0.569754
vt 0.984938 0.710080
vt 0.991623 0.714549
vt 0.985699 0.587709
vt 0.992427 0.585321
vt 0.984857 0.723152
vt 0.991538 0.728270
vt 0.985604 0.603029
vt 0.992326 0.601471
vt 0.984787 0.734478
vt 0.991464 0.740136
vt 0.985506 0.618693
vt 0.992223 0.617997
vt 0.984719 0.745349
vt 0.991394 0.751447
vt 0.985408 0.634504
vt 0.992120 0.634697
vt 0.992852 0.516878
vt 0.986101 0.523049
vt 0.986032 0.534142
vt 0.992778 0.528703
vt 0.985310 0.650277
vt 0.992016 0.651375
vt 0.985958 0.545982
vt 0.992700 0.541270
vt 0.882921 0.055351
vt 0.890952 0.061343
vt 0.983295 0.064926
vt 0.970692 0.068513
vt 0.960527 0.110129
vt 0.952428 0.104537
vt 0.972103 0.043088
vt 0.961832 0.051225
vt 0.875878 0.071072
vt 0.885344 0.073918
vt 0.953407 0.027194
vt 0.947030 0.038642
vt 0.967840 0.093210
vt 0.958217 0.091142
vt 0.930050 0.019662
vt 0.928538 0.032680
vt 0.875363 0.090752
vt 0.884966 0.089368
vt 0.905588 0.021641
vt 0.909172 0.034246
vt 0.968123 0.074781
vt 0.958442 0.076552
vt 0.883753 0.032875
vt 0.891884 0.043124
vt 0.867956 0.051952
vt 0.879355 0.058146
vt 0.899605 0.100124
vt 0.904742 0.096501
vt 0.901541 0.088934
vt 0.895510 0.090479
vt 0.473707 0.087796
vt 0.485270 0.098299
vt 0.901489 0.080183
vt 0.895425 0.079138
vt 0.523045 0.036840
vt 0.510536 0.030994
vt 0.904697 0.072191
vt 0.899538 0.068793
vt 0.498470 0.103130
vt 0.512893 0.103104
vt 0.910679 0.066143
vt 0.907224 0.060985
vt 0.496310 0.030374
vt 0.482485 0.035260
vt 0.918509 0.062889
vt 0.917292 0.056795
vt 0.525448 0.095845
vt 0.926987 0.062881
vt 0.928194 0.056786
vt 0.473199 0.046462
vt 0.934822 0.066118
vt 0.938269 0.060949
vt 0.534375 0.084977
vt 0.538607 0.071946
vt 0.494075 0.016649
vt 0.513821 0.017841
vt 0.496176 0.117184
vt 0.478708 0.110590
vt 0.530850 0.026013
vt 0.464208 0.098141
vt 0.531900 0.046807
vt 0.542826 0.039226
vt 0.461223 0.092317
vt 0.469467 0.073399
vt 0.456787 0.075500
vt 0.537727 0.058579
vt 0.550503 0.055209
vt 0.468748 0.059691
vt 0.456169 0.057783
vt 0.552189 0.073462
vt 0.461851 0.039896
vt 0.546840 0.091719
vt 0.534575 0.107356
vt 0.474682 0.024226
vt 0.516226 0.117162
vt 0.907280 0.107561
vt 0.910721 0.102338
vt 0.938320 0.107409
vt 0.934862 0.102247
vt 0.927033 0.105501
vt 0.928254 0.111594
vt 0.917351 0.111624
vt 0.918554 0.105520
vt 0.946018 0.099692
vt 0.940849 0.096246
vt 0.950178 0.089617
vt 0.944083 0.088411
vt 0.950167 0.078716
vt 0.944074 0.079935
vt 0.945985 0.068649
vt 0.940822 0.072106
vt 0.464404 0.389241
vt 0.454721 0.389241
vt 0.369329 0.389241
vt 0.360070 0.389241
vt 0.471958 0.389241
vt 0.380206 0.389241
vt 0.477397 0.389241
vt 0.392302 0.389241
vt 0.480268 0.389241
vt 0.405213 0.389241
vt 0.345045 0.389241
vt 0.344971 0.389241
vt 0.418279 0.389241
vt 0.347746 0.389241
vt 0.431057 0.389241
vt 0.352780 0.389241
vt 0.443348 0.389241
vt 0.247903 0.794455
vt 0.244037 0.788937
vt 0.235448 0.793531
vt 0.237891 0.799810
vt 0.256288 0.724337
vt 0.251230 0.728787
vt 0.256742 0.736818
vt 0.262713 0.733698
vt 0.247820 0.716772
vt 0.243966 0.722297
vt 0.226012 0.795950
vt 0.226892 0.802629
vt 0.260185 0.745929
vt 0.266727 0.744320
vt 0.216273 0.796055
vt 0.215538 0.802752
vt 0.261362 0.755599
vt 0.268099 0.755591
vt 0.206787 0.793841
vt 0.204481 0.800170
vt 0.260206 0.765270
vt 0.266751 0.766866
vt 0.204385 0.711149
vt 0.206705 0.717473
vt 0.216186 0.715238
vt 0.215437 0.708543
vt 0.256782 0.774389
vt 0.262760 0.777496
vt 0.225926 0.715323
vt 0.226791 0.708642
vt 0.251287 0.782432
vt 0.256355 0.786871
vt 0.235367 0.717722
vt 0.237796 0.711438
vt 0.798214 0.017630
vt 0.796894 0.024305
vt 0.449412 0.102312
vt 0.458579 0.096173
vt 0.782522 0.017646
vt 0.783857 0.024319
vt 0.557765 0.029746
vt 0.548598 0.035885
vt 0.768031 0.023667
vt 0.771818 0.029321
vt 0.467421 0.120283
vt 0.473541 0.111103
vt 0.756947 0.034775
vt 0.762610 0.038549
vt 0.539756 0.011775
vt 0.533636 0.020955
vt 0.750958 0.049278
vt 0.757634 0.050599
vt 0.490936 0.129994
vt 0.493077 0.119170
vt 0.750975 0.064970
vt 0.757648 0.063635
vt 0.256877 0.769015
vt 0.249894 0.766556
vt 0.245009 0.775318
vt 0.250773 0.779964
vt 0.188096 0.741494
vt 0.194849 0.744530
vt 0.200450 0.736208
vt 0.195096 0.731095
vt 0.258983 0.756658
vt 0.251579 0.756666
vt 0.195151 0.782358
vt 0.200494 0.777234
vt 0.194875 0.768924
vt 0.188129 0.771974
vt 0.256850 0.744306
vt 0.249873 0.746780
vt 0.205231 0.789809
vt 0.208562 0.783197
vt 0.250724 0.733370
vt 0.244970 0.738029
vt 0.217219 0.793474
vt 0.218155 0.786130
vt 0.229665 0.720444
vt 0.228116 0.727684
vt 0.237430 0.731411
vt 0.241303 0.725101
vt 0.229742 0.792935
vt 0.228178 0.785699
vt 0.217140 0.719932
vt 0.218092 0.727274
vt 0.241370 0.788253
vt 0.237484 0.781952
vt 0.205161 0.723623
vt 0.208505 0.730228
vt 0.362970 0.446273
vt 0.375383 0.446273
vt 0.350600 0.446273
vt 0.338351 0.446273
vt 0.326261 0.446273
vt 0.313971 0.446273
vt 0.511623 0.446273
vt 0.437553 0.446273
vt 0.425124 0.446273
vt 0.412687 0.446273
vt 0.400246 0.446273
vt 0.387808 0.446273
vt 0.472944 0.419479
vt 0.461035 0.419479
vt 0.473053 0.425063
vt 0.484736 0.419479
vt 0.475227 0.455447
vt 0.474989 0.452274
vt 0.462795 0.455447
vt 0.450289 0.455447
vt 0.387505 0.455447
vt 0.400075 0.455447
vt 0.412646 0.455447
vt 0.425208 0.455447
vt 0.437757 0.455447
vt 0.500104 0.455447
vt 0.512603 0.455447
vt 0.312954 0.455447
vt 0.325274 0.455447
vt 0.337534 0.455447
vt 0.349926 0.455447
vt 0.362418 0.455447
vt 0.374952 0.455447
vt 0.487663 0.455447
vt 0.203883 0.236825
vt 0.202918 0.215700
vt 0.206745 0.272250
vt 0.208007 0.297143
s 1
usemtl Material.002
f 1540/1960/1751 1491/1961/1752 1422/1962/1753
f 1436/1963/1754 1428/1964/1755 1427/1965/1756 1435/1966/1757
f 1419/1967/1758 1542/1968/1759 1425/1969/1760 1426/1970/1761
f 1541/1971/1762 1540/1960/1751 1422/1962/1753 1423/1972/1763
f 1421/1973/1764 1543/1974/1765 1428/1964/1755 1429/1975/1766
f 1420/1976/1767 1419/1967/1758 1426/1970/1761 1427/1965/1756
f 1418/1977/1768 1541/1971/1762 1423/1972/1763 1424/1978/1769
f 1483/1979/1770 1421/1973/1764 1429/1975/1766
f 1542/1968/1759 1418/1977/1768 1424/1978/1769 1425/1969/1760
f 1460/1980/1771 1459/1981/1772 1467/1982/1773 1468/1983/1774
f 1426/1970/1761 1425/1969/1760 1433/1984/1775 1434/1985/1776
f 1423/1972/1763 1422/1962/1753 1430/1986/1777 1431/1987/1778
f 1429/1975/1766 1428/1964/1755 1436/1963/1754 1437/1988/1779
f 1427/1965/1756 1426/1970/1761 1434/1985/1776 1435/1966/1757
f 1424/1978/1769 1423/1972/1763 1431/1987/1778 1432/1989/1780
f 1483/1979/1770 1429/1975/1766 1437/1988/1779
f 1425/1969/1760 1424/1978/1769 1432/1989/1780 1433/1984/1775
f 1422/1962/1753 1491/1961/1752 1430/1986/1777
f 1433/1984/1775 1432/1989/1780 1440/1990/1781 1441/1991/1782
f 1430/1986/1777 1491/1961/1752 1438/1992/1783
f 1506/1993/1784 1505/1994/1785 1513/1995/1786 1514/1996/1787
f 1434/1985/1776 1433/1984/1775 1441/1991/1782 1442/1997/1788
f 1431/1987/1778 1430/1986/1777 1438/1992/1783 1439/1998/1789
f 1437/1988/1779 1436/1963/1754 1444/1999/1790 1445/2000/1791
f 1435/1966/1757 1434/1985/1776 1442/1997/1788 1443/2001/1792
f 1432/1989/1780 1431/1987/1778 1439/1998/1789 1440/1990/1781
f 1483/1979/1770 1437/1988/1779 1445/2000/1791
f 1452/2002/1793 1451/2003/1794 1459/1981/1772 1460/1980/1771
f 1441/1991/1782 1440/1990/1781 1448/2004/1795 1449/2005/1796
f 1438/1992/1783 1491/1961/1752 1446/2006/1797
f 1442/1997/1788 1441/1991/1782 1449/2005/1796 1450/2007/1798
f 1439/1998/1789 1438/1992/1783 1446/2006/1797 1447/2008/1799
f 1445/2000/1791 1444/1999/1790 1452/2002/1793 1453/2009/1800
f 1443/2001/1792 1442/1997/1788 1450/2007/1798 1451/2003/1794
f 1440/1990/1781 1439/1998/1789 1447/2008/1799 1448/2004/1795
f 1483/1979/1770 1445/2000/1791 1453/2009/1800
f 1448/2004/1795 1447/2008/1799 1455/2010/1801 1456/2011/1802
f 1483/1979/1770 1453/2009/1800 1461/2012/1803
f 1529/2013/1804 1530/2014/1805 1522/2015/1806 1521/2016/1807
f 1449/2005/1796 1448/2004/1795 1456/2011/1802 1457/2017/1808
f 1446/2006/1797 1491/1961/1752 1454/2018/1809
f 1450/2007/1798 1449/2005/1796 1457/2017/1808 1458/2019/1810
f 1447/2008/1799 1446/2006/1797 1454/2018/1809 1455/2010/1801
f 1453/2009/1800 1452/2002/1793 1460/1980/1771 1461/2012/1803
f 1451/2003/1794 1450/2007/1798 1458/2019/1810 1459/1981/1772
f 1461/2012/1803 1460/1980/1771 1468/1983/1774 1469/2020/1811
f 1459/1981/1772 1458/2019/1810 1466/2021/1812 1467/1982/1773
f 1456/2011/1802 1455/2010/1801 1463/2022/1813 1464/2023/1814
f 1483/1979/1770 1461/2012/1803 1469/2020/1811
f 1498/2024/1815 1497/2025/1816 1505/1994/1785 1506/1993/1784
f 1457/2017/1808 1456/2011/1802 1464/2023/1814 1465/2026/1817
f 1454/2018/1809 1491/1961/1752 1462/2027/1818
f 1458/2019/1810 1457/2017/1808 1465/2026/1817 1466/2021/1812
f 1455/2010/1801 1454/2018/1809 1462/2027/1818 1463/2022/1813
f 1466/2021/1812 1465/2026/1817 1473/2028/1819 1474/2029/1820
f 1463/2022/1813 1462/2027/1818 1470/2030/1821 1471/2031/1822
f 1476/2032/1823 1469/2020/1811 1468/1983/1774 1544/2033/1824
f 1467/1982/1773 1466/2021/1812 1474/2029/1820 1475/2034/1825
f 1464/2023/1814 1463/2022/1813 1471/2031/1822 1472/2035/1826
f 1483/1979/1770 1469/2020/1811 1476/2032/1823
f 1965/2036/1827 1959/2037/1828 1957/2038/1829 1948/2039/1830
f 1465/2026/1817 1464/2023/1814 1472/2035/1826 1473/2028/1819
f 1462/2027/1818 1491/1961/1752 1470/2030/1821
f 1470/2030/1821 1491/1961/1752 1477/2040/1831
f 1474/2029/1820 1473/2028/1819 1480/2041/1832 1481/2042/1833
f 1471/2031/1822 1470/2030/1821 1477/2040/1831 1478/2043/1834
f 1545/2044/1835 1482/2045/1836 1476/2032/1823 1544/2033/1824
f 1475/2034/1825 1474/2029/1820 1481/2042/1833 1546/2046/1837
f 1472/2035/1826 1471/2031/1822 1478/2043/1834 1479/2047/1838
f 1483/1979/1770 1476/2032/1823 1482/2045/1836
f 1473/2028/1819 1472/2035/1826 1479/2047/1838 1480/2041/1832
f 1480/2041/1832 1479/2047/1838 1486/2048/1839 1487/2049/1840
f 1477/2040/1831 1491/1961/1752 1484/2050/1841
f 1481/2042/1833 1480/2041/1832 1487/2049/1840 1488/2051/1842
f 1478/2043/1834 1477/2040/1831 1484/2050/1841 1485/2052/1843
f 1547/2053/1844 1490/2054/1845 1482/2045/1836 1545/2044/1835
f 1546/2046/1837 1481/2042/1833 1488/2051/1842 1489/2055/1846
f 1479/2047/1838 1478/2043/1834 1485/2052/1843 1486/2048/1839
f 1490/2054/1845 1483/1979/1770 1482/2045/1836
f 1499/2056/1847 1483/1979/1770 1490/2054/1845
f 1544/2033/1824 1468/1983/1774 1467/1982/1773 1475/2034/1825
f 1487/2049/1840 1486/2048/1839 1494/2057/1848 1495/2058/1849
f 1484/2050/1841 1491/1961/1752 1492/2059/1850
f 1488/2051/1842 1487/2049/1840 1495/2058/1849 1496/2060/1851
f 1485/2052/1843 1484/2050/1841 1492/2059/1850 1493/2061/1852
f 1498/2024/1815 1499/2056/1847 1490/2054/1845 1547/2053/1844
f 1489/2055/1846 1488/2051/1842 1496/2060/1851 1497/2025/1816
f 1486/2048/1839 1485/2052/1843 1493/2061/1852 1494/2057/1848
f 1497/2025/1816 1496/2060/1851 1504/2062/1853 1505/1994/1785
f 1494/2057/1848 1493/2061/1852 1501/2063/1854 1502/2064/1855
f 1507/2065/1856 1483/1979/1770 1499/2056/1847
f 1530/2014/1805 1529/2013/1804 1537/2066/1857 1538/2067/1858
f 1495/2058/1849 1494/2057/1848 1502/2064/1855 1503/2068/1859
f 1492/2059/1850 1491/1961/1752 1500/2069/1860
f 1496/2060/1851 1495/2058/1849 1503/2068/1859 1504/2062/1853
f 1493/2061/1852 1492/2059/1850 1500/2069/1860 1501/2063/1854
f 1499/2056/1847 1498/2024/1815 1506/1993/1784 1507/2065/1856
f 1501/2063/1854 1500/2069/1860 1508/2070/1861 1509/2071/1862
f 1507/2065/1856 1506/1993/1784 1514/1996/1787 1515/2072/1863
f 1505/1994/1785 1504/2062/1853 1512/2073/1864 1513/1995/1786
f 1502/2064/1855 1501/2063/1854 1509/2071/1862 1510/2074/1865
f 1515/2072/1863 1483/1979/1770 1507/2065/1856
f 1538/2067/1858 1537/2066/1857 1420/1976/1767 1543/1974/1765
f 1503/2068/1859 1502/2064/1855 1510/2074/1865 1511/2075/1866
f 1500/2069/1860 1491/1961/1752 1508/2070/1861
f 1504/2062/1853 1503/2068/1859 1511/2075/1866 1512/2073/1864
f 1512/2076/1864 1511/2077/1866 1519/2078/1867 1520/2079/1868
f 1509/2080/1862 1508/2081/1861 1516/2082/1869 1517/2083/1870
f 1515/2084/1863 1514/2085/1787 1522/2015/1806 1523/2086/1871
f 1513/2087/1786 1512/2076/1864 1520/2079/1868 1521/2016/1807
f 1510/2088/1865 1509/2080/1862 1517/2083/1870 1518/2089/1872
f 1483/1979/1770 1515/2084/1863 1523/2086/1871
f 1544/2090/1873 1475/2091/1873 1958/2092/1873 1956/2093/1873
f 1511/2077/1866 1510/2088/1865 1518/2089/1872 1519/2078/1867
f 1508/2081/1861 1491/1961/1752 1516/2082/1869
f 1516/2082/1869 1491/1961/1752 1524/2094/1874
f 1514/2085/1787 1513/2087/1786 1521/2016/1807 1522/2015/1806
f 1520/2079/1868 1519/2078/1867 1527/2095/1875 1528/2096/1876
f 1517/2083/1870 1516/2082/1869 1524/2094/1874 1525/2097/1877
f 1523/2086/1871 1522/2015/1806 1530/2014/1805 1531/2098/1878
f 1521/2016/1807 1520/2079/1868 1528/2096/1876 1529/2013/1804
f 1518/2089/1872 1517/2083/1870 1525/2097/1877 1526/2099/1879
f 1483/1979/1770 1523/2086/1871 1531/2098/1878
f 1519/2078/1867 1518/2089/1872 1526/2099/1879 1527/2095/1875
f 1489/2055/1846 1497/2025/1816 1498/2024/1815 1547/2053/1844
f 1527/2095/1875 1526/2099/1879 1534/2100/1880 1535/2101/1881
f 1524/2094/1874 1491/1961/1752 1532/2102/1882
f 1528/2096/1876 1527/2095/1875 1535/2101/1881 1536/2103/1883
f 1525/2097/1877 1524/2094/1874 1532/2102/1882 1533/2104/1884
f 1531/2098/1878 1530/2014/1805 1538/2067/1858 1539/2105/1885
f 1529/2013/1804 1528/2096/1876 1536/2103/1883 1537/2066/1857
f 1526/2099/1879 1525/2097/1877 1533/2104/1884 1534/2100/1880
f 1483/1979/1770 1531/2098/1878 1539/2105/1885
f 1534/2100/1880 1533/2104/1884 1541/1971/1762 1418/1977/1768
f 1483/1979/1770 1539/2105/1885 1421/1973/1764
f 1444/1999/1790 1443/2001/1792 1451/2003/1794 1452/2002/1793
f 1535/2101/1881 1534/2100/1880 1418/1977/1768 1542/1968/1759
f 1532/2102/1882 1491/1961/1752 1540/1960/1751
f 1536/2103/1883 1535/2101/1881 1542/1968/1759 1419/1967/1758
f 1533/2104/1884 1532/2102/1882 1540/1960/1751 1541/1971/1762
f 1539/2105/1885 1538/2067/1858 1543/1974/1765 1421/1973/1764
f 1537/2066/1857 1536/2103/1883 1419/1967/1758 1420/1976/1767
f 1956/2106/1886 1958/2107/1887 1966/2108/1888 1950/2109/1889
f 1942/2110/1890 1943/2111/1891 1551/2112/1892 1549/2113/1893
f 1943/2111/1891 1944/2114/1894 1553/2115/1895 1551/2112/1892
f 1944/2114/1894 1945/2116/1896 1555/2117/1897 1553/2115/1895
f 1945/2116/1896 1946/2118/1898 1557/2119/1899 1555/2117/1897
f 1946/2118/1898 1947/2120/1900 1559/2121/1901 1557/2119/1899
f 1947/2120/1900 1948/2039/1830 1561/2122/1902 1559/2121/1901
f 1489/2123/1903 1547/2124/1903 1957/2125/1903 1959/2126/1903
f 1950/2109/1889 1951/2127/1904 1571/2128/1905 1569/2129/1906
f 1951/2130/1904 1952/2131/1907 1573/2132/1908 1571/2133/1905
f 1952/2131/1907 1953/2134/1909 1575/2135/1910 1573/2132/1908
f 1953/2134/1909 1954/2136/1911 1577/2137/1912 1575/2135/1910
f 1954/2136/1911 1955/2138/1913 1579/2139/1914 1577/2137/1912
f 1740/2140/1915 1588/2141/1916 1587/2142/1917 1729/2143/1918
f 1581/2144/1919 1728/2145/1920 1727/2146/1921 1582/2147/1922
f 1731/2148/1923 1592/2149/1924 1591/2150/1925 1732/2151/1926
f 1733/2152/1927 1585/2153/1928 1584/2154/1929 1734/2155/1930
f 1735/2156/1931 1590/2157/1932 1589/2158/1933 1736/2159/1934
f 1588/2141/1916 1740/2140/1915 1736/2159/1934 1589/2158/1933
f 1737/2160/1935 1595/2161/1936 1594/2162/1937 1738/2163/1938
f 1739/2164/1939 1583/2165/1940 1582/2147/1922 1727/2146/1921
f 1741/2166/1941 1593/2167/1942 1592/2149/1924 1731/2148/1923
f 1728/2145/1920 1581/2144/1919 1580/2168/1943 1742/2169/1944
f 1730/2170/1945 1586/2171/1946 1585/2153/1928 1733/2152/1927
f 1732/2172/1926 1591/2173/1925 1590/2157/1932 1735/2156/1931
f 1742/2169/1944 1580/2168/1943 1595/2161/1936 1737/2160/1935
f 1775/2174/1947 1605/2175/1948 1604/2176/1949 1776/2177/1950
f 1777/2178/1951 1598/2179/1952 1597/2180/1953 1778/2181/1954
f 1779/2182/1955 1606/2183/1956 1605/2175/1948 1775/2174/1947
f 1780/2184/1957 1599/2185/1958 1598/2179/1952 1777/2178/1951
f 1781/2186/1959 1607/2187/1960 1606/2183/1956 1779/2182/1955
f 1782/2188/1961 1600/2189/1962 1599/2185/1958 1780/2184/1957
f 1783/2190/1963 1608/2191/1964 1607/2192/1960 1781/2193/1959
f 1784/2194/1965 1601/2195/1966 1600/2189/1962 1782/2188/1961
f 1785/2196/1967 1609/2197/1968 1608/2191/1964 1783/2190/1963
f 1786/2198/1969 1602/2199/1970 1601/2195/1966 1784/2194/1965
f 1787/2200/1971 1610/2201/1972 1609/2197/1968 1785/2196/1967
f 1788/2202/1973 1603/2203/1974 1602/2199/1970 1786/2198/1969
f 1789/2204/1975 1611/2205/1976 1610/2201/1972 1787/2200/1971
f 1776/2177/1950 1604/2176/1949 1603/2203/1974 1788/2202/1973
f 1778/2181/1954 1597/2180/1953 1596/2206/1977 1790/2207/1978
f 1790/2207/1978 1596/2206/1977 1611/2205/1976 1789/2204/1975
f 1823/2208/1979 1626/2209/1980 1625/2210/1981 1824/2211/1982
f 1825/2212/1983 1619/2213/1984 1618/2214/1985 1826/2215/1986
f 1827/2216/1987 1627/2217/1988 1626/2209/1980 1823/2208/1979
f 1828/2218/1989 1620/2219/1990 1619/2213/1984 1825/2212/1983
f 1829/2220/1991 1613/2221/1992 1612/2222/1993 1830/2223/1994
f 1830/2223/1994 1612/2222/1993 1627/2217/1988 1827/2216/1987
f 1831/2224/1995 1621/2225/1996 1620/2219/1990 1828/2218/1989
f 1832/2226/1997 1614/2227/1998 1613/2221/1992 1829/2220/1991
f 1833/2228/1999 1622/2229/2000 1621/2225/1996 1831/2224/1995
f 1834/2230/2001 1615/2231/2002 1614/2227/1998 1832/2226/1997
f 1835/2232/2003 1623/2233/2004 1622/2229/2000 1833/2228/1999
f 1836/2234/2005 1616/2235/2006 1615/2231/2002 1834/2230/2001
f 1837/2236/2007 1624/2237/2008 1623/2238/2004 1835/2232/2003
f 1838/2239/2009 1617/2240/2010 1616/2235/2006 1836/2234/2005
f 1824/2211/1982 1625/2210/1981 1624/2237/2008 1837/2236/2007
f 1826/2215/1986 1618/2214/1985 1617/2240/2010 1838/2239/2009
f 1624/2237/2008 1628/2241/2011 1623/2238/2004
f 1617/2240/2010 1628/2241/2011 1616/2235/2006
f 1625/2210/1981 1628/2241/2011 1624/2237/2008
f 1618/2214/1985 1628/2241/2011 1617/2240/2010
f 1626/2209/1980 1628/2241/2011 1625/2210/1981
f 1619/2213/1984 1628/2241/2011 1618/2214/1985
f 1627/2217/1988 1628/2241/2011 1626/2209/1980
f 1620/2219/1990 1628/2241/2011 1619/2213/1984
f 1613/2221/1992 1628/2241/2011 1612/2222/1993
f 1612/2222/1993 1628/2241/2011 1627/2217/1988
f 1621/2225/1996 1628/2241/2011 1620/2219/1990
f 1614/2227/1998 1628/2241/2011 1613/2221/1992
f 1622/2229/2000 1628/2241/2011 1621/2225/1996
f 1615/2231/2002 1628/2241/2011 1614/2227/1998
f 1623/2233/2004 1628/2241/2011 1622/2229/2000
f 1616/2235/2006 1628/2241/2011 1615/2231/2002
f 1560/2242/2012 1635/2243/2013 1636/2244/2014 1562/2245/2015
f 1570/2246/2016 1640/2247/2017 1641/2248/2018 1572/2249/2019
f 1556/2250/2020 1633/2251/2021 1634/2252/2022 1558/2253/2023
f 1566/2254/2024 1638/2255/2025 1639/2256/2026 1568/2257/2027
f 1576/2258/2028 1643/2259/2029 1644/2260/2030 1578/2261/2031
f 1552/2262/2032 1631/2263/2033 1632/2264/2034 1554/2265/2035
f 1562/2245/2015 1636/2244/2014 1637/2266/2036 1564/2267/2037
f 1548/2268/2038 1629/2269/2039 1630/2270/2040 1550/2271/2041
f 1572/2249/2019 1641/2248/2018 1642/2272/2042 1574/2273/2043
f 1558/2253/2023 1634/2252/2022 1635/2243/2013 1560/2242/2012
f 1568/2257/2027 1639/2256/2026 1640/2274/2017 1570/2275/2016
f 1578/2261/2031 1644/2260/2030 1629/2269/2039 1548/2268/2038
f 1554/2265/2035 1632/2264/2034 1633/2251/2021 1556/2250/2020
f 1564/2267/2037 1637/2266/2036 1638/2255/2025 1566/2254/2024
f 1574/2273/2043 1642/2272/2042 1643/2259/2029 1576/2258/2028
f 1550/2271/2041 1630/2270/2040 1631/2263/2033 1552/2262/2032
f 1885/2276/2044 1914/2277/2044 1916/2278/2044 1871/2279/2044
f 1873/2280/2044 1917/2281/2044 1904/2282/2044 1874/2283/2044
f 1652/2284/2045 1894/2285/2045 1893/2286/2045 1651/2287/2045
f 1886/2288/2044 1915/2289/2044 1918/2290/2044 1875/2291/2044
f 1875/2291/2044 1918/2290/2044 1917/2281/2044 1873/2280/2044
f 1651/2287/2045 1893/2286/2045 1892/2292/2045 1650/2293/2045
f 1872/2294/2044 1903/2295/2044 1905/2296/2044 1876/2297/2044
f 1650/2293/2045 1892/2292/2045 1891/2298/2045 1649/2299/2045
f 1874/2283/2044 1904/2282/2044 1906/2300/2044 1877/2301/2044
f 1649/2299/2045 1891/2298/2045 1890/2302/2045 1648/2303/2045
f 1876/2297/2044 1905/2296/2044 1907/2304/2044 1878/2305/2044
f 1648/2303/2045 1890/2302/2045 1889/2306/2045 1647/2307/2045
f 1645/2308/2045 1888/2309/2045 1902/2310/2045 1660/2311/2045
f 1877/2301/2044 1906/2300/2044 1908/2312/2044 1879/2313/2044
f 1647/2307/2045 1889/2306/2045 1887/2314/2045 1646/2315/2045
f 1660/2311/2045 1902/2310/2045 1901/2316/2045 1659/2317/2045
f 1665/2318/2044 1661/2319/2044 1676/2320/2044 1663/2321/2044
f 1667/2322/2044 1936/2323/2044 1661/2319/2044 1665/2318/2044
f 1669/2324/2044 1939/2325/2044 1936/2323/2044 1667/2322/2044
f 1670/2326/2044 1672/2327/2044 1939/2325/2044 1669/2324/2044
f 1661/2319/2044 1662/2328/2044 1675/2329/2044 1676/2320/2044
f 1936/2323/2044 1937/2330/2044 1662/2328/2044 1661/2319/2044
f 1939/2325/2044 1940/2331/2044 1937/2330/2044 1936/2323/2044
f 1672/2327/2044 1674/2332/2044 1940/2331/2044 1939/2325/2044
f 1662/2328/2044 1935/2333/2044 1673/2334/2044 1675/2329/2044
f 1937/2330/2044 1938/2335/2044 1935/2333/2044 1662/2328/2044
f 1940/2331/2044 1941/2336/2044 1938/2335/2044 1937/2330/2044
f 1674/2332/2044 1677/2337/2044 1941/2336/2044 1940/2331/2044
f 1935/2333/2044 1668/2338/2044 1671/2339/2044 1673/2334/2044
f 1938/2335/2044 1666/2340/2044 1668/2338/2044 1935/2333/2044
f 1941/2336/2044 1664/2341/2044 1666/2340/2044 1938/2335/2044
f 1929/2342/2046 1668/2338/2044 1666/2340/2044 1931/2343/2047
f 1922/2344/2048 1675/2329/2044 1673/2334/2044 1924/2345/2049
f 1930/2346/2050 1667/2322/2044 1665/2318/2044 1932/2347/2051
f 1923/2348/2052 1674/2332/2044 1672/2327/2044 1925/2349/2053
f 1931/2343/2047 1666/2340/2044 1664/2341/2044 1933/2350/2054
f 1924/2345/2049 1673/2334/2044 1671/2339/2044 1926/2351/2055
f 1932/2347/2051 1665/2318/2044 1663/2321/2044 1934/2352/2056
f 1927/2353/2057 1670/2326/2044 1669/2324/2044 1928/2354/2058
f 1933/2350/2054 1664/2341/2044 1678/2355/2044 1919/2356/2059
f 1925/2349/2053 1672/2327/2044 1670/2326/2044 1927/2353/2057
f 1919/2356/2059 1678/2355/2044 1677/2337/2044 1920/2357/2060
f 1934/2352/2056 1663/2321/2044 1676/2320/2044 1921/2358/2061
f 1926/2351/2055 1671/2339/2044 1668/2338/2044 1929/2342/2046
f 1921/2358/2061 1676/2320/2044 1675/2329/2044 1922/2344/2048
f 1928/2354/2058 1669/2324/2044 1667/2322/2044 1930/2346/2050
f 1920/2357/2060 1677/2337/2044 1674/2332/2044 1923/2348/2052
f 1683/2359/2062 1703/2360/2062 1705/2361/2063 1684/2362/2063
f 1566/2363/2064 1712/2364/2064 1710/2365/2065 1564/2366/2065
f 1684/2362/2063 1705/2361/2063 1707/2367/2066 1685/2368/2066
f 1574/2369/2067 1720/2370/2067 1718/2371/2068 1572/2372/2068
f 1685/2368/2066 1707/2367/2066 1709/2373/2069 1686/2374/2069
f 1556/2375/2070 1702/2376/2070 1700/2377/2071 1554/2378/2071
f 1686/2374/2069 1709/2373/2069 1711/2379/2072 1687/2380/2072
f 1564/2366/2065 1710/2365/2065 1708/2381/2073 1562/2382/2073
f 1687/2380/2072 1711/2379/2072 1713/2383/2074 1688/2384/2074
f 1572/2372/2068 1718/2371/2068 1716/2385/2075 1570/2386/2076
f 1688/2384/2074 1713/2383/2074 1715/2387/2077 1689/2388/2077
f 1554/2378/2071 1700/2377/2071 1698/2389/2078 1552/2390/2078
f 1689/2388/2077 1715/2387/2077 1717/2391/2079 1690/2392/2080
f 1548/2393/2081 1696/2394/2081 1724/2395/2082 1578/2396/2082
f 1562/2382/2073 1708/2381/2073 1706/2397/2083 1560/2398/2083
f 1690/2392/2080 1717/2391/2079 1719/2399/2084 1691/2400/2085
f 1724/2401/2086 1696/2402/2087 1726/2403/2088 1725/2404/2089
f 1722/2405/2090 1724/2401/2086 1725/2404/2089 1723/2406/2091
f 1720/2407/2092 1722/2405/2090 1723/2406/2091 1721/2408/2093
f 1718/2409/2094 1720/2407/2092 1721/2408/2093 1719/2410/2095
f 1716/2411/2096 1718/2409/2094 1719/2410/2095 1717/2412/2097
f 1714/2413/2098 1716/2414/2096 1717/2415/2097 1715/2416/2099
f 1712/2417/2100 1714/2413/2098 1715/2416/2099 1713/2418/2101
f 1710/2419/2102 1712/2417/2100 1713/2418/2101 1711/2420/2103
f 1708/2421/2104 1710/2419/2102 1711/2420/2103 1709/2422/2104
f 1706/2423/2105 1708/2421/2104 1709/2422/2104 1707/2424/2106
f 1704/2425/2107 1706/2423/2105 1707/2424/2106 1705/2426/2107
f 1702/2427/2108 1704/2425/2107 1705/2426/2107 1703/2428/2109
f 1700/2429/2110 1702/2427/2108 1703/2428/2109 1701/2430/2111
f 1698/2431/2112 1700/2429/2110 1701/2430/2111 1699/2432/2113
f 1695/2433/2114 1698/2431/2112 1699/2432/2113 1697/2434/2115
f 1696/2402/2087 1695/2433/2114 1697/2434/2115 1726/2403/2088
f 1558/2435/2116 1704/2436/2116 1702/2376/2070 1556/2375/2070
f 1682/2437/2117 1701/2438/2117 1703/2360/2062 1683/2359/2062
f 1576/2439/2118 1722/2440/2118 1720/2370/2067 1574/2369/2067
f 1550/2441/2119 1695/2442/2119 1696/2394/2081 1548/2393/2081
f 1681/2443/2120 1699/2444/2120 1701/2438/2117 1682/2437/2117
f 1694/2445/2121 1725/2446/2121 1726/2447/2122 1679/2448/2122
f 1568/2449/2123 1714/2450/2123 1712/2364/2064 1566/2363/2064
f 1680/2451/2124 1697/2452/2124 1699/2444/2120 1681/2443/2120
f 1693/2453/2125 1723/2454/2125 1725/2446/2121 1694/2445/2121
f 1560/2398/2083 1706/2397/2083 1704/2436/2116 1558/2435/2116
f 1679/2448/2122 1726/2447/2122 1697/2452/2124 1680/2451/2124
f 1578/2396/2082 1724/2395/2082 1722/2440/2118 1576/2439/2118
f 1692/2455/2126 1721/2456/2126 1723/2454/2125 1693/2453/2125
f 1552/2390/2078 1698/2389/2078 1695/2442/2119 1550/2441/2119
f 1691/2400/2085 1719/2399/2084 1721/2456/2126 1692/2455/2126
f 1570/2386/2076 1716/2385/2075 1714/2450/2123 1568/2449/2123
f 1575/2457/2127 1756/2458/2128 1755/2459/2129 1573/2460/2130
f 1557/2461/2131 1747/2462/2131 1746/2463/2132 1555/2464/2132
f 1731/2465/2133 1761/2466/2134 1767/2467/2135 1741/2468/2136
f 1565/2469/2137 1751/2470/2137 1750/2471/2138 1563/2472/2138
f 1742/2473/2139 1774/2474/2140 1768/2475/2141 1728/2476/2141
f 1733/2477/2142 1762/2478/2142 1769/2479/2143 1730/2480/2143
f 1573/2460/2130 1755/2459/2129 1754/2481/2144 1571/2482/2145
f 1555/2464/2132 1746/2463/2132 1745/2483/2146 1553/2484/2146
f 1735/2485/2147 1763/2486/2148 1770/2487/2149 1732/2488/2150
f 1549/2489/2151 1743/2490/2151 1758/2491/2152 1579/2492/2153
f 1563/2472/2138 1750/2471/2138 1749/2493/2154 1561/2494/2154
f 1737/2495/2155 1764/2496/2155 1774/2474/2140 1742/2473/2139
f 1739/2497/2156 1765/2498/2156 1771/2499/2157 1734/2500/2157
f 1571/2482/2145 1754/2481/2144 1753/2501/2158 1569/2502/2158
f 1553/2484/2146 1745/2483/2146 1744/2503/2159 1551/2504/2159
f 1728/2476/2141 1768/2475/2141 1759/2505/2160 1727/2506/2160
f 1757/2507/2161 1773/2508/2162 1767/2509/2163 1756/2510/2164
f 1752/2511/2165 1772/2512/2166 1766/2513/2167 1751/2514/2168
f 1747/2515/2169 1771/2516/2170 1765/2517/2171 1746/2518/2172
f 1743/2519/2173 1774/2520/2174 1764/2521/2175 1758/2522/2176
f 1754/2523/2177 1770/2524/2178 1763/2525/2179 1753/2526/2180
f 1749/2527/2181 1769/2528/2181 1762/2529/2182 1748/2530/2182
f 1744/2531/2183 1768/2532/2184 1774/2520/2174 1743/2519/2173
f 1756/2510/2164 1767/2509/2163 1761/2533/2185 1755/2534/2186
f 1751/2514/2168 1766/2513/2167 1760/2535/2187 1750/2536/2188
f 1746/2518/2172 1765/2517/2171 1759/2537/2189 1745/2538/2190
f 1758/2522/2176 1764/2521/2175 1773/2508/2162 1757/2507/2161
f 1753/2526/2180 1763/2525/2179 1772/2512/2166 1752/2511/2165
f 1748/2530/2182 1762/2529/2182 1771/2516/2170 1747/2515/2169
f 1755/2534/2186 1761/2533/2185 1770/2539/2178 1754/2540/2177
f 1750/2536/2188 1760/2535/2187 1769/2528/2181 1749/2527/2181
f 1745/2538/2190 1759/2537/2189 1768/2532/2184 1744/2531/2183
f 1729/2541/2191 1760/2542/2191 1766/2543/2192 1740/2544/2192
f 1727/2506/2160 1759/2505/2160 1765/2498/2156 1739/2497/2156
f 1567/2545/2193 1752/2546/2193 1751/2470/2137 1565/2469/2137
f 1738/2547/2194 1773/2548/2195 1764/2496/2155 1737/2495/2155
f 1559/2549/2196 1748/2550/2196 1747/2462/2131 1557/2461/2131
f 1577/2551/2197 1757/2552/2197 1756/2458/2128 1575/2457/2127
f 1736/2553/2198 1772/2554/2198 1763/2486/2148 1735/2485/2147
f 1734/2500/2157 1771/2499/2157 1762/2478/2142 1733/2477/2142
f 1551/2504/2159 1744/2503/2159 1743/2490/2151 1549/2489/2151
f 1569/2502/2158 1753/2501/2158 1752/2546/2193 1567/2545/2193
f 1732/2488/2150 1770/2487/2149 1761/2466/2134 1731/2465/2133
f 1741/2468/2136 1767/2467/2135 1773/2548/2195 1738/2547/2194
f 1561/2494/2154 1749/2493/2154 1748/2550/2196 1559/2549/2196
f 1579/2492/2153 1758/2491/2152 1757/2552/2197 1577/2551/2197
f 1730/2480/2143 1769/2479/2143 1760/2542/2191 1729/2541/2191
f 1740/2544/2192 1766/2543/2192 1772/2554/2198 1736/2553/2198
f 1583/2555/2199 1794/2556/2199 1793/2557/2200 1582/2558/2200
f 1786/2559/2201 1816/2560/2201 1818/2561/2202 1788/2562/2202
f 1580/2563/2203 1791/2564/2203 1806/2565/2204 1595/2566/2205
f 1582/2558/2200 1793/2557/2200 1792/2567/2206 1581/2568/2206
f 1787/2569/2207 1817/2570/2208 1819/2571/2209 1789/2572/2210
f 1595/2566/2205 1806/2565/2204 1805/2573/2211 1594/2574/2211
f 1581/2568/2206 1792/2567/2206 1791/2564/2203 1580/2563/2203
f 1788/2562/2202 1818/2561/2202 1820/2575/2212 1776/2576/2212
f 1594/2574/2211 1805/2573/2211 1804/2577/2213 1593/2578/2214
f 1776/2576/2212 1820/2575/2212 1807/2579/2215 1775/2580/2215
f 1790/2581/2216 1822/2582/2216 1821/2583/2217 1778/2584/2217
f 1593/2578/2214 1804/2577/2213 1803/2585/2218 1592/2586/2219
f 1778/2584/2217 1821/2583/2217 1808/2587/2220 1777/2588/2220
f 1789/2572/2210 1819/2571/2209 1822/2582/2216 1790/2581/2216
f 1592/2586/2219 1803/2585/2218 1802/2589/2221 1591/2590/2222
f 1775/2580/2215 1807/2579/2215 1809/2591/2223 1779/2592/2224
f 1791/2593/2225 1822/2594/2226 1819/2595/2227 1806/2596/2228
f 1792/2597/2229 1821/2598/2230 1822/2594/2226 1791/2593/2225
f 1799/2599/2231 1820/2600/2232 1818/2601/2233 1798/2602/2233
f 1806/2596/2228 1819/2595/2227 1817/2603/2234 1805/2604/2235
f 1798/2602/2233 1818/2601/2233 1816/2605/2236 1797/2606/2236
f 1805/2604/2235 1817/2603/2234 1815/2607/2237 1804/2608/2238
f 1797/2606/2236 1816/2605/2236 1814/2609/2239 1796/2610/2240
f 1804/2608/2238 1815/2607/2237 1813/2611/2241 1803/2612/2242
f 1796/2610/2240 1814/2609/2239 1812/2613/2243 1795/2614/2244
f 1803/2612/2242 1813/2611/2241 1811/2615/2245 1802/2616/2246
f 1795/2614/2244 1812/2613/2243 1810/2617/2247 1794/2618/2248
f 1802/2619/2246 1811/2620/2245 1809/2621/2249 1801/2622/2250
f 1794/2618/2248 1810/2617/2247 1808/2623/2251 1793/2624/2252
f 1801/2622/2250 1809/2621/2249 1807/2625/2253 1800/2626/2254
f 1793/2624/2252 1808/2623/2251 1821/2598/2230 1792/2597/2229
f 1800/2626/2254 1807/2625/2253 1820/2600/2232 1799/2599/2231
f 1785/2627/2255 1815/2628/2256 1817/2570/2208 1787/2569/2207
f 1584/2629/2257 1795/2630/2257 1794/2556/2199 1583/2555/2199
f 1784/2631/2258 1814/2632/2258 1816/2560/2201 1786/2559/2201
f 1585/2633/2259 1796/2634/2259 1795/2630/2257 1584/2629/2257
f 1783/2635/2260 1813/2636/2261 1815/2628/2256 1785/2627/2255
f 1586/2637/2262 1797/2638/2262 1796/2634/2259 1585/2633/2259
f 1782/2639/2263 1812/2640/2263 1814/2632/2258 1784/2631/2258
f 1587/2641/2264 1798/2642/2264 1797/2638/2262 1586/2637/2262
f 1781/2643/2265 1811/2644/2266 1813/2636/2261 1783/2635/2260
f 1588/2645/2267 1799/2646/2267 1798/2642/2264 1587/2641/2264
f 1780/2647/2268 1810/2648/2268 1812/2640/2263 1782/2639/2263
f 1589/2649/2269 1800/2650/2270 1799/2646/2267 1588/2645/2267
f 1779/2592/2224 1809/2591/2223 1811/2644/2266 1781/2643/2265
f 1590/2651/2271 1801/2652/2272 1800/2650/2270 1589/2649/2269
f 1777/2588/2220 1808/2587/2220 1810/2648/2268 1780/2647/2268
f 1591/2590/2222 1802/2589/2221 1801/2652/2272 1590/2651/2271
f 1609/2653/2273 1852/2654/2274 1851/2655/2275 1608/2656/2276
f 1835/2232/2277 1864/2657/2278 1866/2658/2279 1837/2236/2280
f 1608/2656/2276 1851/2655/2275 1850/2659/2281 1607/2660/2282
f 1836/2234/2283 1865/2661/2283 1867/2662/2284 1838/2239/2284
f 1607/2660/2282 1850/2659/2281 1849/2663/2285 1606/2664/2286
f 1824/2211/2287 1868/2665/2288 1855/2666/2289 1823/2208/2289
f 1837/2236/2280 1866/2658/2279 1868/2665/2288 1824/2211/2287
f 1606/2664/2286 1849/2663/2285 1848/2667/2290 1605/2668/2290
f 1826/2215/2291 1869/2669/2291 1856/2670/2292 1825/2212/2292
f 1838/2239/2284 1867/2662/2284 1869/2669/2291 1826/2215/2291
f 1605/2668/2290 1848/2667/2290 1847/2671/2293 1604/2672/2293
f 1823/2208/2289 1855/2666/2289 1857/2673/2294 1827/2216/2294
f 1604/2672/2293 1847/2671/2293 1846/2674/2295 1603/2675/2295
f 1825/2212/2292 1856/2670/2292 1858/2676/2296 1828/2218/2296
f 1603/2675/2295 1846/2674/2295 1845/2677/2297 1602/2678/2297
f 1830/2223/2298 1870/2679/2298 1859/2680/2299 1829/2220/2299
f 1845/2681/2300 1869/2669/2300 1867/2662/2301 1844/2682/2302
f 1852/2683/2303 1868/2665/2304 1866/2658/2305 1851/2684/2306
f 1844/2682/2302 1867/2662/2301 1865/2661/2307 1843/2685/2308
f 1851/2684/2306 1866/2658/2305 1864/2657/2309 1850/2686/2310
f 1843/2685/2308 1865/2661/2307 1863/2687/2311 1842/2688/2312
f 1850/2689/2310 1864/2657/2309 1862/2690/2313 1849/2691/2314
f 1842/2688/2312 1863/2687/2311 1861/2692/2315 1841/2693/2316
f 1849/2691/2314 1862/2690/2313 1860/2694/2317 1848/2695/2318
f 1841/2693/2316 1861/2692/2315 1859/2680/2319 1840/2696/2320
f 1848/2695/2318 1860/2694/2317 1858/2676/2321 1847/2697/2322
f 1839/2698/2323 1870/2679/2324 1857/2673/2325 1854/2699/2326
f 1840/2696/2320 1859/2680/2319 1870/2679/2324 1839/2698/2323
f 1847/2697/2322 1858/2676/2321 1856/2670/2327 1846/2700/2327
f 1854/2699/2326 1857/2673/2325 1855/2666/2328 1853/2701/2329
f 1846/2700/2327 1856/2670/2327 1869/2669/2300 1845/2681/2300
f 1853/2701/2329 1855/2666/2328 1868/2665/2304 1852/2683/2303
f 1834/2230/2330 1863/2687/2330 1865/2661/2283 1836/2234/2283
f 1610/2702/2331 1853/2703/2331 1852/2654/2274 1609/2653/2273
f 1833/2228/2332 1862/2690/2333 1864/2657/2278 1835/2232/2277
f 1597/2704/2334 1840/2705/2334 1839/2706/2335 1596/2707/2335
f 1611/2708/2336 1854/2709/2337 1853/2703/2331 1610/2702/2331
f 1832/2226/2338 1861/2692/2338 1863/2687/2330 1834/2230/2330
f 1598/2710/2339 1841/2711/2339 1840/2705/2334 1597/2704/2334
f 1596/2707/2335 1839/2706/2335 1854/2709/2337 1611/2708/2336
f 1831/2224/2340 1860/2694/2340 1862/2690/2333 1833/2228/2332
f 1599/2712/2341 1842/2713/2341 1841/2711/2339 1598/2710/2339
f 1829/2220/2299 1859/2680/2299 1861/2692/2338 1832/2226/2338
f 1600/2714/2342 1843/2715/2342 1842/2713/2341 1599/2712/2341
f 1828/2218/2296 1858/2676/2296 1860/2694/2340 1831/2224/2340
f 1601/2716/2343 1844/2717/2343 1843/2715/2342 1600/2714/2342
f 1827/2216/2294 1857/2673/2294 1870/2679/2298 1830/2223/2298
f 1602/2678/2297 1845/2677/2297 1844/2717/2343 1601/2716/2343
f 1643/2259/2029 1886/2718/2344 1875/2719/2345 1644/2260/2030
f 1635/2243/2013 1885/2720/2346 1871/2721/2347 1636/2244/2014
f 1642/2272/2042 1884/2722/2348 1886/2718/2344 1643/2259/2029
f 1634/2252/2022 1883/2723/2349 1885/2720/2346 1635/2243/2013
f 1641/2248/2018 1882/2724/2350 1884/2722/2348 1642/2272/2042
f 1633/2251/2021 1881/2725/2351 1883/2723/2349 1634/2252/2022
f 1640/2247/2017 1880/2726/2352 1882/2724/2350 1641/2248/2018
f 1632/2264/2034 1879/2727/2353 1881/2725/2351 1633/2251/2021
f 1639/2256/2026 1878/2728/2354 1880/2729/2352 1640/2274/2017
f 1631/2263/2033 1877/2730/2355 1879/2727/2353 1632/2264/2034
f 1638/2255/2025 1876/2731/2356 1878/2728/2354 1639/2256/2026
f 1630/2270/2040 1874/2732/2357 1877/2730/2355 1631/2263/2033
f 1637/2266/2036 1872/2733/2358 1876/2731/2356 1638/2255/2025
f 1644/2260/2030 1875/2719/2345 1873/2734/2359 1629/2269/2039
f 1629/2269/2039 1873/2734/2359 1874/2732/2357 1630/2270/2040
f 1636/2244/2014 1871/2721/2347 1872/2733/2358 1637/2266/2036
f 1916/2735/2360 1894/2736/2360 1895/2737/2361 1903/2738/2361
f 1917/2739/2362 1888/2740/2362 1887/2741/2363 1904/2742/2363
f 1918/2743/2364 1902/2744/2364 1888/2740/2362 1917/2739/2362
f 1903/2738/2361 1895/2737/2361 1896/2745/2365 1905/2746/2365
f 1904/2742/2363 1887/2741/2363 1889/2747/2366 1906/2748/2366
f 1905/2746/2365 1896/2745/2365 1897/2749/2367 1907/2750/2367
f 1906/2748/2366 1889/2747/2366 1890/2751/2368 1908/2752/2368
f 1907/2750/2367 1897/2749/2367 1898/2753/2369 1909/2754/2369
f 1908/2752/2368 1890/2751/2368 1891/2755/2370 1910/2756/2370
f 1909/2757/2369 1898/2758/2369 1899/2759/2371 1911/2760/2371
f 1910/2756/2370 1891/2755/2370 1892/2761/2372 1912/2762/2372
f 1911/2760/2371 1899/2759/2371 1900/2763/2373 1913/2764/2373
f 1912/2762/2372 1892/2761/2372 1893/2765/2374 1914/2766/2374
f 1913/2764/2373 1900/2763/2373 1901/2767/2375 1915/2768/2375
f 1914/2766/2374 1893/2765/2374 1894/2736/2360 1916/2735/2360
f 1915/2768/2375 1901/2767/2375 1902/2744/2364 1918/2743/2364
f 1653/2769/2045 1895/2770/2045 1894/2285/2045 1652/2284/2045
f 1871/2279/2044 1916/2278/2044 1903/2295/2044 1872/2294/2044
f 1884/2771/2044 1913/2772/2044 1915/2289/2044 1886/2288/2044
f 1654/2773/2045 1896/2774/2045 1895/2770/2045 1653/2769/2045
f 1883/2775/2044 1912/2776/2044 1914/2277/2044 1885/2276/2044
f 1655/2777/2045 1897/2778/2045 1896/2774/2045 1654/2773/2045
f 1882/2779/2044 1911/2780/2044 1913/2772/2044 1884/2771/2044
f 1656/2781/2045 1898/2782/2045 1897/2778/2045 1655/2777/2045
f 1881/2783/2044 1910/2784/2044 1912/2776/2044 1883/2775/2044
f 1657/2785/2045 1899/2786/2045 1898/2782/2045 1656/2781/2045
f 1880/2787/2044 1909/2788/2044 1911/2780/2044 1882/2779/2044
f 1658/2789/2045 1900/2790/2045 1899/2786/2045 1657/2785/2045
f 1879/2313/2044 1908/2312/2044 1910/2784/2044 1881/2783/2044
f 1659/2317/2045 1901/2316/2045 1900/2790/2045 1658/2789/2045
f 1646/2315/2045 1887/2314/2045 1888/2309/2045 1645/2308/2045
f 1878/2305/2044 1907/2304/2044 1909/2788/2044 1880/2787/2044
f 1649/2791/2376 1934/2792/2056 1921/2793/2061 1650/2794/2377
f 1656/2795/2378 1933/2796/2054 1919/2797/2059 1657/2798/2379
f 1648/2799/2380 1932/2800/2051 1934/2792/2056 1649/2791/2376
f 1655/2801/2381 1931/2802/2047 1933/2803/2054 1656/2804/2378
f 1647/2805/2382 1930/2806/2050 1932/2800/2051 1648/2799/2380
f 1654/2807/2383 1929/2808/2046 1931/2802/2047 1655/2801/2381
f 1646/2809/2384 1928/2810/2058 1930/2806/2050 1647/2805/2382
f 1653/2811/2385 1926/2812/2055 1929/2808/2046 1654/2807/2383
f 1660/2813/2386 1925/2814/2053 1927/2815/2057 1645/2816/2387
f 1645/2816/2387 1927/2815/2057 1928/2810/2058 1646/2809/2384
f 1652/2817/2388 1924/2818/2049 1926/2812/2055 1653/2811/2385
f 1659/2819/2389 1923/2820/2052 1925/2814/2053 1660/2813/2386
f 1651/2821/2390 1922/2822/2048 1924/2818/2049 1652/2817/2388
f 1658/2823/2391 1920/2824/2060 1923/2820/2052 1659/2819/2389
f 1650/2794/2377 1921/2793/2061 1922/2822/2048 1651/2821/2390
f 1657/2798/2379 1919/2797/2059 1920/2824/2060 1658/2823/2391
f 1677/2337/2044 1678/2355/2044 1664/2341/2044 1941/2336/2044
f 1734/2155/1930 1584/2154/1929 1583/2165/1940 1739/2164/1939
f 1955/2138/1913 1971/2825/2392 1972/2826/2393 1942/2110/1890
f 1954/2136/1911 1970/2827/2394 1971/2825/2392 1955/2138/1913
f 1953/2134/1909 1969/2828/2395 1970/2827/2394 1954/2136/1911
f 1952/2131/1907 1968/2829/2396 1969/2828/2395 1953/2134/1909
f 1951/2130/1904 1967/2830/2397 1968/2829/2396 1952/2131/1907
f 1950/2109/1889 1966/2108/1888 1967/2831/2397 1951/2127/1904
f 1947/2120/1900 1964/2832/2398 1965/2036/1827 1948/2039/1830
f 1946/2118/1898 1963/2833/2399 1964/2832/2398 1947/2120/1900
f 1945/2116/1896 1962/2834/2400 1963/2833/2399 1946/2118/1898
f 1944/2114/1894 1961/2835/2401 1962/2834/2400 1945/2116/1896
f 1943/2111/1891 1960/2836/2402 1961/2835/2401 1944/2114/1894
f 1972/2826/2393 1960/2836/2402 1943/2111/1891 1942/2110/1890
f 1955/2138/1913 1942/2110/1890 1549/2113/1893 1579/2139/1914
f 1593/2167/1942 1741/2166/1941 1738/2163/1938 1594/2162/1937
f 1565/2837/2403 1563/2838/2404 1957/2038/1829 1949/2839/2405
f 1567/2840/2406 1565/2837/2403 1949/2839/2405 1956/2106/1886
f 1567/2840/2406 1956/2106/1886 1950/2109/1889 1569/2129/1906
f 1561/2122/1902 1948/2039/1830 1957/2038/1829 1563/2838/2404
f 1687/2841/2407 1973/2842/2408 1959/2037/1828 1686/2843/2409
f 1685/2844/2410 1686/2843/2409 1959/2037/1828 1965/2036/1827
f 1680/2845/2411 1681/2846/2412 1961/2835/2401 1960/2836/2402
f 1681/2846/2412 1682/2847/2413 1962/2834/2400 1961/2835/2401
f 1682/2847/2413 1683/2848/2414 1963/2833/2399 1962/2834/2400
f 1683/2848/2414 1684/2849/2415 1964/2832/2398 1963/2833/2399
f 1684/2849/2415 1685/2844/2410 1965/2036/1827 1964/2832/2398
f 1689/2850/2416 1690/2851/2417 1967/2831/2397 1966/2108/1888
f 1690/2852/2417 1691/2853/2418 1968/2829/2396 1967/2830/2397
f 1691/2853/2418 1692/2854/2419 1969/2828/2395 1968/2829/2396
f 1692/2854/2419 1693/2855/2420 1970/2827/2394 1969/2828/2395
f 1693/2855/2420 1694/2856/2421 1971/2825/2392 1970/2827/2394
f 1694/2856/2421 1679/2857/2422 1972/2826/2393 1971/2825/2392
f 1688/2858/2423 1689/2850/2416 1966/2108/1888 1958/2107/1887
f 1688/2858/2423 1958/2107/1887 1973/2842/2408 1687/2841/2407
f 1679/2857/2422 1680/2845/2411 1960/2836/2402 1972/2826/2393
f 1427/1965/1756 1428/1964/1755 1543/1974/1765 1420/1976/1767
f 1973/2859/2424 1958/2092/2425 1475/2091/2425 1546/2860/2426
f 1959/2126/2427 1973/2859/2424 1546/2860/2426 1489/2123/2427
f 1956/2093/2428 1949/2861/2429 1545/2862/2429 1544/2090/2428
f 1949/2861/2429 1957/2125/2430 1547/2124/2430 1545/2862/2429
f 1443/2001/1792 1444/1999/1790 1436/1963/1754 1435/1966/1757
f 1729/2143/1918 1587/2142/1917 1586/2171/1946 1730/2170/1945
o Sphere.003
v 0.400294 1.000974 -0.155797
v 0.378812 0.930604 -0.128575
v 0.330070 0.855158 -0.066682
v 0.288623 0.824281 -0.014023
v 0.087582 0.817457 0.164992
v -0.006037 1.000980 0.360458
v 0.013853 0.930759 0.335115
v 0.064306 0.855158 0.270977
v 0.105753 0.824281 0.218318
v 0.322761 0.824508 0.179975
v 0.341244 0.826373 0.147461
v 0.346379 0.824395 0.080245
v 0.501801 1.001180 -0.046527
v 0.326524 0.824315 0.028476
v 0.356822 0.830156 0.081398
v 0.232520 0.817457 -0.019156
v 0.456432 0.931228 -0.043252
v 0.386392 0.857936 -0.008256
v 0.369734 0.842259 0.031366
v 0.327738 0.827138 0.183880
v 0.360969 0.833354 0.063331
v 0.511289 1.001124 -0.024506
v 0.513754 1.001232 -0.013242
v 0.460696 0.930602 -0.031443
v 0.379229 0.845775 0.038437
v 0.371055 0.836938 0.069250
v 0.367339 0.833640 0.086502
v 0.352082 0.829533 0.152497
v 0.338298 0.829949 0.190503
v 0.394182 0.860103 0.002534
v 0.302341 0.824508 0.205919
v 0.275080 0.826373 0.231524
v 0.210952 0.824395 0.252308
v 0.124030 1.001187 0.433450
v 0.155967 0.824315 0.245173
v 0.214527 0.830156 0.262188
v 0.109164 0.817599 0.013952
v 0.258969 0.818685 0.213735
v 0.116793 0.931229 0.388271
v 0.134330 0.857936 0.311996
v 0.168928 0.842259 0.286495
v 0.307305 0.827138 0.209839
v 0.197939 0.833354 0.270464
v 0.147665 1.001130 0.437498
v 0.159194 1.001237 0.437245
v 0.129276 0.930603 0.389638
v 0.178033 0.845775 0.294062
v 0.206063 0.836938 0.278877
v 0.221959 0.833640 0.271212
v 0.282522 0.829533 0.240876
v 0.316225 0.829949 0.218548
v 0.146648 0.860103 0.317032
v 0.333486 0.832822 0.209424
v 0.301868 0.891542 0.346562
v 0.352882 0.994936 0.392083
v 0.245622 0.900051 0.369388
v 0.173410 0.909286 0.386397
v 0.216413 1.000280 0.434894
v 0.212702 0.904695 0.380946
v 0.442294 0.888746 0.214494
v 0.471251 0.904075 0.056167
v 0.467930 0.909285 0.012200
v 0.524908 1.000277 0.042935
v 0.458420 0.891577 0.147894
v 0.514478 0.995000 0.186970
v 0.496735 0.994545 0.255342
v 0.413259 0.885994 0.272198
v 0.466414 0.994045 0.314333
v 0.527663 0.998499 0.089573
v 0.467104 0.897558 0.103186
v 0.522692 0.996032 0.139597
v 0.416206 0.994547 0.357664
v 0.363990 0.888747 0.313984
v 0.292772 0.997074 0.416373
v 0.257835 0.998645 0.428277
v 0.351263 0.845839 0.082145
v 0.354376 0.848522 0.065301
v 0.362439 0.857019 0.033881
v 0.377531 0.871585 -0.004706
v 0.446522 0.943125 -0.039780
v 0.336931 0.842439 0.146628
v 0.494330 1.003198 -0.023715
v 0.324455 0.843353 0.181953
v 0.361922 0.849380 0.087055
v 0.364577 0.852170 0.071109
v 0.372005 0.860576 0.040915
v 0.385494 0.873893 0.005964
v 0.450769 0.942510 -0.027970
v 0.347874 0.845620 0.151544
v 0.497020 1.003213 -0.012369
v 0.335041 0.846166 0.188554
v 0.213946 0.845839 0.256609
v 0.198305 0.848522 0.263593
v 0.169660 0.857019 0.278813
v 0.135699 0.871585 0.302549
v 0.117840 0.943126 0.377819
v 0.273257 0.842439 0.227528
v 0.144317 1.002833 0.420502
v 0.304662 0.843353 0.207102
v 0.313565 0.846166 0.215840
v 0.280606 0.845620 0.237009
v 0.221224 0.849380 0.265816
v 0.206347 0.852170 0.272144
v 0.178744 0.860576 0.286458
v 0.147940 0.873893 0.307782
v 0.130320 0.942511 0.379170
v 0.155984 1.002843 0.420458
v 0.092035 0.824508 -0.001624
v 0.119296 0.826373 -0.027228
v 0.183424 0.824395 -0.048013
v 0.270232 1.001179 -0.228787
v 0.238409 0.824315 -0.040878
v 0.179849 0.830156 -0.057892
v 0.285212 0.817599 0.190343
v 0.306794 0.817457 0.039304
v 0.277637 0.931228 -0.183977
v 0.260045 0.857936 -0.107700
v 0.225447 0.842259 -0.082199
v 0.087070 0.827138 -0.005544
v 0.196437 0.833354 -0.066168
v 0.246598 1.001122 -0.232834
v 0.235070 1.001230 -0.232583
v 0.265155 0.930601 -0.185348
v 0.216343 0.845775 -0.089767
v 0.188313 0.836938 -0.074582
v 0.172417 0.833640 -0.066916
v 0.111854 0.829533 -0.036580
v 0.078151 0.829949 -0.014253
v 0.247703 0.860090 -0.112632
v 0.071615 0.824508 0.024320
v 0.053132 0.826373 0.056834
v 0.047997 0.824395 0.124051
v -0.107545 1.001186 0.251180
v 0.067852 0.824315 0.175819
v 0.037554 0.830156 0.122897
v 0.303596 0.817599 0.166985
v 0.119526 0.817433 0.200819
v -0.062004 0.931229 0.247544
v 0.007983 0.857936 0.212551
v 0.024642 0.842259 0.172930
v 0.066638 0.827138 0.020416
v 0.033407 0.833354 0.140965
v -0.117032 1.001128 0.229157
v -0.119495 1.001236 0.217891
v -0.066267 0.930602 0.235730
v 0.015147 0.845775 0.165858
v 0.023321 0.836938 0.135046
v 0.027037 0.833640 0.117793
v 0.042294 0.829533 0.051798
v 0.056077 0.829949 0.013792
v 0.000194 0.860103 0.201762
v 0.060890 0.832822 -0.005129
v -0.064937 0.891541 0.057857
v -0.121071 0.994933 0.019044
v -0.073913 0.900051 0.117888
v -0.073493 0.909285 0.192065
v -0.130647 1.000278 0.161726
v -0.077421 0.904695 0.152596
v 0.030437 0.888746 -0.109668
v 0.177527 0.904042 -0.174889
v 0.221011 0.909236 -0.181941
v 0.177850 1.000274 -0.230220
v 0.091384 0.891576 -0.140990
v 0.040329 0.994997 -0.186218
v -0.021957 0.994542 -0.152906
v -0.018831 0.885994 -0.067890
v -0.072169 0.994042 -0.109572
v 0.131881 0.998496 -0.221932
v 0.132798 0.897558 -0.159937
v 0.084439 0.996029 -0.205337
v -0.102492 0.994544 -0.050592
v -0.047869 0.888746 -0.010180
v -0.130567 0.997071 0.083168
v -0.133939 0.998642 0.119917
v 0.180429 0.845839 -0.052314
v 0.196071 0.848522 -0.059297
v 0.224716 0.857019 -0.074517
v 0.258677 0.871585 -0.098253
v 0.276590 0.943125 -0.173529
v 0.121119 0.842439 -0.023232
v 0.249803 1.003197 -0.216174
v 0.089714 0.843353 -0.002806
v 0.173152 0.849380 -0.061521
v 0.188028 0.852170 -0.067848
v 0.215632 0.860576 -0.082162
v 0.246435 0.873893 -0.103486
v 0.264111 0.942510 -0.174883
v 0.113769 0.845620 -0.032714
v 0.238141 1.003212 -0.216123
v 0.080811 0.846166 -0.011544
v 0.043113 0.845839 0.122150
v 0.040000 0.848522 0.138995
v 0.031937 0.857019 0.170414
v 0.016844 0.871585 0.209001
v -0.052092 0.943126 0.244070
v 0.057445 0.842439 0.057667
v -0.099738 1.002831 0.228410
v 0.069920 0.843353 0.022343
v 0.059335 0.846166 0.015742
v 0.046502 0.845620 0.052751
v 0.032454 0.849380 0.117240
v 0.029799 0.852170 0.133187
v 0.022371 0.860576 0.163381
v 0.008882 0.873893 0.198332
v -0.056338 0.942511 0.232255
v -0.102437 1.002842 0.217058
v 0.181358 1.087458 -0.235500
v -0.134957 1.087470 0.166368
v -0.131981 1.085602 0.019078
v -0.123016 1.087912 0.222861
v -0.120737 1.087814 0.234274
v -0.111340 1.087834 0.256431
v 0.239074 1.087894 -0.237161
v 0.250700 1.087796 -0.237626
v 0.274443 1.087813 -0.233696
v 0.152480 1.089068 0.422919
v 0.140793 1.089042 0.423140
v 0.498610 1.089416 -0.016358
v 0.496089 1.089386 -0.027768
v 0.255332 1.086710 0.435307
v 0.291741 1.086150 0.425114
v 0.422101 1.085622 0.366774
v 0.532524 1.085875 0.137276
v 0.534086 1.086652 0.085573
v 0.475751 1.085658 0.321629
v 0.507026 1.085621 0.258873
v 0.525276 1.085600 0.186934
v 0.529270 1.087461 0.038330
v 0.212970 1.087473 0.440216
v 0.355443 1.085603 0.402719
v 0.155250 1.087914 0.441880
v 0.143622 1.087816 0.442347
v 0.119877 1.087835 0.438419
v 0.517321 1.087896 -0.018163
v 0.515041 1.087797 -0.029572
v 0.505643 1.087815 -0.051727
v -0.010287 1.087504 0.365918
v 0.404596 1.087485 -0.161202
v 0.037859 1.085598 -0.196699
v -0.027778 1.085620 -0.162058
v -0.081429 1.085657 -0.116914
v 0.134309 1.086649 -0.229079
v 0.084423 1.085872 -0.215411
v -0.112704 1.085620 -0.054159
v -0.138781 1.086147 0.086258
v -0.140136 1.086707 0.124041
v 0.253393 1.089385 -0.218785
v 0.241711 1.089414 -0.218555
v -0.101410 1.089041 0.232506
v -0.103940 1.089066 0.221094
v 0.189317 1.191402 -0.214590
v -0.112797 1.191402 0.169253
v -0.109455 1.191402 0.030293
v -0.102289 1.191402 0.221844
v -0.100530 1.191402 0.232548
v -0.092236 1.191402 0.253123
v 0.242904 1.191402 -0.216733
v 0.253722 1.191402 -0.217539
v 0.275670 1.191402 -0.214311
v 0.149560 1.190777 0.401464
v 0.138767 1.190872 0.402068
v 0.477109 1.191193 -0.014140
v 0.475168 1.191284 -0.024776
v 0.244584 1.191402 0.414888
v 0.278930 1.191402 0.405258
v 0.402406 1.191402 0.348048
v 0.510191 1.191402 0.128538
v 0.511669 1.191402 0.079701
v 0.453539 1.191402 0.304188
v 0.484157 1.191402 0.244180
v 0.502751 1.191402 0.175722
v 0.507078 1.191402 0.035512
v 0.204964 1.191402 0.419355
v 0.339249 1.191402 0.383457
v 0.151377 1.191402 0.421498
v 0.140559 1.191402 0.422303
v 0.118611 1.191402 0.419076
v 0.496570 1.191402 -0.017079
v 0.494811 1.191402 -0.027783
v 0.486517 1.191402 -0.048358
v -0.000968 1.191402 0.354084
v 0.395249 1.191402 -0.149320
v 0.054048 1.191402 -0.177441
v -0.008125 1.191402 -0.143283
v -0.059259 1.191402 -0.099423
v 0.145286 1.191402 -0.208670
v 0.098163 1.191402 -0.195758
v -0.089876 1.191402 -0.039416
v -0.116473 1.191402 0.094045
v -0.117764 1.191402 0.129693
v 0.255414 1.191284 -0.197739
v 0.244620 1.191193 -0.197126
v -0.080441 1.190872 0.229536
v -0.082389 1.190777 0.218903
v 0.241985 1.149110 -0.227273
v 0.186365 1.149164 -0.225568
v 0.496494 1.149259 0.251497
v 0.515233 1.149259 0.180820
v 0.400801 1.149221 -0.156373
v 0.276026 1.149116 -0.224499
v 0.140677 1.149237 -0.219897
v 0.091832 1.149259 -0.206957
v 0.284665 1.149259 0.416438
v 0.347139 1.149259 0.394388
v 0.253211 1.149116 -0.228021
v 0.207946 1.149166 0.430297
v 0.249064 1.149234 0.426085
v 0.484747 1.148988 -0.026802
v 0.505121 1.149117 -0.029750
v -0.018136 1.149259 -0.153555
v -0.070883 1.149259 -0.108603
v 0.412447 1.149259 0.358281
v 0.139066 1.148574 0.411819
v 0.150264 1.148501 0.411312
v 0.046160 1.149259 -0.188376
v 0.141099 1.149118 0.432751
v 0.486875 1.148917 -0.015796
v 0.152325 1.149112 0.432003
v -0.121934 1.149259 0.025192
v -0.128688 1.149259 0.091098
v 0.507032 1.149111 -0.018662
v -0.129699 1.149233 0.127970
v -0.124132 1.149165 0.168926
v -0.006490 1.149222 0.361100
v 0.118284 1.149118 0.429229
v 0.255133 1.148988 -0.207525
v 0.465194 1.149259 0.313330
v -0.102183 1.149259 -0.046771
v -0.092125 1.148500 0.220532
v -0.089988 1.148573 0.231535
v 0.518443 1.149166 0.035801
v -0.110811 1.149117 0.234478
v 0.496337 1.149117 -0.051098
v 0.243935 1.148916 -0.207006
v 0.522564 1.149259 0.132061
v 0.523665 1.149238 0.081543
v -0.112721 1.149111 0.223390
v -0.102027 1.149117 0.255826
v 0.197165 1.257164 -0.185266
v -0.082530 1.257164 0.170094
v -0.076425 1.257164 0.043816
v -0.074277 1.257164 0.217622
v -0.072937 1.257164 0.227304
v -0.065954 1.257164 0.245805
v 0.245302 1.257164 -0.188411
v 0.255028 1.257164 -0.189384
v 0.274652 1.257164 -0.186944
v 0.147716 1.256614 0.375124
v 0.138017 1.256697 0.375914
v 0.450947 1.256980 -0.009651
v 0.449443 1.257060 -0.019267
v 0.232690 1.257164 0.385191
v 0.263728 1.257164 0.375677
v 0.375812 1.257164 0.320958
v 0.477445 1.257164 0.119190
v 0.479863 1.257164 0.074803
v 0.422680 1.257164 0.279982
v 0.451498 1.257164 0.224798
v 0.469714 1.257164 0.162209
v 0.476731 1.257164 0.034773
v 0.197035 1.257164 0.390133
v 0.318344 1.257164 0.354529
v 0.148899 1.257164 0.393278
v 0.139173 1.257164 0.394251
v 0.119549 1.257164 0.391811
v 0.468477 1.257164 -0.012755
v 0.467138 1.257164 -0.022437
v 0.460155 1.257164 -0.040938
v 0.013692 1.257164 0.335458
v 0.380508 1.257164 -0.130591
v 0.074945 1.257164 -0.148504
v 0.018388 1.257164 -0.116091
v -0.028479 1.257164 -0.075115
v 0.157520 1.257164 -0.178906
v 0.114943 1.257164 -0.166126
v -0.057297 1.257164 -0.019932
v -0.084149 1.257164 0.101872
v -0.086104 1.257164 0.134276
v 0.256103 1.257060 -0.171440
v 0.246403 1.256980 -0.170642
v -0.054842 1.256697 0.224119
v -0.056353 1.256614 0.214506
v 0.074208 0.818685 0.068315
v 0.090779 0.817599 0.037310
v 0.070859 0.817516 0.121354
v 0.135407 0.818685 -0.009440
v 0.186174 0.817516 -0.025158
v 0.161856 0.817457 0.223451
v 0.208201 0.817516 0.229453
v 0.320168 0.818685 0.135981
v 0.323517 0.817516 0.082941
v 0.274849 0.817433 0.003477
v 0.100185 0.824294 0.157766
v 0.228457 0.824294 -0.005208
v 0.119285 0.824419 0.024093
v 0.251865 0.825381 0.200905
v 0.275091 0.824420 0.180202
v 0.294191 0.824294 0.046530
v 0.291361 0.824420 0.159530
v 0.128456 0.824272 0.189473
v 0.088349 0.825381 0.072205
v 0.103015 0.824419 0.044765
v 0.085384 0.824346 0.119146
v 0.142511 0.825381 0.003391
v 0.187441 0.824346 -0.010520
v 0.165919 0.824294 0.209503
v 0.206935 0.824346 0.214815
v 0.306027 0.825381 0.132091
v 0.308991 0.824346 0.085150
v 0.265920 0.824272 0.014822
v 0.113079 0.715714 0.150372
v 0.224300 0.715714 0.009063
v 0.129641 0.715823 0.034469
v 0.244597 0.716656 0.187777
v 0.264735 0.715823 0.169826
v 0.281296 0.715714 0.053923
v 0.278843 0.715823 0.151902
v 0.137593 0.715695 0.177865
v 0.102817 0.716656 0.076185
v 0.115533 0.715823 0.052393
v 0.100247 0.715759 0.116886
v 0.149779 0.716656 0.016519
v 0.188737 0.715759 0.004458
v 0.170075 0.715714 0.195232
v 0.205639 0.715759 0.199838
v 0.291559 0.716656 0.128110
v 0.294129 0.715759 0.087409
v 0.256783 0.715695 0.026431
vn 0.3841 -0.9228 -0.0292
vn 0.2911 -0.9562 -0.0304
vn 0.2488 -0.9565 -0.1525
vn 0.3104 -0.9314 -0.1902
vn 0.2955 -0.9400 0.1704
vn 0.2527 -0.9569 0.1434
vn 0.2944 -0.9528 0.0745
vn 0.3064 -0.9481 0.0857
vn 0.1818 -0.9558 -0.2310
vn 0.2248 -0.9316 -0.2856
vn 0.4374 -0.8235 -0.3613
vn 0.3544 -0.8195 -0.4503
vn 0.4040 -0.9053 -0.1308
vn 0.4827 -0.8758 0.0045
vn 0.3876 -0.9050 -0.1756
vn 0.5007 -0.5870 -0.6362
vn 0.6238 -0.5649 -0.5401
vn 0.8112 -0.2844 -0.5110
vn 0.8857 -0.2663 -0.3804
vn 0.5965 -0.2640 -0.7579
vn 0.3302 -0.9224 0.2004
vn 0.5868 0.3590 0.7258
vn 0.4900 0.3468 0.7998
vn 0.4896 0.3466 0.8001
vn 0.5864 0.3590 0.7261
vn 0.9795 -0.0784 -0.1853
vn 0.9953 -0.0968 0.0045
vn 0.9916 -0.1252 -0.0309
vn 0.9726 -0.1299 -0.1930
vn -0.5973 -0.2598 0.7588
vn -0.6184 0.0159 0.7857
vn -0.8418 0.0290 0.5391
vn -0.8124 -0.2830 0.5099
vn 0.9195 0.3133 0.2374
vn 0.8925 0.3468 0.2884
vn 0.8927 0.3466 0.2879
vn 0.9196 0.3129 0.2373
vn -0.9249 -0.2628 -0.2747
vn -0.8514 -0.2364 -0.4683
vn -0.8516 -0.2364 -0.4680
vn -0.9250 -0.2630 -0.2743
vn 0.4468 0.3133 0.8380
vn 0.4863 0.2667 0.8321
vn 0.4869 0.2665 0.8318
vn 0.4467 0.3129 0.8381
vn -0.8112 -0.3555 -0.4643
vn -0.8470 -0.3556 -0.3952
vn -0.8467 -0.3556 -0.3958
vn 0.0619 -0.9228 0.3802
vn -0.1119 -0.9314 0.3464
vn -0.0898 -0.9565 0.2776
vn 0.0388 -0.9562 0.2901
vn 0.2350 -0.9400 0.2472
vn 0.1553 -0.9481 0.2776
vn 0.1415 -0.9528 0.2686
vn 0.1988 -0.9569 0.2119
vn -0.2248 -0.9316 0.2856
vn -0.1818 -0.9558 0.2310
vn -0.2427 -0.8258 0.5092
vn -0.3518 -0.8225 0.4469
vn -0.0322 -0.9053 0.4235
vn 0.1178 -0.8758 0.4681
vn -0.0796 -0.9050 0.4180
vn -0.3707 -0.5646 0.7374
vn -0.5015 -0.5854 0.6371
vn -0.1616 -0.2680 0.9498
vn -0.3047 -0.2833 0.9093
vn 0.2724 -0.9224 0.2738
vn 0.6559 0.2377 0.7164
vn 0.8505 0.2377 0.4692
vn 0.8500 0.2376 0.4702
vn 0.6567 0.2376 0.7157
vn -0.0557 0.0822 -0.9951
vn -0.2443 0.0911 -0.9654
vn -0.2056 0.1224 -0.9709
vn -0.0473 0.1260 -0.9909
vn -0.1621 0.0372 0.9861
vn -0.3262 0.0289 0.9449
vn -0.9227 -0.3083 -0.2313
vn -0.9226 -0.3087 -0.2314
vn -0.6552 -0.2364 -0.7175
vn -0.6549 -0.2364 -0.7178
vn 0.8434 0.3590 0.3998
vn 0.8078 0.3597 0.4670
vn 0.8436 0.3590 0.3994
vn -0.4118 -0.0540 -0.9097
vn 0.3792 -0.7124 0.5905
vn 0.5445 -0.7211 0.4284
vn 0.7413 -0.3316 0.5836
vn 0.5322 -0.3261 0.7813
vn 0.2652 -0.8829 0.3876
vn 0.3341 -0.9051 0.2629
vn 0.1140 -0.8442 0.5237
vn 0.1947 -0.8613 0.4693
vn 0.2631 -0.7085 0.6548
vn 0.1875 -0.6958 0.6933
vn 0.3883 -0.3203 0.8641
vn 0.2999 -0.3111 0.9018
vn -0.1548 -0.7768 0.6105
vn -0.0380 -0.8171 0.5753
vn -0.0429 -0.6721 0.7392
vn -0.0986 -0.6134 0.7836
vn 0.0613 -0.2801 0.9580
vn -0.0164 -0.2955 0.9552
vn 0.5520 -0.8167 -0.1682
vn 0.5567 -0.7769 -0.2941
vn 0.7394 -0.6122 -0.2801
vn 0.7107 -0.6713 -0.2103
vn 0.9251 -0.2942 -0.2402
vn 0.9474 -0.2803 -0.1545
vn 0.4397 -0.8827 0.1656
vn 0.5481 -0.8324 -0.0819
vn 0.7312 -0.6789 -0.0670
vn 0.9553 -0.2952 -0.0139
vn 0.5004 -0.8616 0.0847
vn 0.6944 -0.7104 0.1146
vn 0.6649 -0.7115 0.2274
vn 0.9286 -0.3209 0.1864
vn 0.8859 -0.3254 0.3305
vn 0.7187 -0.6946 0.0305
vn 0.9443 -0.3142 0.0980
vn 0.5335 -0.8458 -0.0095
vn 0.1023 -0.6790 0.7270
vn 0.2032 -0.2954 0.9335
vn 0.0540 -0.8325 0.5514
vn 0.7047 -0.6560 -0.2704
vn 0.7944 -0.5525 -0.2523
vn 0.7183 -0.6420 -0.2681
vn 0.5357 -0.8159 -0.2175
vn 0.5477 -0.8055 -0.2264
vn 0.4334 -0.8890 -0.1480
vn 0.4379 -0.8864 -0.1501
vn 0.3887 -0.9145 -0.1121
vn 0.3962 -0.9104 -0.1193
vn 0.3251 -0.9451 -0.0332
vn 0.3341 -0.9414 -0.0457
vn 0.2528 -0.9658 0.0576
vn 0.2591 -0.9645 0.0503
vn 0.1956 -0.9736 0.1174
vn 0.1972 -0.9735 0.1159
vn 0.1601 -0.9736 0.1625
vn 0.1590 -0.9735 0.1644
vn 0.1098 -0.9645 0.2401
vn 0.1154 -0.9658 0.2321
vn 0.0341 -0.9414 0.3355
vn 0.0441 -0.9451 0.3238
vn -0.0229 -0.9104 0.4131
vn -0.0177 -0.9145 0.4042
vn -0.0430 -0.8864 0.4609
vn -0.0420 -0.8890 0.4560
vn -0.0914 -0.8054 0.5856
vn -0.0855 -0.8158 0.5719
vn -0.0973 -0.6568 0.7478
vn -0.0920 -0.6431 0.7602
vn -0.0588 -0.5549 0.8298
vn -0.4416 -0.3083 -0.8425
vn -0.4830 -0.3432 -0.8055
vn -0.4837 -0.3434 -0.8051
vn -0.4417 -0.3087 -0.8424
vn 0.9820 0.0492 0.1824
vn 0.9230 0.2667 0.2772
vn 0.9230 0.2665 0.2778
vn 0.6437 0.3597 0.6754
vn -0.5831 -0.3556 -0.7304
vn -0.5836 -0.3556 -0.7300
vn -0.9810 -0.0538 -0.1864
vn -0.9958 0.0904 -0.0115
vn -0.9923 0.1212 0.0268
vn -0.4843 -0.2628 -0.8345
vn -0.4839 -0.2630 -0.8346
vn -0.9804 0.0781 0.1810
vn -0.9740 0.1269 0.1879
vn -0.8965 -0.3432 -0.2802
vn -0.8962 -0.3434 -0.2810
vn 0.2373 -0.0975 0.9665
vn 0.0514 -0.0825 0.9953
vn 0.0421 -0.1289 0.9908
vn 0.2015 -0.1264 0.9713
vn -0.6419 -0.3555 -0.6794
vn 0.4081 0.0493 0.9116
vn -0.0619 -0.9228 -0.3802
vn 0.1119 -0.9314 -0.3464
vn 0.0898 -0.9565 -0.2776
vn -0.0388 -0.9562 -0.2901
vn -0.2350 -0.9400 -0.2472
vn -0.1553 -0.9481 -0.2776
vn -0.1415 -0.9528 -0.2686
vn -0.1988 -0.9569 -0.2119
vn 0.2484 -0.8235 -0.5101
vn 0.0322 -0.9053 -0.4235
vn -0.1178 -0.8758 -0.4681
vn 0.0796 -0.9050 -0.4180
vn 0.3784 -0.5648 -0.7333
vn 0.1617 -0.2660 -0.9503
vn 0.3061 -0.2841 -0.9086
vn -0.2724 -0.9224 -0.2738
vn -0.8434 0.3590 -0.3998
vn -0.8436 0.3590 -0.3994
vn -0.8927 0.3466 -0.2879
vn -0.8925 0.3468 -0.2884
vn -0.0505 -0.0780 -0.9957
vn -0.0415 -0.1293 -0.9907
vn -0.2034 -0.1250 -0.9711
vn -0.2387 -0.0965 -0.9663
vn -0.5296 -0.3248 -0.7836
vn -0.5627 0.0359 -0.8259
vn -0.4258 0.0303 -0.9043
vn -0.3995 -0.3204 -0.8589
vn -0.4468 0.3133 -0.8380
vn -0.4467 0.3129 -0.8381
vn -0.4896 0.3466 -0.8001
vn -0.4900 0.3468 -0.7998
vn 0.4843 -0.2628 0.8345
vn 0.4839 -0.2630 0.8346
vn 0.6549 -0.2364 0.7178
vn 0.6552 -0.2364 0.7175
vn -0.9195 0.3133 -0.2374
vn -0.9196 0.3129 -0.2373
vn -0.9230 0.2665 -0.2778
vn -0.9230 0.2667 -0.2772
vn 0.6413 -0.3542 0.6806
vn 0.5833 -0.3549 0.7306
vn 0.5828 -0.3549 0.7310
vn -0.3841 -0.9228 0.0292
vn -0.2911 -0.9562 0.0304
vn -0.2488 -0.9565 0.1525
vn -0.3104 -0.9314 0.1902
vn -0.2955 -0.9400 -0.1704
vn -0.2527 -0.9569 -0.1434
vn -0.2944 -0.9528 -0.0745
vn -0.3064 -0.9481 -0.0857
vn -0.4379 -0.8258 0.3555
vn -0.4040 -0.9053 0.1308
vn -0.4827 -0.8758 -0.0045
vn -0.3876 -0.9050 0.1756
vn -0.6298 -0.5645 0.5336
vn -0.8853 -0.2678 0.3802
vn -0.3302 -0.9224 -0.2004
vn -0.8505 0.2377 -0.4692
vn -0.8500 0.2376 -0.4702
vn -0.6567 0.2376 -0.7157
vn -0.6559 0.2377 -0.7164
vn 0.9804 0.0818 -0.1792
vn 0.9744 0.1254 -0.1863
vn 0.9921 0.1221 -0.0279
vn 0.9958 0.0907 0.0110
vn 0.4416 -0.3083 0.8425
vn 0.4417 -0.3087 0.8424
vn 0.8516 -0.2364 0.4680
vn 0.8514 -0.2364 0.4683
vn -0.5868 0.3590 -0.7258
vn -0.5864 0.3590 -0.7261
vn -0.6437 0.3597 -0.6754
vn 0.9809 -0.0542 0.1867
vn -0.6634 -0.7120 -0.2300
vn -0.8846 -0.3256 -0.3338
vn -0.7416 -0.3310 -0.5835
vn -0.5446 -0.7207 -0.4288
vn -0.4392 -0.8828 -0.1668
vn -0.3341 -0.9051 -0.2630
vn -0.5360 -0.8441 0.0121
vn -0.7182 -0.6955 -0.0195
vn -0.6986 -0.7082 -0.1020
vn -0.5021 -0.8612 -0.0791
vn -0.9472 -0.3106 -0.0798
vn -0.9313 -0.3198 -0.1746
vn -0.5571 -0.7767 0.2939
vn -0.7387 -0.6131 0.2799
vn -0.7087 -0.6718 0.2154
vn -0.5503 -0.8170 0.1720
vn -0.9248 -0.2950 0.2403
vn -0.9458 -0.2796 0.1654
vn 0.0338 -0.8164 -0.5765
vn 0.0371 -0.6715 -0.7401
vn 0.0974 -0.6122 -0.7847
vn 0.1547 -0.7768 -0.6104
vn -0.0726 -0.2803 -0.9572
vn 0.0154 -0.2943 -0.9556
vn -0.2644 -0.8827 -0.3886
vn -0.0489 -0.8321 -0.5524
vn -0.1063 -0.6787 -0.7267
vn -0.2108 -0.2949 -0.9320
vn -0.3775 -0.7111 -0.5932
vn -0.2748 -0.7101 -0.6483
vn -0.2000 -0.8615 -0.4667
vn -0.1984 -0.6942 -0.6919
vn -0.3171 -0.3137 -0.8950
vn -0.1159 -0.8456 -0.5210
vn -0.7310 -0.6787 0.0712
vn -0.9553 -0.2948 0.0216
vn -0.5488 -0.8324 0.0769
vn 0.0973 -0.6557 -0.7487
vn 0.0919 -0.6417 -0.7614
vn 0.0586 -0.5521 -0.8317
vn 0.0914 -0.8054 -0.5856
vn 0.0856 -0.8159 -0.5718
vn 0.0430 -0.8864 -0.4609
vn 0.0420 -0.8890 -0.4560
vn 0.0229 -0.9104 -0.4131
vn 0.0177 -0.9145 -0.4042
vn -0.0341 -0.9414 -0.3355
vn -0.0441 -0.9451 -0.3238
vn -0.1098 -0.9645 -0.2401
vn -0.1154 -0.9658 -0.2321
vn -0.1590 -0.9735 -0.1644
vn -0.1601 -0.9736 -0.1625
vn -0.1972 -0.9735 -0.1159
vn -0.1956 -0.9736 -0.1174
vn -0.2591 -0.9645 -0.0503
vn -0.2528 -0.9658 -0.0576
vn -0.3341 -0.9414 0.0457
vn -0.3251 -0.9451 0.0332
vn -0.3962 -0.9104 0.1193
vn -0.3887 -0.9145 0.1121
vn -0.4379 -0.8864 0.1501
vn -0.4334 -0.8890 0.1480
vn -0.5478 -0.8054 0.2265
vn -0.5358 -0.8158 0.2176
vn -0.7042 -0.6565 0.2703
vn -0.7175 -0.6429 0.2681
vn -0.7930 -0.5545 0.2522
vn 0.9227 -0.3083 0.2313
vn 0.9226 -0.3087 0.2314
vn 0.8962 -0.3434 0.2810
vn 0.8965 -0.3432 0.2802
vn -0.4082 0.0494 -0.9115
vn -0.4869 0.2665 -0.8318
vn -0.4863 0.2667 -0.8321
vn -0.8078 0.3597 -0.4670
vn 0.8467 -0.3556 0.3958
vn 0.8470 -0.3556 0.3952
vn 0.4119 -0.0540 0.9096
vn 0.2075 0.1210 0.9707
vn 0.2456 0.0901 0.9652
vn 0.9249 -0.2628 0.2747
vn 0.9250 -0.2630 0.2743
vn 0.0468 0.1264 0.9909
vn 0.0549 0.0777 0.9955
vn 0.4830 -0.3432 0.8055
vn 0.4837 -0.3434 0.8051
vn -0.9953 -0.0972 -0.0040
vn -0.9915 -0.1261 0.0320
vn -0.9731 -0.1284 0.1914
vn -0.9796 -0.0821 0.1835
vn 0.8112 -0.3555 0.4643
vn -0.9819 0.0495 -0.1827
vn -0.1020 -0.0338 -0.9942
vn -0.0981 -0.0365 -0.9945
vn 0.3263 0.0291 -0.9448
vn 0.6184 0.0161 -0.7857
vn 0.9897 0.0306 -0.1402
vn 0.9890 0.0337 -0.1439
vn 0.9791 0.0301 0.2013
vn 0.9350 0.0357 0.3529
vn -0.0121 -0.0287 -0.9995
vn -0.0222 0.0782 -0.9967
vn -0.0226 0.0828 -0.9963
vn 0.8417 0.0290 -0.5391
vn 0.9744 -0.0293 -0.2231
vn 0.9738 0.0824 -0.2121
vn 0.9740 0.0779 -0.2126
vn -0.0876 0.0515 -0.9948
vn -0.0322 0.0569 -0.9979
vn -0.9961 0.0368 -0.0796
vn -0.9820 0.0315 -0.1862
vn -0.7852 0.0395 -0.6180
vn -0.9860 0.0512 0.1587
vn -0.9984 0.0456 0.0331
vn 0.9775 0.0566 -0.2032
vn 0.9876 0.0512 -0.1487
vn 0.4117 0.0313 0.9108
vn 0.3114 0.0366 0.9496
vn 0.7852 0.0394 0.6180
vn 0.1621 0.0375 -0.9861
vn -0.3298 0.0325 -0.9435
vn -0.2110 0.0431 -0.9765
vn 0.2024 0.0453 0.9783
vn 0.0773 0.0509 0.9957
vn 0.9204 0.0373 -0.3893
vn 0.9988 0.0428 -0.0244
vn 0.9946 0.0323 0.0988
vn 0.0968 0.0341 0.9947
vn 0.1010 0.0307 0.9944
vn -0.9742 -0.0285 0.2238
vn -0.9735 0.0836 0.2128
vn -0.9738 0.0789 0.2133
vn -0.9335 0.0359 -0.3568
vn 0.0114 -0.0291 0.9995
vn 0.0214 0.0786 0.9967
vn 0.0219 0.0832 0.9963
vn -0.0928 0.0341 -0.9951
vn -0.0966 0.0310 -0.9948
vn 0.5661 0.0357 0.8235
vn -0.9891 -0.0361 0.1426
vn -0.9897 -0.0337 0.1391
vn 0.0322 0.0565 0.9979
vn 0.9898 -0.0369 -0.1380
vn 0.9904 -0.0342 -0.1341
vn -0.9204 0.0374 0.3892
vn 0.0976 -0.0341 0.9946
vn 0.0941 -0.0365 0.9949
vn -0.9775 0.0568 0.2032
vn -0.0320 0.2055 -0.9781
vn -0.0788 0.2088 -0.9748
vn -0.0848 0.3353 -0.9383
vn -0.0409 0.3279 -0.9438
vn 0.9045 0.2533 0.3432
vn 0.9514 0.2371 0.1966
vn 0.9010 0.3872 0.1955
vn 0.8522 0.4050 0.3311
vn 0.6106 0.1595 -0.7757
vn 0.3178 0.1755 -0.9318
vn 0.2991 0.2961 -0.9071
vn 0.5941 0.2780 -0.7548
vn -0.1904 0.2169 -0.9575
vn -0.3113 0.2255 -0.9232
vn -0.3043 0.3708 -0.8775
vn -0.1894 0.3531 -0.9162
vn 0.2928 0.2237 0.9296
vn 0.3982 0.2357 0.8865
vn 0.3864 0.3846 0.8383
vn 0.2868 0.3666 0.8851
vn 0.1510 0.1882 -0.9704
vn 0.1356 0.3082 -0.9416
vn 0.0687 0.2078 0.9758
vn 0.1829 0.2160 0.9591
vn 0.1825 0.3506 0.9186
vn 0.0748 0.3338 0.9397
vn 0.1356 -0.0004 0.9908
vn 0.1322 0.0030 0.9912
vn 0.1536 -0.0133 0.9880
vn 0.1567 -0.0139 0.9875
vn -0.5461 0.2533 -0.7985
vn -0.7577 0.2648 -0.5964
vn -0.7143 0.4168 -0.5622
vn -0.5221 0.4050 -0.7506
vn 0.5496 0.2534 0.7961
vn 0.5253 0.4050 0.7484
vn 0.0414 0.2083 0.9772
vn 0.0411 0.2079 0.9773
vn 0.0587 0.2986 0.9526
vn 0.0587 0.2992 0.9524
vn -0.4146 0.2370 -0.8786
vn -0.4018 0.3872 -0.8298
vn 0.9942 0.0025 -0.1077
vn 0.9945 -0.0005 -0.1045
vn 0.9965 -0.0138 -0.0826
vn 0.9962 -0.0133 -0.0856
vn 0.9598 0.2076 -0.1889
vn 0.9598 0.2081 -0.1886
vn 0.9392 0.3005 -0.1659
vn 0.9394 0.3001 -0.1660
vn -0.9943 -0.0073 0.1062
vn -0.9940 -0.0101 0.1092
vn -0.9961 0.0019 0.0881
vn -0.9964 0.0012 0.0851
vn 0.0320 0.2050 0.9782
vn 0.0410 0.3270 0.9441
vn -0.9552 0.2357 -0.1788
vn -0.9724 0.2237 -0.0661
vn -0.9277 0.3666 -0.0708
vn -0.9056 0.3846 -0.1786
vn -0.1309 -0.0106 -0.9913
vn -0.1341 -0.0075 -0.9909
vn -0.1546 0.0011 -0.9880
vn -0.1514 0.0018 -0.9885
vn -0.9752 0.2160 0.0476
vn -0.9646 0.2078 0.1625
vn -0.9310 0.3337 0.1481
vn -0.9357 0.3506 0.0384
vn -0.6106 0.1589 0.7758
vn -0.3178 0.1750 0.9319
vn -0.2992 0.2949 0.9075
vn -0.5943 0.2767 0.7551
vn -0.9945 0.0031 0.1043
vn -0.9949 -0.0003 0.1009
vn -0.9967 -0.0139 0.0797
vn -0.9965 -0.0133 0.0829
vn 0.7578 0.2648 0.5964
vn 0.7143 0.4168 0.5622
vn -0.9029 0.2534 -0.3471
vn -0.8508 0.4050 -0.3347
vn -0.1510 0.1878 0.9705
vn -0.1357 0.3071 0.9420
vn -0.9596 0.2079 0.1896
vn -0.9595 0.2084 0.1894
vn -0.9395 0.2992 0.1667
vn -0.9397 0.2986 0.1668
vn 0.9660 0.2088 -0.1524
vn 0.9583 0.2054 -0.1988
vn 0.9270 0.3279 -0.1820
vn 0.9319 0.3353 -0.1380
vn -0.1321 -0.0004 -0.9912
vn -0.1290 0.0026 -0.9916
vn -0.1508 -0.0133 -0.9885
vn -0.1538 -0.0138 -0.9880
vn 0.8310 0.1755 -0.5278
vn 0.8115 0.2961 -0.5039
vn -0.0422 0.2081 -0.9772
vn -0.0419 0.2077 -0.9773
vn -0.0594 0.3000 -0.9521
vn -0.0594 0.3005 -0.9519
vn 0.9705 0.2255 0.0857
vn 0.9754 0.2169 -0.0399
vn 0.9351 0.3531 -0.0311
vn 0.9244 0.3708 0.0896
vn 0.1275 -0.0102 0.9918
vn 0.1305 -0.0074 0.9914
vn 0.1513 0.0012 0.9885
vn 0.1484 0.0019 0.9889
vn 0.9078 0.1882 -0.3748
vn 0.8834 0.3082 -0.3531
vn -0.9584 0.2050 0.1987
vn -0.9273 0.3270 0.1820
vn 0.9947 -0.0076 -0.1024
vn 0.9944 -0.0108 -0.1056
vn 0.9964 0.0018 -0.0851
vn 0.9966 0.0011 -0.0819
vn -0.8311 0.1750 0.5278
vn -0.8118 0.2949 0.5040
vn -0.9079 0.1878 0.3748
vn -0.8837 0.3070 0.3532
vn -0.9896 0.0345 0.1393
vn -0.9903 0.0310 0.1352
vn 0.4993 0.4930 0.7125
vn 0.3711 0.4694 0.8012
vn 0.0662 0.3707 0.9264
vn -0.3871 0.4720 -0.7921
vn -0.2957 0.4534 -0.8408
vn 0.9970 -0.0150 -0.0758
vn 0.9154 0.3726 -0.1526
vn -0.4961 0.4931 -0.7147
vn -0.9969 -0.0003 0.0783
vn 0.0787 0.4115 0.9080
vn 0.0475 0.4029 0.9140
vn -0.8909 0.4483 -0.0736
vn -0.8660 0.4694 -0.1724
vn -0.1612 -0.0004 -0.9869
vn 0.2809 0.4483 0.8486
vn 0.1798 0.4310 0.8842
vn -0.9011 0.4115 0.1369
vn -0.9017 0.4310 0.0330
vn -0.2993 0.3668 0.8809
vn -0.5802 0.3462 0.7372
vn -0.9972 -0.0151 0.0730
vn 0.6762 0.5092 0.5324
vn -0.8098 0.4930 -0.3179
vn -0.1247 0.3843 0.9147
vn -0.9160 0.3707 0.1533
vn 0.8991 0.4041 -0.1685
vn 0.9015 0.4135 -0.1274
vn -0.1606 -0.0150 -0.9869
vn 0.5799 0.3478 -0.7367
vn 0.7854 0.3683 -0.4975
vn -0.0668 0.3726 -0.9256
vn 0.9008 0.4336 -0.0254
vn 0.8867 0.4535 0.0898
vn 0.1581 -0.0003 0.9874
vn 0.8593 0.3856 -0.3359
vn -0.8996 0.4029 0.1686
vn 0.9972 -0.0004 -0.0752
vn 0.8112 0.4931 0.3143
vn -0.7859 0.3668 0.4978
vn -0.6764 0.5092 -0.5322
vn 0.8609 0.4720 0.1902
vn -0.8598 0.3843 0.3362
vn -0.0880 0.4135 -0.9062
vn -0.0475 0.4041 -0.9135
vn 0.2990 0.3683 -0.8803
vn -0.1869 0.4336 -0.8815
vn 0.1246 0.3856 -0.9142
vn 0.1633 -0.0151 0.9865
vn -0.3639 -0.9048 0.2214
vn -0.4150 -0.9068 0.0745
vn -0.4151 -0.9068 0.0740
vn -0.3627 -0.9047 0.2234
vn 0.3639 -0.9048 -0.2214
vn 0.4150 -0.9068 -0.0745
vn 0.4151 -0.9068 -0.0740
vn 0.3627 -0.9047 -0.2234
vn -0.3985 -0.9097 -0.1172
vn -0.3527 -0.9026 -0.2469
vn -0.3524 -0.9026 -0.2474
vn -0.3982 -0.9097 -0.1180
vn 0.3527 -0.9026 0.2469
vn 0.3228 -0.9026 0.2848
vn 0.3233 -0.9026 0.2844
vn 0.3524 -0.9026 0.2474
vn -0.2648 -0.9037 0.3364
vn -0.3228 -0.9026 -0.2848
vn -0.2075 -0.9097 -0.3598
vn -0.2083 -0.9097 -0.3594
vn -0.3233 -0.9026 -0.2844
vn -0.0251 -0.9068 -0.4209
vn -0.0256 -0.9068 -0.4209
vn 0.1297 -0.9048 -0.4057
vn 0.1320 -0.9047 -0.4050
vn 0.2648 -0.9037 -0.3364
vn 0.2075 -0.9097 0.3598
vn 0.0251 -0.9068 0.4209
vn 0.0256 -0.9068 0.4209
vn 0.2083 -0.9097 0.3594
vn -0.1297 -0.9048 0.4057
vn -0.1320 -0.9047 0.4050
vn 0.3985 -0.9097 0.1172
vn 0.3982 -0.9097 0.1180
vn -0.8313 -0.1337 -0.5395
vn -0.7197 -0.1337 -0.6813
vn -0.7212 -0.1337 -0.6797
vn -0.8301 -0.1337 -0.5413
vn 0.6128 -0.1348 -0.7786
vn 0.8465 -0.1356 -0.5149
vn 0.8460 -0.1356 -0.5157
vn 0.9797 -0.1371 -0.1463
vn 0.9532 -0.1367 0.2696
vn 0.9528 -0.1367 0.2710
vn 0.9792 -0.1371 -0.1495
vn 0.4860 -0.1367 0.8632
vn 0.0880 -0.1371 0.9866
vn 0.0848 -0.1371 0.9869
vn 0.4873 -0.1367 0.8625
vn -0.3016 -0.1356 0.9438
vn -0.3025 -0.1356 0.9435
vn -0.6128 -0.1348 0.7786
vn -0.4860 -0.1367 -0.8632
vn -0.0880 -0.1371 -0.9866
vn -0.0848 -0.1371 -0.9869
vn -0.4873 -0.1367 -0.8625
vn 0.3016 -0.1356 -0.9438
vn 0.3025 -0.1356 -0.9435
vn -0.9532 -0.1367 -0.2696
vn -0.9528 -0.1367 -0.2710
vn -0.9797 -0.1371 0.1463
vn -0.9792 -0.1371 0.1495
vn 0.7197 -0.1337 0.6813
vn 0.7212 -0.1337 0.6797
vn 0.8313 -0.1337 0.5395
vn 0.8301 -0.1337 0.5413
vn -0.8465 -0.1356 0.5149
vn -0.8460 -0.1356 0.5157
vt 0.261561 0.710390
vt 0.255316 0.717127
vt 0.239795 0.708578
vt 0.243027 0.700248
vt 0.280050 0.745554
vt 0.270637 0.746731
vt 0.267667 0.733355
vt 0.277267 0.731125
vt 0.221898 0.705869
vt 0.221763 0.697111
vt 0.252116 0.671729
vt 0.221311 0.669618
vt 0.262111 0.701125
vt 0.265308 0.707698
vt 0.256876 0.688829
vt 0.220628 0.629846
vt 0.263377 0.631888
vt 0.273211 0.602616
vt 0.282077 0.603515
vt 0.220155 0.602026
vt 0.282748 0.745376
vt 0.012697 0.083868
vt 0.012697 0.093458
vt 0.003576 0.094973
vt 0.003576 0.085604
vt 0.012697 0.027023
vt 0.012697 0.045288
vt 0.003576 0.047865
vt 0.003576 0.032074
vt 0.217394 0.903792
vt 0.215425 0.932769
vt 0.165420 0.928986
vt 0.167804 0.899458
vt 0.012697 0.171361
vt 0.012697 0.176735
vt 0.003576 0.175219
vt 0.003576 0.170266
vt 0.124945 0.125824
vt 0.124945 0.135658
vt 0.111885 0.136129
vt 0.111885 0.126338
vt 0.012697 0.098832
vt 0.012697 0.118716
vt 0.003576 0.119276
vt 0.003576 0.099927
vt 0.124945 0.092952
vt 0.124945 0.100928
vt 0.111885 0.101743
vt 0.111885 0.093363
vt 0.264778 0.797972
vt 0.245442 0.810776
vt 0.241391 0.801162
vt 0.257292 0.790824
vt 0.280775 0.758599
vt 0.279619 0.773674
vt 0.269278 0.772252
vt 0.271154 0.758371
vt 0.222538 0.815580
vt 0.225205 0.805110
vt 0.253669 0.841035
vt 0.220981 0.841095
vt 0.266098 0.808513
vt 0.269210 0.800648
vt 0.259925 0.822868
vt 0.260085 0.878317
vt 0.219112 0.874994
vt 0.275781 0.906038
vt 0.267446 0.906353
vt 0.283516 0.758471
vt 0.012697 0.130205
vt 0.012697 0.139988
vt 0.003576 0.139835
vt 0.003576 0.130358
vt 0.124945 0.060735
vt 0.124945 0.077618
vt 0.111885 0.077240
vt 0.111885 0.062144
vt 0.274083 0.936532
vt 0.265621 0.936035
vt 0.124945 0.112667
vt 0.111885 0.113335
vt 0.124945 0.145478
vt 0.111885 0.145199
vt 0.012697 0.186325
vt 0.012697 0.198944
vt 0.003576 0.196712
vt 0.003576 0.184588
vt 0.642803 0.507084
vt 0.623525 0.504845
vt 0.624510 0.468723
vt 0.642961 0.470345
vt 0.628727 0.546293
vt 0.622435 0.543171
vt 0.669179 0.554687
vt 0.643395 0.549729
vt 0.664128 0.511532
vt 0.683788 0.514330
vt 0.663798 0.473271
vt 0.683570 0.476302
vt 0.703113 0.551367
vt 0.687973 0.554669
vt 0.708767 0.520004
vt 0.726450 0.521354
vt 0.709085 0.481336
vt 0.729291 0.487128
vt 0.556543 0.550904
vt 0.541614 0.546713
vt 0.520126 0.515372
vt 0.537818 0.515112
vt 0.519577 0.481096
vt 0.540026 0.476846
vt 0.615976 0.545921
vt 0.568737 0.552026
vt 0.552702 0.511996
vt 0.555316 0.474491
vt 0.601153 0.548476
vt 0.583227 0.509384
vt 0.604183 0.506056
vt 0.585612 0.471360
vt 0.606038 0.469466
vt 0.568422 0.510352
vt 0.571069 0.472912
vt 0.575250 0.551876
vt 0.695544 0.516158
vt 0.695293 0.478254
vt 0.675708 0.555121
vt 0.103035 0.077509
vt 0.103035 0.063019
vt 0.111885 0.077241
vt 0.111885 0.093364
vt 0.103035 0.093266
vt 0.111885 0.101745
vt 0.103035 0.101535
vt 0.111885 0.108575
vt 0.103035 0.108577
vt 0.111885 0.113336
vt 0.103035 0.113168
vt 0.111885 0.126340
vt 0.103035 0.126256
vt 0.111885 0.136129
vt 0.103035 0.136116
vt 0.111885 0.145198
vt 0.103035 0.145421
vt 0.103035 0.155004
vt 0.111885 0.154949
vt 0.103035 0.168026
vt 0.111885 0.167860
vt 0.103035 0.172589
vt 0.111885 0.172593
vt 0.103035 0.179587
vt 0.111885 0.179380
vt 0.103035 0.187805
vt 0.111885 0.187709
vt 0.103035 0.203457
vt 0.111885 0.203721
vt 0.111885 0.218668
vt 0.103035 0.217797
vt 0.124945 0.168533
vt 0.124945 0.173198
vt 0.111885 0.172595
vt 0.111885 0.167861
vt 0.012697 0.071248
vt 0.003576 0.073481
vt 0.012697 0.151476
vt 0.003576 0.150917
vt 0.124945 0.180195
vt 0.111885 0.179382
vt 0.124945 0.188120
vt 0.124945 0.203353
vt 0.111885 0.203721
vt 0.111885 0.187710
vt 0.124945 0.155483
vt 0.111885 0.154951
vt 0.124945 0.220179
vt 0.124945 0.107971
vt 0.111885 0.108573
vt 0.012697 0.224913
vt 0.012697 0.243108
vt 0.003576 0.238170
vt 0.003576 0.222337
vt 0.182550 0.711620
vt 0.200643 0.700925
vt 0.204123 0.709121
vt 0.188963 0.718104
vt 0.165521 0.747050
vt 0.167716 0.732679
vt 0.177286 0.734533
vt 0.174872 0.747850
vt 0.190622 0.672796
vt 0.181688 0.702442
vt 0.178744 0.709080
vt 0.186462 0.690023
vt 0.177983 0.633388
vt 0.158328 0.605696
vt 0.167156 0.604485
vt 0.162847 0.746977
vt 0.151926 0.102970
vt 0.159990 0.104505
vt 0.159990 0.112787
vt 0.151926 0.111447
vt 0.151926 0.044833
vt 0.159990 0.049294
vt 0.159990 0.071150
vt 0.151926 0.068873
vt 0.884233 0.479378
vt 0.887375 0.452651
vt 0.910024 0.454952
vt 0.904908 0.482741
vt 0.151926 0.180308
vt 0.159990 0.179340
vt 0.159990 0.183719
vt 0.151926 0.185058
vt 0.024775 0.152543
vt 0.015252 0.152003
vt 0.015252 0.139839
vt 0.024775 0.139989
vt 0.151926 0.116197
vt 0.159990 0.117165
vt 0.159990 0.134268
vt 0.151926 0.133774
vt 0.024775 0.200385
vt 0.015252 0.198130
vt 0.015252 0.186619
vt 0.024775 0.188419
vt 0.181929 0.797638
vt 0.188937 0.790797
vt 0.204976 0.800540
vt 0.200702 0.809827
vt 0.165302 0.759972
vt 0.174800 0.759393
vt 0.177032 0.773169
vt 0.167006 0.774803
vt 0.225194 0.805098
vt 0.222519 0.815577
vt 0.190520 0.838178
vt 0.220947 0.841093
vt 0.180787 0.807533
vt 0.177779 0.800247
vt 0.186055 0.820864
vt 0.219078 0.874992
vt 0.178996 0.872958
vt 0.159643 0.897966
vt 0.162591 0.759949
vt 0.151926 0.143929
vt 0.159990 0.144064
vt 0.159990 0.152441
vt 0.151926 0.152576
vt 0.024775 0.245656
vt 0.015252 0.241312
vt 0.015252 0.223688
vt 0.024775 0.226409
vt 0.024775 0.173379
vt 0.015252 0.172301
vt 0.015252 0.129036
vt 0.024775 0.128885
vt 0.151926 0.193535
vt 0.159990 0.192000
vt 0.159990 0.202716
vt 0.151926 0.204690
vt 0.844269 0.514881
vt 0.846711 0.477701
vt 0.865525 0.477343
vt 0.863949 0.514013
vt 0.855639 0.555530
vt 0.862228 0.552837
vt 0.814189 0.561056
vt 0.802350 0.519282
vt 0.822406 0.517855
vt 0.840572 0.557930
vt 0.805236 0.480893
vt 0.825426 0.479212
vt 0.780180 0.555263
vt 0.758793 0.523308
vt 0.776729 0.523212
vt 0.795222 0.559687
vt 0.758338 0.488621
vt 0.779127 0.484193
vt 0.928270 0.565750
vt 0.950080 0.531065
vt 0.967996 0.532745
vt 0.943691 0.562736
vt 0.951121 0.491894
vt 0.971488 0.498172
vt 0.868555 0.556097
vt 0.915838 0.565913
vt 0.935248 0.526677
vt 0.935655 0.488208
vt 0.883467 0.516649
vt 0.904464 0.521602
vt 0.883345 0.559799
vt 0.919430 0.523727
vt 0.919648 0.485387
vt 0.909257 0.565245
vt 0.790346 0.520280
vt 0.793262 0.482047
vt 0.807569 0.561026
vt 0.036066 0.063981
vt 0.027968 0.065691
vt 0.027968 0.055774
vt 0.036066 0.054144
vt 0.036066 0.085338
vt 0.027968 0.086149
vt 0.036066 0.095322
vt 0.027968 0.095184
vt 0.036066 0.102674
vt 0.027968 0.102231
vt 0.036066 0.106331
vt 0.027968 0.105674
vt 0.036066 0.120291
vt 0.027968 0.119611
vt 0.036066 0.128507
vt 0.027968 0.128191
vt 0.036066 0.135912
vt 0.027968 0.136225
vt 0.036066 0.144130
vt 0.027968 0.144808
vt 0.036066 0.158097
vt 0.027968 0.158752
vt 0.036066 0.161756
vt 0.027968 0.162196
vt 0.036066 0.169111
vt 0.027968 0.169246
vt 0.036066 0.179097
vt 0.027968 0.178283
vt 0.036066 0.200434
vt 0.027968 0.198721
vt 0.036066 0.210245
vt 0.027968 0.208610
vt 0.024775 0.095495
vt 0.015252 0.096573
vt 0.015252 0.091678
vt 0.024775 0.090134
vt 0.159990 0.093789
vt 0.151926 0.091815
vt 0.159990 0.162237
vt 0.151926 0.162731
vt 0.015252 0.082256
vt 0.024775 0.080455
vt 0.024775 0.068460
vt 0.015252 0.070744
vt 0.015252 0.045177
vt 0.024775 0.042460
vt 0.024775 0.116332
vt 0.015252 0.116871
vt 0.015252 0.029091
vt 0.024775 0.023857
vt 0.024775 0.178741
vt 0.015252 0.177196
vt 0.151926 0.227640
vt 0.159990 0.225364
vt 0.159990 0.239342
vt 0.151926 0.243703
vt 0.111885 0.046643
vt 0.124945 0.045318
vt 0.166055 0.572739
vt 0.219627 0.571279
vt 0.003576 0.028907
vt 0.012697 0.023223
vt 0.582471 0.443968
vt 0.604717 0.443108
vt 0.027968 0.039392
vt 0.036066 0.037760
vt 0.273218 0.570850
vt 0.103035 0.047755
vt 0.959482 0.462165
vt 0.980710 0.465757
vt 0.801045 0.452086
vt 0.822792 0.451105
vt 0.866693 0.451483
vt 0.773445 0.453895
vt 0.788336 0.452900
vt 0.515028 0.449583
vt 0.534616 0.447891
vt 0.668275 0.445770
vt 0.689640 0.448193
vt 0.625062 0.443272
vt 0.157001 0.573069
vt 0.925977 0.457099
vt 0.943061 0.459591
vt 0.702115 0.449852
vt 0.716736 0.451839
vt 0.282278 0.570861
vt 0.550308 0.446464
vt 0.566869 0.445091
vt 0.012697 0.246917
vt 0.003576 0.241355
vt 0.036066 0.226619
vt 0.027968 0.224983
vt 0.845989 0.450808
vt 0.111885 0.234074
vt 0.103035 0.232963
vt 0.151926 0.038328
vt 0.159990 0.043351
vt 0.645462 0.443947
vt 0.124945 0.235496
vt 0.737749 0.454971
vt 0.024775 0.260012
vt 0.015252 0.254242
vt 0.157001 0.928275
vt 0.015252 0.025813
vt 0.024775 0.019919
vt 0.752027 0.455604
vt 0.984835 0.442088
vt 0.964056 0.439915
vt 0.966269 0.423935
vt 0.986432 0.425382
vt 0.603676 0.423282
vt 0.580169 0.423588
vt 0.578837 0.408763
vt 0.603048 0.408635
vt 0.219238 0.549103
vt 0.167368 0.549799
vt 0.168821 0.533647
vt 0.218960 0.533378
vt 0.947610 0.438054
vt 0.930173 0.436023
vt 0.932591 0.420840
vt 0.950042 0.422561
vt 0.693529 0.427143
vt 0.671393 0.425301
vt 0.673239 0.410433
vt 0.695632 0.411992
vt 0.158648 0.549500
vt 0.160429 0.532955
vt 0.720832 0.429799
vt 0.706204 0.428483
vt 0.708313 0.413132
vt 0.722722 0.413984
vt 0.003576 0.242396
vt 0.012697 0.248466
vt 0.012697 0.249790
vt 0.003576 0.243931
vt 0.889681 0.432570
vt 0.867569 0.431814
vt 0.868214 0.417189
vt 0.891189 0.417760
vt 0.647274 0.424079
vt 0.648428 0.409411
vt 0.103035 0.242925
vt 0.111885 0.244096
vt 0.111885 0.251222
vt 0.103035 0.249985
vt 0.913604 0.434258
vt 0.915752 0.419229
vt 0.012697 0.019834
vt 0.003576 0.026047
vt 0.003576 0.024375
vt 0.012697 0.018374
vt 0.111885 0.036518
vt 0.103035 0.037692
vt 0.103035 0.030563
vt 0.111885 0.029320
vt 0.124945 0.245680
vt 0.124945 0.252600
vt 0.741378 0.431547
vt 0.742651 0.415032
vt 0.821030 0.430218
vt 0.798562 0.430570
vt 0.797473 0.415139
vt 0.820169 0.415087
vt 0.124945 0.035039
vt 0.124945 0.028052
vt 0.785679 0.431053
vt 0.770830 0.431375
vt 0.770010 0.415293
vt 0.784603 0.415422
vt 0.213973 0.953524
vt 0.262396 0.957281
vt 0.259658 0.972192
vt 0.212934 0.968203
vt 0.151926 0.249659
vt 0.159990 0.244294
vt 0.159990 0.247212
vt 0.151926 0.252391
vt 0.625448 0.423879
vt 0.625714 0.409433
vt 0.845477 0.430597
vt 0.845274 0.415708
vt 0.270488 0.958313
vt 0.267408 0.973548
vt 0.027968 0.236406
vt 0.036066 0.237982
vt 0.036066 0.245978
vt 0.027968 0.244458
vt 0.531396 0.426744
vt 0.512121 0.428037
vt 0.510725 0.412842
vt 0.529666 0.411578
vt 0.159990 0.037296
vt 0.151926 0.031805
vt 0.151926 0.021321
vt 0.159990 0.026626
vt 0.271100 0.547971
vt 0.269079 0.531879
vt 0.036066 0.026379
vt 0.027968 0.027952
vt 0.027968 0.019897
vt 0.036066 0.018380
vt 0.563961 0.424455
vt 0.547069 0.425617
vt 0.545279 0.410619
vt 0.562288 0.409576
vt 0.024775 0.017163
vt 0.015252 0.023619
vt 0.015252 0.021764
vt 0.024775 0.015518
vt 0.279805 0.547364
vt 0.277441 0.530893
vt 0.749981 0.431724
vt 0.749836 0.414978
vt 0.015252 0.251526
vt 0.024775 0.257835
vt 0.024775 0.255540
vt 0.015252 0.249440
vt 0.165595 0.950422
vt 0.166187 0.965543
vt 0.157457 0.950292
vt 0.158336 0.965783
vt 0.151926 0.246941
vt 0.159990 0.242026
vt 0.651229 0.381488
vt 0.677378 0.383193
vt 0.111885 0.262183
vt 0.103035 0.261007
vt 0.920483 0.391785
vt 0.937413 0.393712
vt 0.003576 0.017746
vt 0.012697 0.012319
vt 0.103035 0.019454
vt 0.111885 0.018296
vt 0.894667 0.389649
vt 0.124945 0.263280
vt 0.725799 0.387226
vt 0.744024 0.387990
vt 0.794966 0.387837
vt 0.817831 0.387349
vt 0.124945 0.017288
vt 0.699930 0.385206
vt 0.712192 0.386452
vt 0.768744 0.388095
vt 0.782518 0.388251
vt 0.253592 0.996656
vt 0.211214 0.992333
vt 0.159990 0.250571
vt 0.151926 0.255256
vt 0.626212 0.380888
vt 0.844279 0.387390
vt 0.260531 0.998118
vt 0.036066 0.258977
vt 0.027968 0.257626
vt 0.507683 0.386786
vt 0.526126 0.385161
vt 0.151926 0.015760
vt 0.159990 0.020557
vt 0.218504 0.507482
vt 0.264062 0.505352
vt 0.027968 0.006730
vt 0.036066 0.005382
vt 0.541428 0.384006
vt 0.558500 0.382628
vt 0.015252 0.015321
vt 0.024775 0.009673
vt 0.271567 0.504200
vt 0.750312 0.387612
vt 0.024775 0.238811
vt 0.015252 0.233294
vt 0.601165 0.380623
vt 0.168709 0.990586
vt 0.869480 0.388417
vt 0.575412 0.381412
vt 0.161642 0.991045
vt 0.969882 0.396875
vt 0.988324 0.398008
vt 0.172899 0.506959
vt 0.954513 0.395579
vt 0.165359 0.506073
vt 0.012697 0.253180
vt 0.003576 0.247880
vt 0.979471 0.259261
vt 0.970623 0.271644
vt 0.967085 0.267773
vt 0.974794 0.256922
vt 0.905534 0.222352
vt 0.914385 0.209970
vt 0.917923 0.213842
vt 0.910211 0.224692
vt 0.955649 0.280231
vt 0.944210 0.281574
vt 0.943989 0.276378
vt 0.953973 0.275269
vt 0.940821 0.200037
vt 0.950564 0.200773
vt 0.949573 0.205899
vt 0.941036 0.205245
vt 0.983478 0.244070
vt 0.978257 0.243650
vt 0.934460 0.280849
vt 0.923257 0.277805
vt 0.925688 0.273142
vt 0.935459 0.275715
vt 0.909808 0.266874
vt 0.913937 0.263612
vt 0.903051 0.253186
vt 0.908051 0.251622
vt 0.901524 0.237543
vt 0.906746 0.237963
vt 0.961768 0.203787
vt 0.975204 0.214773
vt 0.971071 0.218032
vt 0.959332 0.208444
vt 0.981951 0.228436
vt 0.976956 0.229997
vt 0.929366 0.201381
vt 0.931042 0.206348
vt 0.911455 0.236631
vt 0.912851 0.230280
vt 0.931991 0.236737
vt 0.931318 0.239457
vt 0.950242 0.208212
vt 0.961830 0.214490
vt 0.948505 0.232065
vt 0.944628 0.230353
vt 0.969661 0.223952
vt 0.973352 0.237022
vt 0.953480 0.239131
vt 0.951566 0.235004
vt 0.968417 0.258668
vt 0.959160 0.268789
vt 0.948045 0.250760
vt 0.951421 0.247895
vt 0.947747 0.273669
vt 0.944113 0.251861
vt 0.934398 0.273812
vt 0.939948 0.251416
vt 0.916279 0.222931
vt 0.925664 0.212943
vt 0.936699 0.230959
vt 0.933275 0.233845
vt 0.937047 0.208226
vt 0.940565 0.229903
vt 0.911086 0.244661
vt 0.931067 0.242683
vt 0.914708 0.257918
vt 0.932947 0.246869
vt 0.971747 0.251318
vt 0.952679 0.245032
vt 0.973067 0.244991
vt 0.953334 0.242345
vt 0.922620 0.267508
vt 0.935980 0.249779
s 1
usemtl Material.002
f 1985/2863/2431 2364/2864/2432 2088/2865/2433 1987/2866/2434
f 1983/2867/2435 2109/2868/2436 2363/2869/2437 1984/2870/2438
f 1984/2870/2438 2363/2869/2437 2364/2864/2432 1985/2863/2431
f 1987/2866/2434 2088/2865/2433 2365/2871/2439 1977/2872/2440
f 1991/2873/2441 1987/2866/2434 1976/2874/2442
f 1994/2875/2443 1988/2876/2444 1985/2863/2431
f 1976/2874/2442 1987/2866/2434 1977/2872/2440
f 1992/2877/2445 1987/2866/2434 1991/2873/2441
f 1991/2873/2441 1976/2874/2442 1975/2878/2446 1990/2879/2447
f 1990/2879/2447 1986/2880/2448 1995/2881/2449
f 1986/2880/2448 1990/2879/2447 1975/2878/2446 1974/2882/2450
f 1985/2863/2431 1988/2876/2444 1984/2870/2438
f 1984/2870/2438 1993/2883/2451 1983/2867/2435
f 1987/2866/2434 1992/2877/2445 1994/2875/2443 1985/2863/2431
f 2014/2884/2452 2016/2885/2453 2066/2886/2454 2067/2887/2455
f 2017/2888/2456 2012/2889/2457 2069/2890/2458 2071/2891/2459
f 1979/2892/2460 2210/2893/2461 2185/2894/2462 2106/2895/2463
f 1988/2896/2464 1994/2897/2465 2050/2898/2466 2049/2899/2467
f 2001/2900/2468 2002/2901/2469 2064/2902/2470 2062/2903/2471
f 2009/2904/2472 2005/2905/2473 2070/2906/2474 2065/2907/2475
f 2003/2908/2476 1998/2909/2477 2059/2910/2478 2060/2911/2476
f 2006/2912/2479 2008/2913/2480 2361/2914/2481 2362/2915/2482
f 2004/2916/2483 2005/2917/2484 2011/2918/2485 2087/2919/2486
f 2005/2917/2484 2006/2912/2479 2362/2915/2482 2011/2918/2485
f 2008/2913/2480 1982/2920/2487 2110/2921/2488 2361/2914/2481
f 2013/2922/2489 1981/2923/2490 2008/2913/2480
f 2016/2924/2491 2006/2912/2479 2009/2925/2492
f 1981/2923/2490 1982/2920/2487 2008/2913/2480
f 2014/2926/2493 2013/2922/2489 2008/2913/2480
f 2013/2922/2489 2012/2927/2494 1980/2928/2495 1981/2923/2490
f 2012/2927/2494 2017/2929/2496 2007/2930/2497
f 2007/2930/2497 1979/2892/2460 1980/2928/2495 2012/2927/2494
f 2006/2912/2479 2005/2917/2484 2009/2925/2492
f 2005/2917/2484 2004/2916/2483 2015/2931/2498
f 2008/2913/2480 2006/2912/2479 2016/2924/2491 2014/2926/2493
f 2015/2932/2499 1993/2933/2500 2056/2934/2501 2072/2935/2502
f 1996/2936/2503 1997/2937/2504 2061/2938/2505 2063/2939/2506
f 2017/2929/2496 2205/2940/2507 2206/2941/2508 2007/2930/2497
f 2005/2905/2473 2015/2932/2499 2072/2935/2502 2070/2906/2474
f 2000/2942/2509 2001/2900/2468 2062/2903/2471 2057/2943/2510
f 2002/2901/2469 2024/2944/2511 2073/2945/2512 2064/2902/2470
f 1992/2946/2513 1991/2947/2514 2052/2948/2514 2051/2949/2515
f 1997/2937/2504 2003/2908/2516 2060/2911/2516 2061/2938/2505
f 1993/2883/2451 2015/2931/2498 2004/2916/2483 1983/2867/2435
f 2109/2868/2436 1983/2867/2435 2004/2916/2483 2087/2919/2486
f 2046/2950/2517 2040/2951/2518 2041/2952/2519 2045/2953/2520
f 2024/2954/2521 2026/2955/2522 2040/2951/2518 2046/2950/2517
f 2022/2956/2523 2023/2957/2524 2027/2958/2525 2029/2959/2526
f 2029/2959/2526 2027/2958/2525 2028/2960/2527 2047/2961/2528
f 2025/2962/2529 2020/2963/2530 2030/2964/2531 2019/2965/2532
f 2019/2965/2532 2030/2964/2531 2031/2966/2533 2018/2967/2534
f 1998/2968/2535 2003/2969/2536 1997/2970/2537 2035/2971/2538
f 2035/2971/2538 1997/2970/2537 1996/2972/2539 2036/2973/2540
f 2002/2974/2541 2026/2955/2522 2024/2954/2521
f 1999/2975/2542 1998/2968/2535 2035/2971/2538 2034/2976/2543
f 2034/2976/2543 2035/2971/2538 2036/2973/2540 2042/2977/2544
f 2002/2974/2541 2001/2978/2545 2037/2979/2546 2033/2980/2547
f 2033/2980/2547 2037/2979/2546 2038/2981/2548 2039/2982/2549
f 2043/2983/2550 2034/2976/2543 2042/2977/2544 2044/2984/2551
f 2000/2985/2552 1999/2975/2542 2034/2976/2543 2043/2983/2550
f 2001/2978/2545 2000/2985/2552 2043/2983/2550 2037/2979/2546
f 2037/2979/2546 2043/2983/2550 2044/2984/2551 2038/2981/2548
f 2040/2951/2518 2033/2980/2547 2039/2982/2549 2041/2952/2519
f 2026/2955/2522 2002/2974/2541 2033/2980/2547 2040/2951/2518
f 2023/2957/2524 2024/2954/2521 2046/2950/2517 2027/2958/2525
f 2027/2958/2525 2046/2950/2517 2045/2953/2520 2028/2960/2527
f 2032/2986/2553 2029/2959/2526 2047/2961/2528 2048/2987/2554
f 2021/2988/2555 2022/2956/2523 2029/2959/2526 2032/2986/2553
f 2020/2963/2530 2021/2988/2555 2032/2986/2553 2030/2964/2531
f 2030/2964/2531 2032/2986/2553 2048/2987/2554 2031/2966/2533
f 2053/2989/2556 2055/2990/2557 2063/2939/2557 2061/2991/2558
f 2053/2989/2556 2061/2991/2558 2060/2992/2559 2052/2993/2560
f 2052/2993/2560 2060/2992/2559 2059/2994/2561 2051/2995/2562
f 2051/2995/2562 2059/2994/2561 2058/2996/2563 2050/2997/2564
f 2050/2997/2564 2058/2996/2563 2057/2998/2565 2049/2999/2566
f 2049/2999/2566 2057/2998/2565 2062/3000/2567 2054/3001/2568
f 2054/3001/2568 2062/3000/2567 2064/3002/2569 2056/3003/2570
f 2064/3002/2569 2073/3004/2571 2072/3005/2572 2056/3003/2570
f 2070/3006/2573 2072/3005/2572 2073/3004/2571 2074/3007/2574
f 2065/3008/2575 2070/3006/2573 2074/3007/2574 2075/3009/2576
f 2066/3010/2577 2065/3008/2575 2075/3009/2576 2076/3011/2578
f 2067/3012/2579 2066/3010/2577 2076/3011/2578 2077/3013/2580
f 2068/3014/2581 2067/3012/2579 2077/3013/2580 2078/3015/2582
f 2069/3016/2583 2068/3014/2581 2078/3015/2582 2079/3017/2584
f 2069/3016/2583 2079/3017/2584 2080/3018/2585 2071/3019/2585
f 2022/3020/2586 2021/3021/2587 2076/3022/2588 2075/3023/2589
f 2012/2889/2457 2013/3024/2590 2068/3025/2590 2069/2890/2458
f 1993/2933/2500 1984/3026/2591 2054/3027/2592 2056/2934/2501
f 2013/3024/2593 2014/2884/2452 2067/2887/2455 2068/3025/2593
f 2021/3021/2587 2020/3028/2594 2077/3029/2595 2076/3022/2588
f 2025/3030/2596 2019/3031/2597 2079/3032/2598 2078/3033/2596
f 1984/3026/2591 1988/2896/2464 2049/2899/2467 2054/3027/2592
f 2023/3034/2599 2022/3020/2586 2075/3023/2589 2074/3035/2600
f 2019/3031/2597 2018/3036/2601 2080/3018/2602 2079/3032/2598
f 1999/3037/2603 2000/2942/2509 2057/2943/2510 2058/3038/2604
f 1990/3039/2605 1995/3040/2606 2055/3041/2607 2053/3042/2608
f 2020/3028/2594 2025/3030/2609 2078/3033/2609 2077/3029/2595
f 1994/2897/2465 1992/2946/2513 2051/2949/2515 2050/2898/2466
f 1998/2909/2477 1999/3037/2603 2058/3038/2604 2059/2910/2478
f 2016/2885/2453 2009/2904/2472 2065/2907/2475 2066/2886/2454
f 2024/2944/2511 2023/3034/2599 2074/3035/2600 2073/2945/2512
f 1991/2947/2610 1990/3039/2605 2053/3042/2608 2052/2948/2610
f 2083/3043/2611 2085/3044/2612 1989/3045/2613 2360/3046/2614
f 2081/3047/2615 2082/3048/2616 2359/3049/2617 2010/3050/2618
f 2082/3048/2616 2083/3043/2611 2360/3046/2614 2359/3049/2617
f 2085/3044/2612 1977/2872/2440 2365/2871/2439 1989/3045/2613
f 2090/3051/2619 1976/2874/2442 2085/3044/2612
f 2093/3052/2620 2083/3043/2611 2086/3053/2621
f 1976/2874/2442 1977/2872/2440 2085/3044/2612
f 2091/3054/2622 2090/3051/2619 2085/3044/2612
f 2090/3051/2619 2089/3055/2623 1975/2878/2446 1976/2874/2442
f 2089/3055/2623 2094/3056/2624 2084/3057/2625
f 2084/3057/2625 1974/2882/2450 1975/2878/2446 2089/3055/2623
f 2083/3043/2611 2082/3048/2616 2086/3053/2621
f 2082/3048/2616 2081/3047/2615 2092/3058/2626
f 2085/3044/2612 2083/3043/2611 2093/3052/2620 2091/3054/2622
f 2113/3059/2627 2166/3060/2628 2165/3061/2629 2115/3062/2630
f 2116/3063/2631 2170/3064/2632 2168/3065/2633 2111/3066/2634
f 2138/3067/2635 2213/3068/2636 2212/3069/2637 2137/3070/2638
f 2086/3071/2639 2148/3072/2640 2149/3073/2641 2093/3074/2642
f 2100/3075/2643 2161/3076/2644 2163/3077/2645 2101/3078/2646
f 2108/3079/2647 2164/3080/2648 2169/3081/2649 2104/3082/2650
f 2102/3083/2651 2159/3084/2651 2158/3085/2652 2097/3086/2653
f 2105/3087/2654 2358/3088/2655 1978/3089/2656 2107/3090/2657
f 2103/3091/2658 2357/3092/2659 2356/3093/2660 2104/3094/2661
f 2104/3094/2661 2356/3093/2660 2358/3088/2655 2105/3087/2654
f 2107/3090/2657 1978/3089/2656 2110/3095/2488 1982/3096/2487
f 2112/3097/2662 2107/3090/2657 1981/3098/2490
f 2115/3099/2663 2108/3100/2664 2105/3087/2654
f 1981/3098/2490 2107/3090/2657 1982/3096/2487
f 2113/3101/2665 2107/3090/2657 2112/3097/2662
f 2112/3097/2662 1981/3098/2490 1980/3102/2495 2111/3103/2666
f 2111/3103/2666 2106/2895/2463 2116/3104/2667
f 2106/2895/2463 2111/3103/2666 1980/3102/2495 1979/2892/2460
f 2105/3087/2654 2108/3100/2664 2104/3094/2661
f 2104/3094/2661 2114/3105/2668 2103/3091/2658
f 2107/3090/2657 2113/3101/2665 2115/3099/2663 2105/3087/2654
f 2114/3106/2669 2171/3107/2670 2155/3108/2671 2092/3109/2672
f 2095/3110/2673 2162/3111/2674 2160/3112/2675 2096/3113/2676
f 2104/3082/2650 2169/3081/2649 2171/3107/2670 2114/3106/2669
f 2099/3114/2677 2156/3115/2678 2161/3076/2644 2100/3075/2643
f 2101/3078/2646 2163/3077/2645 2172/3116/2679 2123/3117/2680
f 2091/3118/2681 2150/3119/2682 2151/3120/2683 2090/3121/2683
f 2096/3113/2676 2160/3112/2675 2159/3084/2684 2102/3083/2684
f 2092/3058/2626 2081/3047/2615 2103/3091/2658 2114/3105/2668
f 2010/3050/2618 2357/3092/2659 2103/3091/2658 2081/3047/2615
f 2145/3122/2685 2144/3123/2686 2140/3124/2687 2139/3125/2688
f 2123/3126/2689 2145/3122/2685 2139/3125/2688 2125/3127/2690
f 2121/3128/2691 2128/3129/2692 2126/3130/2693 2122/3131/2694
f 2128/3129/2692 2146/3132/2695 2127/3133/2696 2126/3130/2693
f 2124/3134/2697 2118/3135/2698 2129/3136/2699 2119/3137/2700
f 2118/3135/2698 2117/3138/2701 2130/3139/2702 2129/3136/2699
f 2097/3140/2703 2134/3141/2704 2096/3142/2705 2102/3143/2706
f 2134/3141/2704 2135/3144/2707 2095/3145/2708 2096/3142/2705
f 2101/3146/2709 2123/3126/2689 2125/3127/2690
f 2098/3147/2710 2133/3148/2711 2134/3141/2704 2097/3140/2703
f 2133/3148/2711 2141/3149/2712 2135/3144/2707 2134/3141/2704
f 2101/3146/2709 2132/3150/2713 2136/3151/2714 2100/3152/2715
f 2132/3150/2713 2138/3067/2635 2137/3070/2638 2136/3151/2714
f 2142/3153/2716 2143/3154/2717 2141/3149/2712 2133/3148/2711
f 2099/3155/2718 2142/3153/2716 2133/3148/2711 2098/3147/2710
f 2100/3152/2715 2136/3151/2714 2142/3153/2716 2099/3155/2718
f 2136/3151/2714 2137/3070/2638 2143/3154/2717 2142/3153/2716
f 2139/3125/2688 2140/3124/2687 2138/3067/2635 2132/3150/2713
f 2125/3127/2690 2139/3125/2688 2132/3150/2713 2101/3146/2709
f 2122/3131/2694 2126/3130/2693 2145/3122/2685 2123/3126/2689
f 2126/3130/2693 2127/3133/2696 2144/3123/2686 2145/3122/2685
f 2131/3156/2719 2147/3157/2720 2146/3132/2695 2128/3129/2692
f 2120/3158/2721 2131/3156/2719 2128/3129/2692 2121/3128/2691
f 2119/3137/2700 2129/3136/2699 2131/3156/2719 2120/3158/2721
f 2129/3136/2699 2130/3139/2702 2147/3157/2720 2131/3156/2719
f 2152/3159/2722 2160/3160/2723 2162/3161/2724 2154/3162/2724
f 2152/3159/2722 2151/3163/2725 2159/3164/2726 2160/3160/2723
f 2151/3163/2725 2150/3165/2727 2158/3166/2728 2159/3164/2726
f 2150/3165/2727 2149/3167/2729 2157/3168/2730 2158/3166/2728
f 2149/3167/2729 2148/3169/2731 2156/3170/2732 2157/3168/2730
f 2148/3169/2731 2153/3171/2733 2161/3172/2734 2156/3170/2732
f 2153/3171/2733 2155/3173/2735 2163/3174/2736 2161/3172/2734
f 2163/3174/2736 2155/3173/2735 2171/3175/2737 2172/3176/2738
f 2169/3177/2739 2173/3178/2740 2172/3176/2738 2171/3175/2737
f 2164/3179/2741 2174/3180/2742 2173/3178/2740 2169/3177/2739
f 2165/3181/2743 2175/3182/2744 2174/3180/2742 2164/3179/2741
f 2166/3183/2745 2176/3184/2746 2175/3182/2744 2165/3181/2743
f 2167/3185/2747 2177/3186/2748 2176/3184/2746 2166/3183/2745
f 2168/3187/2749 2178/3188/2750 2177/3186/2748 2167/3185/2747
f 2168/3187/2749 2170/3189/2751 2179/3190/2751 2178/3188/2750
f 2121/3191/2752 2174/3192/2753 2175/3193/2754 2120/3194/2755
f 2111/3066/2634 2168/3065/2633 2167/3195/2756 2112/3196/2756
f 2092/3109/2672 2155/3108/2671 2153/3197/2757 2082/3198/2758
f 2112/3196/2759 2167/3195/2759 2166/3060/2628 2113/3059/2627
f 2120/3194/2755 2175/3193/2754 2176/3199/2760 2119/3200/2761
f 2124/3201/2762 2177/3202/2762 2178/3203/2763 2118/3204/2764
f 2082/3198/2758 2153/3197/2757 2148/3072/2640 2086/3071/2639
f 2122/3205/2765 2173/3206/2766 2174/3192/2753 2121/3191/2752
f 2118/3204/2764 2178/3203/2763 2179/3207/2767 2117/3208/2768
f 2098/3209/2769 2157/3210/2770 2156/3115/2678 2099/3114/2677
f 2089/3211/2771 2152/3212/2772 2154/3213/2773 2094/3214/2774
f 2119/3200/2761 2176/3199/2760 2177/3202/2775 2124/3201/2775
f 2093/3074/2642 2149/3073/2641 2150/3119/2682 2091/3118/2681
f 2097/3086/2653 2158/3085/2652 2157/3210/2770 2098/3209/2769
f 2115/3062/2630 2165/3061/2629 2164/3080/2648 2108/3079/2647
f 2123/3117/2680 2172/3116/2679 2173/3206/2766 2122/3205/2765
f 2090/3121/2776 2151/3120/2776 2152/3212/2772 2089/3211/2771
f 2063/2939/2506 2191/3215/2777 2207/3216/2778 1996/2936/2503
f 2084/3057/2625 2188/3217/2779 2211/3218/2780 1974/2882/2450
f 2071/2891/2459 2190/3219/2781 2205/3220/2782 2017/2888/2456
f 2007/2930/2497 2206/2941/2508 2210/2893/2461 1979/2892/2460
f 2038/2981/2548 2200/3221/2783 2199/3222/2784 2039/2982/2549
f 2162/3161/2785 2221/3223/2786 2220/3224/2787 2154/3162/2785
f 1974/2882/2450 2211/3218/2780 2209/3225/2788 1986/2880/2448
f 2055/2990/2789 2192/3226/2790 2191/3215/2791 2063/2939/2789
f 2135/3144/2707 2180/3227/2792 2186/3228/2793 2095/3145/2708
f 2146/3132/2695 2218/3229/2794 2182/3230/2795 2127/3133/2696
f 2140/3124/2687 2214/3231/2796 2213/3068/2636 2138/3067/2635
f 2130/3139/2702 2181/3232/2797 2219/3233/2798 2147/3157/2720
f 1996/2972/2539 2207/3234/2799 2201/3235/2800 2036/2973/2540
f 2028/2960/2527 2203/3236/2801 2194/3237/2802 2047/2961/2528
f 2039/2982/2549 2199/3222/2784 2198/3238/2803 2041/2952/2519
f 2094/3056/2624 2187/3239/2804 2188/3217/2779 2084/3057/2625
f 2143/3154/2717 2216/3240/2805 2215/3241/2806 2141/3149/2712
f 2048/2987/2554 2193/3242/2807 2202/3243/2808 2031/2966/2533
f 1986/2880/2448 2209/3225/2788 2208/3244/2809 1995/2881/2449
f 2042/2977/2544 2197/3245/2810 2196/3246/2811 2044/2984/2551
f 1995/3040/2606 2208/3247/2812 2192/3248/2813 2055/3041/2607
f 2141/3149/2712 2215/3241/2806 2180/3227/2792 2135/3144/2707
f 2170/3189/2814 2222/3249/2815 2223/3250/2816 2179/3190/2814
f 2127/3133/2696 2182/3230/2795 2217/3251/2817 2144/3123/2686
f 2137/3070/2638 2212/3069/2637 2216/3240/2805 2143/3154/2717
f 2036/2973/2540 2201/3235/2800 2197/3245/2810 2042/2977/2544
f 2080/3018/2818 2189/3252/2819 2190/3253/2820 2071/3019/2818
f 2147/3157/2720 2219/3233/2798 2218/3229/2794 2146/3132/2695
f 2116/3063/2631 2184/3254/2821 2222/3255/2822 2170/3064/2632
f 2041/2952/2519 2198/3238/2803 2195/3256/2823 2045/2953/2520
f 2018/3036/2601 2204/3257/2824 2189/3252/2825 2080/3018/2602
f 2031/2966/2533 2202/3243/2808 2204/3258/2826 2018/2967/2534
f 2095/3110/2673 2186/3259/2827 2221/3260/2828 2162/3111/2674
f 2106/2895/2463 2185/2894/2462 2184/3261/2829 2116/3104/2667
f 2047/2961/2528 2194/3237/2802 2193/3242/2807 2048/2987/2554
f 2144/3123/2686 2217/3251/2817 2214/3231/2796 2140/3124/2687
f 2179/3207/2767 2223/3262/2830 2183/3263/2831 2117/3208/2768
f 2117/3138/2701 2183/3264/2832 2181/3232/2797 2130/3139/2702
f 2044/2984/2551 2196/3246/2811 2200/3221/2783 2038/2981/2548
f 2045/2953/2520 2195/3256/2823 2203/3236/2801 2028/2960/2527
f 2268/3265/2833 2269/3266/2834 2224/3267/2835 2230/3268/2836
f 2270/3269/2837 2271/3270/2838 2244/3271/2839 2243/3272/2840
f 2272/3273/2841 2273/3274/2842 2232/3275/2843 2255/3276/2844
f 2274/3277/2845 2275/3278/2846 2260/3279/2847 2259/3280/2848
f 2276/3281/2849 2277/3282/2850 2247/3283/2851 2238/3284/2852
f 2273/3274/2842 2278/3285/2853 2231/3286/2854 2232/3275/2843
f 2269/3266/2834 2274/3277/2845 2259/3280/2848 2224/3267/2835
f 2279/3287/2855 2280/3288/2856 2237/3289/2857 2246/3290/2858
f 2281/3291/2859 2282/3292/2860 2252/3293/2861 2236/3294/2862
f 2283/3295/2863 2284/3296/2864 2258/3297/2865 2257/3298/2866
f 2277/3282/2850 2285/3299/2867 2239/3300/2868 2247/3283/2851
f 2286/3301/2869 2287/3302/2870 2233/3303/2871 2234/3304/2872
f 2275/3278/2846 2288/3305/2873 2256/3306/2874 2260/3279/2847
f 2289/3307/2875 2286/3308/2876 2234/3309/2877 2249/3310/2878
f 2290/3311/2879 2281/3312/2880 2236/3313/2881 2235/3314/2882
f 2288/3305/2873 2283/3295/2863 2257/3298/2866 2256/3306/2874
f 2287/3302/2883 2291/3315/2884 2248/3316/2885 2233/3303/2886
f 2291/3317/2887 2279/3287/2855 2246/3290/2858 2248/3318/2888
f 2292/3319/2889 2293/3320/2890 2262/3321/2891 2226/3322/2892
f 2294/3323/2893 2290/3311/2894 2235/3314/2895 2251/3324/2896
f 2280/3288/2856 2276/3281/2849 2238/3284/2852 2237/3289/2857
f 2295/3325/2897 2296/3326/2898 2225/3327/2899 2263/3328/2900
f 2297/3329/2901 2298/3330/2902 2250/3331/2903 2254/3332/2904
f 2278/3333/2905 2299/3334/2906 2264/3335/2907 2231/3336/2908
f 2285/3299/2867 2300/3337/2909 2242/3338/2910 2239/3300/2868
f 2301/3339/2911 2292/3319/2889 2226/3322/2892 2261/3340/2912
f 2298/3330/2902 2289/3341/2913 2249/3342/2914 2250/3331/2903
f 2302/3343/2915 2303/3344/2916 2266/3345/2917 2267/3346/2918
f 2304/3347/2919 2294/3348/2920 2251/3349/2921 2245/3350/2922
f 2303/3351/2923 2305/3352/2924 2228/3353/2925 2266/3354/2926
f 2306/3355/2927 2272/3273/2841 2255/3276/2844 2253/3356/2928
f 2299/3357/2929 2307/3358/2930 2265/3359/2931 2264/3360/2932
f 2308/3361/2933 2309/3362/2934 2241/3363/2935 2240/3364/2936
f 2310/3365/2937 2302/3366/2938 2267/3367/2939 2227/3368/2940
f 2282/3369/2941 2306/3355/2927 2253/3356/2928 2252/3370/2942
f 2296/3326/2898 2310/3371/2943 2227/3372/2944 2225/3327/2899
f 2309/3362/2934 2304/3347/2919 2245/3350/2922 2241/3363/2935
f 2307/3373/2945 2268/3374/2946 2230/3375/2947 2265/3376/2948
f 2293/3320/2890 2295/3325/2897 2263/3328/2900 2262/3321/2891
f 2300/3337/2909 2270/3269/2837 2243/3272/2840 2242/3338/2910
f 2311/3377/2949 2297/3329/2901 2254/3332/2904 2229/3378/2950
f 2284/3296/2864 2301/3339/2911 2261/3340/2912 2258/3297/2865
f 2271/3270/2838 2308/3361/2933 2240/3364/2936 2244/3271/2839
f 2305/3379/2951 2311/3377/2949 2229/3378/2950 2228/3380/2952
f 2184/3261/2829 2185/2894/2462 2311/3377/2949 2305/3379/2951
f 2200/3221/2783 2196/3246/2811 2308/3361/2933 2271/3270/2838
f 2214/3231/2796 2217/3251/2817 2301/3339/2911 2284/3296/2864
f 2185/2894/2462 2210/2893/2461 2297/3329/2901 2311/3377/2949
f 2198/3238/2803 2199/3222/2784 2270/3269/2837 2300/3337/2909
f 2218/3229/2794 2219/3233/2798 2295/3325/2897 2293/3320/2890
f 2221/3260/2828 2186/3259/2827 2268/3374/2946 2307/3373/2945
f 2197/3245/2810 2201/3235/2800 2304/3347/2919 2309/3362/2934
f 2181/3232/2797 2183/3264/2832 2310/3371/2943 2296/3326/2898
f 2208/3244/2809 2209/3225/2788 2306/3355/2927 2282/3369/2941
f 2183/3263/2831 2223/3262/2830 2302/3366/2938 2310/3365/2937
f 2196/3246/2811 2197/3245/2810 2309/3362/2934 2308/3361/2933
f 2220/3224/2787 2221/3223/2786 2307/3358/2930 2299/3357/2929
f 2209/3225/2788 2211/3218/2780 2272/3273/2841 2306/3355/2927
f 2222/3255/2822 2184/3254/2821 2305/3352/2924 2303/3351/2923
f 2201/3235/2800 2207/3234/2799 2294/3348/2920 2304/3347/2919
f 2223/3250/2816 2222/3249/2815 2303/3344/2916 2302/3343/2915
f 2206/2941/2508 2205/2940/2507 2289/3341/2913 2298/3330/2902
f 2217/3251/2817 2182/3230/2795 2292/3319/2889 2301/3339/2911
f 2195/3256/2823 2198/3238/2803 2300/3337/2909 2285/3299/2867
f 2187/3381/2953 2220/3382/2954 2299/3334/2906 2278/3333/2905
f 2210/2893/2461 2206/2941/2508 2298/3330/2902 2297/3329/2901
f 2219/3233/2798 2181/3232/2797 2296/3326/2898 2295/3325/2897
f 2193/3242/2807 2194/3237/2802 2276/3281/2849 2280/3288/2856
f 2207/3216/2778 2191/3215/2777 2290/3311/2894 2294/3323/2893
f 2182/3230/2795 2218/3229/2794 2293/3320/2890 2292/3319/2889
f 2204/3258/2826 2202/3243/2808 2279/3287/2855 2291/3317/2887
f 2189/3252/2825 2204/3257/2824 2291/3315/2884 2287/3302/2883
f 2212/3069/2637 2213/3068/2636 2283/3295/2863 2288/3305/2873
f 2191/3215/2791 2192/3226/2790 2281/3312/2880 2290/3311/2879
f 2205/3220/2782 2190/3219/2781 2286/3308/2876 2289/3307/2875
f 2216/3240/2805 2212/3069/2637 2288/3305/2873 2275/3278/2846
f 2190/3253/2820 2189/3252/2819 2287/3302/2870 2286/3301/2869
f 2203/3236/2801 2195/3256/2823 2285/3299/2867 2277/3282/2850
f 2213/3068/2636 2214/3231/2796 2284/3296/2864 2283/3295/2863
f 2192/3248/2813 2208/3247/2812 2282/3292/2860 2281/3291/2859
f 2202/3243/2808 2193/3242/2807 2280/3288/2856 2279/3287/2855
f 2180/3227/2792 2215/3241/2806 2274/3277/2845 2269/3266/2834
f 2188/3217/2779 2187/3239/2804 2278/3285/2853 2273/3274/2842
f 2194/3237/2802 2203/3236/2801 2277/3282/2850 2276/3281/2849
f 2215/3241/2806 2216/3240/2805 2275/3278/2846 2274/3277/2845
f 2211/3218/2780 2188/3217/2779 2273/3274/2842 2272/3273/2841
f 2199/3222/2784 2200/3221/2783 2271/3270/2838 2270/3269/2837
f 2186/3228/2793 2180/3227/2792 2269/3266/2834 2268/3265/2833
f 2247/3283/2851 2239/3300/2868 2327/3383/2955 2335/3384/2956
f 2234/3304/2872 2233/3303/2871 2321/3385/2957 2322/3386/2957
f 2260/3279/2847 2256/3306/2874 2344/3387/2958 2348/3388/2959
f 2249/3310/2878 2234/3309/2877 2322/3389/2960 2337/3390/2960
f 2235/3314/2882 2236/3313/2881 2324/3391/2961 2323/3392/2961
f 2256/3306/2874 2257/3298/2866 2345/3393/2962 2344/3387/2958
f 2233/3303/2886 2248/3316/2885 2336/3394/2963 2321/3385/2963
f 2248/3318/2888 2246/3290/2858 2334/3395/2964 2336/3396/2965
f 2226/3322/2892 2262/3321/2891 2350/3397/2966 2314/3398/2967
f 2251/3324/2896 2235/3314/2895 2323/3392/2968 2339/3399/2968
f 2237/3289/2857 2238/3284/2852 2326/3400/2969 2325/3401/2970
f 2263/3328/2900 2225/3327/2899 2313/3402/2971 2351/3403/2972
f 2254/3332/2904 2250/3331/2903 2338/3404/2973 2342/3405/2974
f 2231/3336/2908 2264/3335/2907 2352/3406/2975 2319/3407/2975
f 2239/3300/2868 2242/3338/2910 2330/3408/2976 2327/3383/2955
f 2261/3340/2912 2226/3322/2892 2314/3398/2967 2349/3409/2977
f 2250/3331/2903 2249/3342/2914 2337/3410/2978 2338/3404/2973
f 2267/3346/2918 2266/3345/2917 2354/3411/2979 2355/3412/2979
f 2245/3350/2922 2251/3349/2921 2339/3413/2980 2333/3414/2981
f 2266/3354/2926 2228/3353/2925 2316/3415/2982 2354/3416/2982
f 2253/3356/2928 2255/3276/2844 2343/3417/2983 2341/3418/2984
f 2264/3360/2932 2265/3359/2931 2353/3419/2985 2352/3420/2985
f 2240/3364/2936 2241/3363/2935 2329/3421/2986 2328/3422/2987
f 2227/3368/2940 2267/3367/2939 2355/3423/2988 2315/3424/2988
f 2252/3370/2942 2253/3356/2928 2341/3418/2984 2340/3425/2989
f 2225/3327/2899 2227/3372/2944 2315/3426/2990 2313/3402/2971
f 2241/3363/2935 2245/3350/2922 2333/3414/2981 2329/3421/2986
f 2265/3376/2948 2230/3375/2947 2318/3427/2991 2353/3428/2991
f 2262/3321/2891 2263/3328/2900 2351/3403/2972 2350/3397/2966
f 2242/3338/2910 2243/3272/2840 2331/3429/2992 2330/3408/2976
f 2229/3378/2950 2254/3332/2904 2342/3405/2974 2317/3430/2993
f 2258/3297/2865 2261/3340/2912 2349/3409/2977 2346/3431/2994
f 2244/3271/2839 2240/3364/2936 2328/3422/2987 2332/3432/2995
f 2228/3380/2952 2229/3378/2950 2317/3430/2993 2316/3433/2996
f 2230/3268/2836 2224/3267/2835 2312/3434/2997 2318/3435/2998
f 2243/3272/2840 2244/3271/2839 2332/3432/2995 2331/3429/2992
f 2255/3276/2844 2232/3275/2843 2320/3436/2999 2343/3417/2983
f 2259/3280/2848 2260/3279/2847 2348/3388/2959 2347/3437/3000
f 2238/3284/2852 2247/3283/2851 2335/3384/2956 2326/3400/2969
f 2232/3275/2843 2231/3286/2854 2319/3438/3001 2320/3436/2999
f 2224/3267/2835 2259/3280/2848 2347/3437/3000 2312/3434/2997
f 2246/3290/2858 2237/3289/2857 2325/3401/2970 2334/3395/2964
f 2236/3294/2862 2252/3293/2861 2340/3439/3002 2324/3440/3002
f 2257/3298/2866 2258/3297/2865 2346/3431/2994 2345/3393/2962
f 2154/3213/2773 2220/3382/2954 2187/3381/2953 2094/3214/2774
f 2088/3441/3003 2364/3442/3004 2382/3443/3005 2371/3444/3006
f 1978/3445/3007 2358/3446/3008 2376/3447/3009 2366/3448/3010
f 2363/3449/3011 2109/3450/3012 2372/3451/3013 2381/3452/3014
f 2357/3453/3015 2010/3454/3016 2368/3455/3017 2375/3456/3018
f 2365/3457/3019 2088/3441/3003 2371/3444/3006 2383/3458/3019
f 2087/3459/3020 2011/3460/3021 2369/3461/3022 2370/3462/3023
f 2364/3442/3004 2363/3449/3011 2381/3452/3014 2382/3443/3005
f 2011/3460/3021 2362/3463/3024 2380/3464/3025 2369/3461/3022
f 2362/3463/3024 2361/3465/3026 2379/3466/3027 2380/3464/3025
f 2361/3465/3026 2110/3467/3028 2373/3468/3028 2379/3466/3027
f 2359/3469/3029 2360/3470/3030 2378/3471/3031 2377/3472/3032
f 2360/3470/3030 1989/3473/3033 2367/3474/3034 2378/3471/3031
f 2356/3475/3035 2357/3453/3015 2375/3456/3018 2374/3476/3036
f 2010/3454/3016 2359/3469/3029 2377/3472/3032 2368/3455/3017
f 2109/3450/3012 2087/3459/3020 2370/3462/3023 2372/3451/3013
f 2358/3446/3008 2356/3475/3035 2374/3476/3036 2376/3447/3009
f 2110/3467/3028 1978/3445/3007 2366/3448/3010 2373/3468/3028
f 1989/3473/3033 2365/3457/3019 2383/3458/3019 2367/3474/3034
f 2375/3477/3037 2368/3478/3038 2386/3479/3039 2393/3480/3040
f 2383/3481/3041 2371/3482/3042 2389/3483/3043 2401/3484/3041
f 2382/3485/3044 2381/3486/3045 2399/3487/3046 2400/3488/3047
f 2369/3489/3048 2380/3490/3049 2398/3491/3050 2387/3492/3051
f 2380/3490/3049 2379/3493/3052 2397/3494/3053 2398/3491/3050
f 2379/3493/3052 2373/3495/3054 2391/3496/3054 2397/3494/3053
f 2377/3497/3055 2378/3498/3056 2396/3499/3057 2395/3500/3058
f 2378/3498/3056 2367/3501/3059 2385/3502/3060 2396/3499/3057
f 2374/3503/3061 2375/3477/3037 2393/3480/3040 2392/3504/3062
f 2368/3478/3038 2377/3497/3055 2395/3500/3058 2386/3479/3039
f 2376/3505/3063 2374/3503/3061 2392/3504/3062 2394/3506/3064
f 2370/3507/3065 2369/3489/3048 2387/3492/3051 2388/3508/3066
f 2367/3501/3059 2383/3481/3041 2401/3484/3041 2385/3502/3060
f 2371/3482/3042 2382/3485/3044 2400/3488/3047 2389/3483/3043
f 2372/3509/3067 2370/3507/3065 2388/3508/3066 2390/3510/3068
f 2366/3511/3069 2376/3505/3063 2394/3506/3064 2384/3512/3070
f 2381/3486/3045 2372/3509/3067 2390/3510/3068 2399/3487/3046
f 2373/3495/3054 2366/3511/3069 2384/3512/3070 2391/3496/3054
o Sphere.001
v 0.040785 1.365828 -0.063986
v 0.045579 1.437713 -0.068100
v 0.046172 1.469298 -0.086445
v 0.040435 1.512465 -0.183105
v 0.018877 1.305535 -0.104123
v 0.010390 1.332581 -0.081081
v 0.004084 1.365851 -0.067374
v 0.000578 1.402086 -0.064344
v 0.000214 1.437741 -0.072288
v 0.003028 1.469325 -0.090427
v 0.016803 1.508614 -0.149368
v 0.026416 1.512473 -0.184399
v 0.006386 1.303587 -0.110317
v -0.013370 1.328876 -0.092863
v -0.028618 1.360751 -0.083591
v -0.037866 1.396092 -0.083408
v -0.040208 1.431438 -0.092333
v -0.035416 1.463330 -0.109491
v -0.006956 1.504909 -0.161150
v 0.013925 1.510526 -0.190593
v -0.002677 1.299979 -0.120469
v -0.030607 1.322014 -0.112172
v -0.052343 1.351306 -0.110168
v -0.065756 1.384988 -0.114651
v -0.069534 1.419763 -0.125184
v -0.063307 1.452227 -0.140734
v -0.024194 1.498047 -0.180459
v 0.004863 1.506918 -0.200745
v -0.006930 1.295260 -0.133032
v -0.038698 1.313039 -0.136069
v -0.063479 1.338953 -0.143059
v -0.078848 1.370466 -0.153317
v -0.083299 1.404493 -0.165839
v -0.076398 1.437704 -0.179400
v -0.032285 1.489071 -0.204356
v 0.000609 1.502199 -0.213308
v -0.005728 1.290149 -0.146094
v -0.036411 1.303317 -0.160915
v -0.060331 1.325572 -0.177257
v -0.075147 1.354736 -0.193519
v -0.079408 1.387954 -0.208110
v -0.072697 1.421974 -0.219602
v -0.029997 1.479350 -0.229202
v 0.001812 1.497088 -0.226370
v 0.000748 1.285424 -0.157667
v -0.024093 1.294329 -0.182928
v -0.043377 1.313201 -0.207555
v -0.055216 1.340193 -0.229136
v -0.058452 1.372663 -0.245560
v -0.052767 1.407432 -0.255219
v -0.017680 1.470362 -0.251215
v 0.008288 1.492363 -0.237943
v 0.011511 1.281804 -0.165989
v -0.003621 1.287443 -0.198756
v -0.015200 1.303723 -0.229340
v -0.022092 1.329051 -0.254747
v -0.023622 1.360948 -0.272489
v -0.014557 1.397140 -0.282078
v 0.019051 1.488743 -0.246264
v 0.024923 1.279840 -0.169792
v 0.021889 1.283707 -0.205991
v 0.019912 1.298582 -0.239297
v 0.019185 1.323007 -0.266452
v 0.019779 1.354592 -0.284797
v 0.032462 1.486779 -0.250068
v 0.036643 1.504947 -0.218652
v 0.038941 1.279831 -0.168498
v 0.048554 1.283691 -0.203529
v 0.056613 1.298559 -0.235909
v 0.062330 1.322980 -0.262469
v 0.065143 1.354564 -0.280609
v 0.059652 1.391744 -0.288931
v 0.046481 1.486770 -0.248774
v 0.028715 1.287358 -0.134245
v 0.051432 1.281779 -0.162304
v 0.072314 1.287396 -0.191747
v 0.089316 1.303658 -0.219693
v 0.100774 1.328974 -0.243405
v 0.105566 1.360867 -0.260564
v 0.103223 1.396213 -0.269488
v 0.078727 1.463428 -0.260033
v 0.058972 1.488718 -0.242579
v 0.060495 1.285387 -0.152152
v 0.089551 1.294258 -0.172438
v 0.113041 1.313103 -0.193116
v 0.128664 1.340078 -0.212162
v 0.134892 1.372542 -0.227713
v 0.131114 1.407317 -0.238245
v 0.095965 1.470291 -0.240724
v 0.068034 1.492326 -0.232428
v 0.064748 1.290105 -0.139589
v 0.097642 1.303233 -0.148541
v 0.124177 1.325457 -0.160225
v 0.141755 1.354600 -0.173497
v 0.148657 1.387811 -0.187057
v 0.144205 1.421839 -0.199580
v 0.104056 1.479266 -0.216827
v 0.072288 1.497044 -0.219865
v 0.063546 1.295216 -0.126527
v 0.095355 1.312955 -0.123695
v 0.121029 1.338837 -0.126027
v 0.138054 1.370330 -0.133295
v 0.144765 1.404351 -0.144787
v 0.140504 1.437569 -0.159378
v 0.101768 1.488988 -0.191981
v 0.071085 1.502155 -0.206802
v 0.057070 1.299942 -0.114954
v 0.083037 1.321943 -0.101682
v 0.104075 1.351208 -0.095729
v 0.118124 1.384873 -0.097677
v 0.123809 1.419642 -0.107336
v 0.120574 1.452112 -0.123760
v 0.089451 1.497976 -0.169969
v 0.064609 1.506881 -0.195229
v 0.046307 1.303562 -0.106632
v 0.062565 1.328829 -0.085854
v 0.075897 1.360686 -0.073943
v 0.084999 1.396015 -0.072067
v 0.088980 1.431357 -0.080408
v 0.087449 1.463253 -0.098150
v 0.068978 1.504862 -0.154140
v 0.053846 1.510501 -0.186908
v 0.032895 1.305526 -0.102829
v 0.037054 1.332565 -0.078620
v 0.043723 1.402059 -0.060361
v 0.043468 1.508597 -0.146906
v -0.007245 1.467644 -0.258423
v 0.031394 1.479436 -0.256637
v 0.021067 1.379797 -0.290260
v 0.066965 1.462238 -0.265248
v -0.009583 1.500650 -0.720607
v 0.009335 1.663985 -0.642216
v 0.069500 1.489590 -0.713115
v 0.084518 1.652318 -0.635550
v 0.138437 1.469321 -0.677487
v 0.149810 1.629783 -0.602959
v 0.186732 1.442902 -0.619158
v 0.195269 1.599788 -0.549415
v 0.207028 1.414328 -0.547018
v 0.213970 1.566875 -0.483081
v 0.196235 1.387937 -0.472055
v 0.203066 1.536046 -0.414061
v 0.155997 1.367758 -0.405675
v 0.164218 1.512004 -0.352858
v 0.092443 1.356892 -0.357976
v 0.103342 1.498432 -0.308778
v 0.015250 1.357019 -0.336207
v 0.029710 1.497421 -0.288521
v -0.063783 1.368551 -0.343532
v -0.045340 1.510318 -0.294702
v -0.132661 1.389450 -0.379008
v -0.110517 1.534459 -0.327298
v -0.180989 1.415730 -0.437591
v -0.156166 1.564244 -0.382755
v -0.201453 1.442955 -0.510494
v -0.175462 1.593908 -0.453040
v -0.190747 1.468274 -0.585573
v -0.164717 1.621273 -0.521068
v -0.150482 1.488542 -0.651731
v -0.125708 1.645347 -0.580539
v -0.086837 1.500205 -0.699062
v -0.064510 1.661197 -0.622883
v 0.032229 1.822288 -0.516397
v 0.092566 1.811931 -0.511544
v 0.144735 1.791036 -0.486781
v 0.180792 1.762770 -0.445886
v 0.195245 1.731420 -0.395095
v 0.185894 1.701755 -0.342143
v 0.154162 1.678296 -0.295088
v 0.104883 1.664628 -0.261086
v 0.045561 1.662849 -0.245303
v -0.014660 1.674232 -0.249689
v -0.066745 1.696635 -0.274722
v -0.103050 1.725046 -0.318448
v -0.118212 1.753902 -0.375024
v -0.108931 1.779692 -0.425694
v -0.076966 1.802974 -0.470060
v -0.027318 1.818814 -0.501741
v 0.052562 1.930716 -0.379368
v 0.090796 1.923640 -0.376605
v 0.123724 1.908949 -0.361793
v 0.146334 1.888875 -0.337189
v 0.155182 1.866467 -0.306543
v 0.148921 1.845135 -0.274523
v 0.128504 1.828129 -0.246002
v 0.097040 1.818043 -0.225318
v 0.059321 1.816419 -0.215615
v 0.021119 1.823760 -0.218238
v -0.011798 1.838824 -0.233210
v -0.034526 1.858819 -0.259050
v -0.043678 1.880230 -0.292237
v -0.037426 1.900216 -0.323299
v -0.016884 1.917368 -0.350571
v 0.014746 1.928417 -0.370184
v 0.069126 2.003273 -0.255329
v 0.085738 2.000023 -0.254254
v 0.099998 1.993144 -0.248169
v 0.109734 1.983683 -0.238002
v 0.113465 1.973078 -0.225302
v 0.110621 1.962944 -0.212001
v 0.101637 1.954825 -0.200126
v 0.087880 1.949956 -0.191482
v 0.071444 1.949081 -0.187385
v 0.054831 1.952325 -0.188468
v 0.040562 1.959161 -0.194624
v 0.030794 1.968483 -0.205029
v 0.027000 1.978809 -0.218202
v 0.029864 1.988923 -0.231269
v 0.038884 1.997213 -0.242882
v 0.052676 2.002299 -0.251315
v 0.081599 2.054209 -0.159031
v -0.015549 1.421068 -0.723265
v 0.054477 1.411711 -0.716486
v 0.115609 1.395008 -0.684532
v 0.158540 1.373502 -0.632266
v 0.176735 1.350469 -0.567647
v 0.167421 1.329405 -0.500514
v 0.132015 1.313494 -0.441096
v 0.075910 1.305179 -0.398432
v 0.007648 1.305749 -0.379009
v -0.062376 1.315131 -0.385780
v -0.123504 1.331882 -0.417719
v -0.166432 1.353419 -0.469974
v -0.184625 1.376457 -0.534592
v -0.175312 1.397513 -0.601727
v -0.139911 1.413385 -0.661158
v -0.083809 1.421656 -0.703836
v -0.017860 1.342739 -0.686936
v 0.029438 1.336418 -0.682358
v 0.070728 1.325137 -0.660775
v 0.099725 1.310611 -0.625473
v 0.112014 1.295054 -0.581828
v 0.105724 1.280832 -0.536483
v 0.081813 1.270112 -0.496342
v 0.043920 1.264525 -0.467516
v -0.002184 1.264922 -0.454393
v -0.049482 1.271243 -0.458972
v -0.090772 1.282524 -0.480554
v -0.119769 1.297050 -0.515856
v -0.132058 1.312607 -0.559501
v -0.125768 1.326829 -0.604846
v -0.101856 1.337549 -0.644987
v -0.063964 1.343136 -0.673814
v 0.050594 1.285547 -0.579307
v 0.025524 1.276915 -0.545175
v 0.074057 1.284321 -0.582861
v -0.088221 1.285718 -0.536672
v 0.065453 1.295213 -0.613418
v -0.067920 1.275549 -0.511956
v 0.045152 1.305383 -0.638134
v -0.039011 1.267650 -0.496845
v 0.016243 1.313282 -0.653245
v -0.016871 1.317707 -0.656450
v -0.005896 1.263225 -0.493640
v -0.049150 1.317985 -0.647263
v 0.026383 1.262947 -0.502827
v -0.075680 1.314073 -0.627081
v 0.052912 1.266858 -0.523009
v 0.069653 1.274364 -0.551113
v -0.092421 1.306567 -0.598977
v -0.096825 1.296611 -0.567229
v -0.006614 1.527175 -0.709001
v 0.071847 1.516008 -0.701637
v 0.140202 1.495348 -0.666483
v 0.188042 1.468315 -0.608903
v 0.208082 1.438997 -0.537672
v 0.197269 1.411846 -0.463639
v 0.157251 1.391007 -0.398070
v 0.094122 1.379680 -0.350938
v 0.017497 1.379615 -0.329408
v -0.060899 1.391393 -0.336551
v -0.129181 1.412862 -0.371544
v -0.177077 1.439699 -0.429576
v -0.197354 1.467226 -0.501990
v -0.186650 1.492903 -0.576063
v -0.146585 1.513879 -0.641227
v -0.083325 1.526319 -0.687795
v 0.060484 1.481411 -0.688107
v -0.007898 1.490978 -0.694585
v 0.062866 1.507577 -0.676937
v 0.120093 1.463877 -0.657303
v 0.121972 1.489705 -0.646543
v 0.161853 1.441025 -0.606869
v 0.163339 1.466323 -0.596756
v 0.179403 1.416314 -0.544491
v 0.180667 1.440968 -0.535164
v 0.170070 1.393497 -0.479669
v 0.171317 1.417494 -0.471147
v 0.135277 1.376057 -0.422269
v 0.136714 1.399482 -0.414447
v 0.080323 1.366668 -0.381020
v 0.082128 1.389695 -0.373690
v 0.013575 1.366780 -0.362196
v 0.015871 1.389642 -0.355071
v -0.054775 1.376653 -0.368565
v -0.051932 1.399695 -0.361294
v -0.114341 1.394653 -0.399256
v -0.110983 1.418164 -0.391570
v -0.156127 1.417384 -0.449896
v -0.152395 1.441379 -0.441720
v -0.173811 1.441027 -0.512894
v -0.169914 1.465317 -0.504277
v -0.164539 1.463068 -0.577768
v -0.160638 1.487721 -0.568265
v -0.129718 1.480647 -0.634967
v -0.125988 1.505931 -0.624608
v -0.074688 1.490699 -0.675913
v -0.071294 1.516641 -0.664907
v -0.004978 1.517236 -0.683304
v 0.149123 1.651671 -0.588489
v 0.085562 1.674077 -0.620030
v 0.103462 1.520323 -0.303470
v 0.162823 1.533993 -0.346204
v -0.168024 1.615344 -0.443996
v -0.149255 1.585737 -0.375304
v 0.200749 1.558087 -0.405516
v 0.211464 1.588915 -0.472386
v -0.104837 1.555996 -0.321322
v -0.041390 1.531946 -0.289731
v -0.059645 1.682641 -0.607769
v -0.119345 1.666636 -0.566912
v 0.193335 1.621774 -0.536639
v 0.031706 1.519181 -0.283808
v -0.157451 1.642528 -0.509556
v 0.012332 1.685603 -0.626450
v 0.011419 1.647058 -0.606124
v 0.071269 1.637766 -0.600819
v 0.123244 1.619818 -0.574878
v 0.159431 1.595931 -0.532258
v 0.174318 1.569727 -0.479454
v 0.165638 1.545189 -0.424508
v 0.134714 1.526058 -0.375783
v 0.086254 1.515263 -0.340688
v 0.027639 1.514462 -0.324560
v -0.032147 1.524343 -0.329627
v -0.084054 1.543239 -0.355567
v -0.120372 1.566952 -0.399485
v -0.135674 1.590984 -0.455112
v -0.127061 1.613423 -0.509146
v -0.095997 1.632843 -0.556576
v -0.047311 1.645290 -0.590490
v 0.123206 1.641663 -0.561271
v 0.086858 1.537110 -0.334375
v -0.129240 1.612436 -0.445763
v 0.164303 1.567156 -0.415618
v -0.079025 1.564782 -0.348720
v -0.042927 1.666790 -0.576356
v 0.158400 1.617855 -0.520000
v 0.029737 1.536205 -0.318721
v -0.120766 1.634754 -0.497853
v 0.072609 1.659508 -0.586376
v 0.134112 1.547984 -0.368398
v -0.114362 1.588452 -0.391445
v 0.172832 1.591693 -0.468852
v -0.028494 1.545974 -0.323587
v -0.090419 1.654222 -0.543605
v 0.014314 1.668687 -0.591485
v -0.009492 1.696112 -0.245955
v 0.047492 1.685304 -0.241845
v 0.141661 1.809111 -0.468896
v 0.092330 1.829204 -0.492143
v -0.058751 1.717530 -0.269462
v 0.175723 1.781884 -0.430476
v -0.093047 1.744932 -0.310580
v 0.189330 1.751656 -0.382740
v -0.107335 1.772976 -0.364031
v 0.180410 1.723022 -0.332959
v -0.098453 1.797985 -0.411388
v 0.150321 1.700348 -0.288707
v -0.068132 1.820550 -0.453016
v 0.103646 1.687099 -0.256715
v -0.021116 1.835789 -0.482845
v 0.035244 1.839118 -0.496670
v 0.033622 1.805714 -0.488135
v 0.081388 1.797513 -0.484295
v 0.122687 1.780966 -0.464694
v 0.151231 1.758583 -0.432323
v 0.162672 1.733763 -0.392116
v 0.155269 1.710281 -0.350195
v 0.130150 1.691715 -0.312940
v 0.091139 1.680900 -0.286019
v 0.044176 1.679494 -0.273523
v -0.003537 1.688155 -0.277148
v -0.044793 1.705520 -0.296924
v -0.073506 1.727890 -0.331136
v -0.085426 1.751075 -0.375289
v -0.078026 1.772278 -0.415455
v -0.052725 1.791003 -0.450847
v -0.013460 1.803391 -0.476234
v 0.001074 1.709605 -0.271765
v 0.120768 1.799364 -0.448121
v -0.037943 1.726221 -0.290339
v 0.147733 1.777805 -0.417709
v -0.065071 1.747799 -0.322545
v 0.158505 1.753873 -0.379920
v -0.076306 1.770271 -0.364243
v 0.151444 1.731207 -0.340509
v -0.069231 1.790794 -0.401819
v 0.127624 1.713262 -0.305475
v -0.045225 1.808949 -0.434984
v 0.090674 1.702778 -0.280145
v -0.008041 1.820876 -0.458884
v 0.046220 1.701359 -0.268372
v 0.081716 1.815276 -0.466522
v 0.036524 1.823126 -0.470105
v -0.007064 1.932126 -0.331866
v -0.025599 1.916350 -0.307364
v 0.095361 1.841136 -0.220132
v 0.123731 1.850400 -0.238641
v 0.021441 1.942174 -0.349520
v 0.061371 1.839610 -0.211435
v 0.089943 1.937794 -0.355356
v 0.055507 1.944232 -0.357801
v 0.026957 1.846228 -0.213783
v 0.119584 1.924379 -0.342138
v -0.002680 1.859881 -0.227139
v 0.139916 1.906024 -0.320161
v -0.023110 1.878117 -0.250095
v 0.147844 1.885521 -0.292774
v -0.031294 1.897813 -0.279649
v 0.142160 1.865987 -0.264149
v 0.053315 1.918021 -0.361149
v 0.083046 1.912518 -0.359002
v 0.108652 1.901092 -0.347485
v 0.126233 1.885480 -0.328354
v 0.133114 1.868054 -0.304525
v 0.128245 1.851467 -0.279625
v 0.112369 1.838245 -0.257445
v 0.087902 1.830404 -0.241358
v 0.058571 1.829142 -0.233813
v 0.028851 1.834738 -0.235912
v 0.003244 1.846299 -0.247555
v -0.014420 1.861758 -0.267465
v -0.021499 1.878494 -0.292923
v -0.016613 1.894421 -0.317118
v -0.000644 1.907883 -0.338473
v 0.023934 1.916404 -0.353871
v 0.007539 1.923387 -0.321128
v 0.087152 1.852440 -0.234464
v 0.029690 1.931144 -0.334969
v 0.060721 1.851255 -0.227701
v 0.082938 1.927603 -0.339617
v 0.033950 1.856320 -0.229572
v 0.105987 1.917170 -0.329340
v 0.010895 1.866820 -0.239962
v 0.121798 1.902895 -0.312251
v -0.004986 1.880934 -0.257697
v 0.127963 1.886951 -0.290956
v -0.011322 1.896295 -0.280401
v 0.123543 1.871762 -0.268696
v -0.006875 1.911011 -0.301996
v 0.109212 1.859643 -0.248859
v 0.056160 1.932610 -0.341518
v 0.054954 1.278575 -0.443683
v 0.001210 1.279038 -0.428386
v -0.017063 1.369749 -0.699463
v 0.038072 1.362381 -0.694126
v -0.070807 1.370212 -0.684166
v -0.053925 1.286405 -0.433724
v 0.086205 1.349230 -0.668967
v -0.102058 1.299556 -0.458883
v 0.120006 1.332298 -0.627816
v -0.135859 1.316489 -0.500034
v 0.134331 1.314162 -0.576938
v -0.150184 1.334624 -0.550912
v 0.126999 1.297584 -0.524079
v -0.142852 1.351202 -0.603771
v 0.099125 1.285088 -0.477286
v -0.114978 1.363699 -0.650563
v 0.022761 1.330904 -0.663459
v -0.016533 1.336155 -0.667262
v 0.057065 1.321532 -0.645528
v 0.081155 1.309464 -0.616199
v 0.091365 1.296539 -0.579939
v 0.086139 1.284724 -0.542267
v 0.066274 1.275818 -0.508918
v 0.034793 1.271176 -0.484969
v -0.003510 1.271506 -0.474067
v -0.042805 1.276757 -0.477871
v -0.077109 1.286129 -0.495802
v -0.101199 1.298197 -0.525130
v -0.111409 1.311122 -0.561390
v -0.106183 1.322937 -0.599063
v -0.086317 1.331843 -0.632412
v -0.054837 1.336485 -0.656360
v -0.000336 1.286712 -0.451320
v 0.030289 1.355953 -0.672095
v -0.046142 1.292833 -0.455754
v 0.070277 1.345028 -0.651193
v -0.086130 1.303759 -0.476657
v 0.098359 1.330960 -0.617005
v -0.114212 1.317826 -0.510845
v 0.110261 1.315893 -0.574736
v -0.126114 1.332893 -0.553114
v 0.104169 1.302120 -0.530821
v -0.120022 1.346666 -0.597029
v 0.081012 1.291739 -0.491946
v -0.096865 1.357048 -0.635904
v 0.044314 1.286328 -0.464029
v -0.015517 1.362074 -0.676530
v -0.060167 1.362459 -0.663821
v -0.109050 1.297490 -0.566111
v -0.104016 1.308871 -0.602401
v 0.081249 1.272060 -0.547689
v 0.062112 1.263481 -0.515564
v -0.084880 1.317451 -0.634526
v 0.031787 1.259009 -0.492494
v -0.054554 1.321922 -0.657596
v -0.005111 1.259327 -0.481992
v -0.017656 1.321604 -0.668098
v 0.020196 1.316546 -0.664434
v -0.042964 1.264385 -0.485656
v 0.053241 1.307517 -0.647161
v -0.076009 1.273414 -0.502929
v 0.076448 1.295893 -0.618909
v -0.099215 1.285039 -0.531181
v 0.086283 1.283442 -0.583979
v -0.005941 1.270630 -0.516219
v 0.019213 1.298539 -0.609188
v -0.011384 1.290466 -0.575045
v -0.041981 1.282393 -0.540902
v -0.016826 1.310302 -0.633872
v -0.048291 1.304017 -0.604915
v -0.073362 1.295384 -0.570783
v 0.005348 1.629783 -0.658913
v 0.081350 1.618240 -0.652072
v 0.147408 1.596174 -0.618840
v 0.193462 1.566920 -0.564287
v 0.212498 1.534905 -0.496729
v 0.201617 1.504996 -0.426456
v 0.162476 1.481755 -0.364161
v 0.029103 1.491784 -0.291323
v -0.115183 1.504060 -0.338359
v -0.161394 1.533108 -0.394460
v -0.180935 1.562237 -0.465278
v -0.170200 1.589181 -0.534816
v -0.130927 1.612480 -0.595711
v -0.069214 1.627477 -0.639111
v -0.009529 1.479954 -0.293003
v 0.064681 1.474548 -0.299829
v -0.016903 1.409784 -0.317595
v 0.057308 1.404378 -0.324421
v 0.075015 1.550085 -0.685115
v 0.142604 1.528957 -0.650602
v 0.189849 1.501183 -0.594031
v 0.209554 1.470966 -0.524024
v 0.198718 1.442896 -0.451245
v 0.158993 1.421257 -0.386767
v -0.124515 1.443261 -0.360482
v -0.171849 1.470836 -0.417871
v -0.191881 1.498896 -0.489753
v -0.181167 1.524995 -0.562314
v -0.141366 1.546746 -0.626055
v -0.078621 1.560038 -0.671567
v -0.002626 1.561378 -0.692305
v 0.018675 1.392549 -0.326101
vn 0.0040 -0.7645 0.6446
vn -0.1229 -0.7644 0.6329
vn -0.0339 -0.9318 0.3615
vn -0.3902 0.8965 0.2098
vn -0.5666 0.6278 0.5337
vn -0.2453 0.6779 0.6930
vn -0.1598 0.9324 0.3241
vn 0.1105 0.3559 0.9280
vn -0.2780 0.3562 0.8921
vn -0.2752 0.0566 0.9597
vn 0.0950 0.0564 0.9939
vn 0.0392 -0.5316 0.8461
vn -0.1941 -0.5314 0.8246
vn 0.0682 0.9969 -0.0387
vn -0.0587 0.9970 -0.0504
vn 0.0989 0.9323 0.3480
vn 0.1152 0.6776 0.7263
vn 0.0705 -0.2489 0.9660
vn -0.2464 -0.2487 0.9367
vn 0.0339 0.9318 -0.3615
vn -0.6137 0.6486 -0.4502
vn -0.4915 0.5550 -0.6711
vn -0.7019 0.1614 -0.6938
vn -0.8781 0.2822 -0.3864
vn -0.6242 0.3022 0.7204
vn -0.6051 0.0052 0.7961
vn -0.4019 -0.5638 0.7215
vn -0.2359 -0.7821 0.5768
vn -0.1717 0.9794 -0.1064
vn -0.5287 -0.2928 0.7967
vn -0.8444 -0.0901 0.5280
vn -0.7336 -0.3743 0.5672
vn -0.3179 -0.8147 0.4850
vn 0.6081 0.5607 -0.5620
vn 0.6865 0.6478 -0.3302
vn 0.9344 0.2811 -0.2191
vn 0.8250 0.1597 -0.5422
vn -0.8754 0.2022 0.4391
vn -0.5526 -0.6238 0.5526
vn -0.2537 0.9467 -0.1983
vn -0.5574 0.8299 0.0225
vn -0.7996 0.5350 0.2727
vn -0.6359 0.7429 -0.2093
vn -0.9090 0.4136 -0.0504
vn -0.9568 -0.2147 0.1963
vn -0.8297 -0.4810 0.2833
vn -0.3564 -0.8574 0.3713
vn -0.9933 0.0714 0.0909
vn -0.6234 -0.7023 0.3436
vn -0.2922 0.9040 -0.3120
vn -0.8025 -0.5965 -0.0120
vn -0.6034 -0.7874 0.1263
vn -0.2813 0.8578 -0.4302
vn 0.7369 0.5340 0.4145
vn 0.9034 0.4125 0.1169
vn 0.6643 0.7421 -0.0892
vn 0.5449 0.8293 0.1243
vn -0.9250 -0.3497 -0.1487
vn -0.3455 -0.9036 0.2531
vn -0.9600 -0.0702 -0.2712
vn -0.2227 0.8150 -0.5349
vn -0.7765 -0.1959 -0.5989
vn -0.6562 -0.7033 -0.2736
vn -0.4957 -0.8660 -0.0662
vn 0.4361 0.4888 -0.7556
vn 0.5810 0.0690 -0.8109
vn -0.7540 -0.4744 -0.4543
vn -0.2869 -0.9464 0.1484
vn -0.4837 -0.2921 -0.8251
vn -0.4698 -0.5700 -0.6741
vn -0.3166 -0.9262 -0.2047
vn -0.1895 -0.9792 0.0731
vn -0.1299 0.7708 -0.6237
vn -0.3602 0.5444 -0.7575
vn -0.4790 0.0061 -0.8778
vn -0.4129 -0.7851 -0.4616
vn 0.7261 -0.2468 0.6418
vn 0.7205 -0.3090 0.6208
vn 0.3956 -0.2405 0.8864
vn 0.3807 -0.3943 0.8364
vn -0.0682 -0.9969 0.0387
vn -0.1105 -0.3524 -0.9293
vn -0.1156 -0.6219 -0.7745
vn -0.0935 -0.9589 -0.2679
vn -0.0240 0.6367 -0.7708
vn -0.0068 0.7494 -0.6621
vn -0.1039 -0.1982 -0.9746
vn -0.1097 -0.8295 -0.5476
vn 0.2546 -0.6221 -0.7403
vn 0.2071 -0.8297 -0.5184
vn 0.0587 -0.9970 0.0504
vn 0.2804 -0.3473 -0.8948
vn 0.1398 -0.9590 -0.2464
vn 0.2920 0.4966 -0.8174
vn 0.1235 0.7527 -0.6467
vn 0.3085 -0.0514 -0.9498
vn 0.2359 0.7821 -0.5768
vn 0.5845 -0.5707 -0.5768
vn 0.4895 -0.7857 -0.3784
vn 0.1717 -0.9794 0.1064
vn 0.6199 -0.2964 -0.7266
vn 0.3476 -0.9266 -0.1434
vn 0.8754 -0.2022 -0.4391
vn 0.6943 -0.7041 -0.1489
vn 0.4983 -0.8666 0.0255
vn 0.3179 0.8147 -0.4850
vn 0.3463 0.8960 0.2778
vn 0.4601 0.6271 0.6285
vn 0.8238 -0.4754 -0.3087
vn 0.2537 -0.9467 0.1983
vn 0.5691 -0.7881 0.2345
vn 0.2922 -0.9040 0.3120
vn 0.3564 0.8574 -0.3713
vn 0.9933 -0.0714 -0.0909
vn 0.7904 -0.5975 0.1351
vn 0.9362 -0.3508 0.0231
vn 0.9600 0.0702 0.2712
vn 0.9044 -0.2158 0.3681
vn 0.5491 -0.7031 0.4519
vn 0.2813 -0.8578 0.4302
vn 0.3455 0.9036 -0.2531
vn 0.7632 -0.4820 0.4303
vn -0.9932 0.0723 0.0914
vn 0.2227 -0.8150 0.5349
vn 0.7805 0.2012 0.5919
vn 0.7334 -0.0911 0.6737
vn 0.4414 -0.6245 0.6444
vn 0.2869 0.9464 -0.1484
vn 0.6169 -0.3751 0.6919
vn 0.4492 0.0046 0.8934
vn 0.3736 -0.2933 0.8800
vn 0.1253 -0.7823 0.6102
vn 0.4822 0.3015 0.8225
vn 0.2623 -0.5642 0.7828
vn 0.1895 0.9792 -0.0731
vn -0.2607 -0.1966 0.9452
vn -0.6382 -0.2076 0.7414
vn -0.6281 -0.1460 0.7643
vn -0.2765 -0.3470 0.8962
vn -0.0499 0.4428 -0.8952
vn -0.0481 0.4427 -0.8954
vn 0.3326 0.3864 -0.8603
vn 0.3338 0.3861 -0.8599
vn 0.6660 0.2794 -0.6917
vn 0.6678 0.2786 -0.6903
vn 0.8995 0.1382 -0.4144
vn 0.9009 0.1369 -0.4118
vn 0.9974 -0.0159 -0.0703
vn 0.9976 -0.0173 -0.0671
vn 0.9442 -0.1593 0.2884
vn 0.9431 -0.1603 0.2912
vn 0.7249 -0.3375 0.6005
vn 0.9932 -0.0723 -0.0914
vn -0.6522 -0.2340 0.7211
vn -0.8919 -0.0207 0.4518
vn -0.8911 -0.0214 0.4533
vn -0.9859 0.1292 0.1063
vn -0.9858 0.1284 0.1082
vn -0.9284 0.2691 -0.2564
vn -0.9300 0.2676 -0.2521
vn -0.7264 0.3795 -0.5729
vn -0.7314 0.3778 -0.5677
vn -0.4181 0.4403 -0.7946
vn -0.4236 0.4398 -0.7919
vn 0.0711 -0.2655 0.9615
vn 0.4377 -0.2580 0.8613
vn 0.0690 -0.2653 0.9617
vn 0.3488 0.5690 -0.7447
vn 0.6741 0.4495 -0.5862
vn 0.6738 0.4496 -0.5864
vn 0.3486 0.5691 -0.7448
vn -0.9517 0.2636 0.1572
vn -0.8694 0.0895 0.4859
vn -0.8657 0.0854 0.4932
vn -0.9515 0.2594 0.1656
vn 0.9385 -0.0538 0.3412
vn 0.9937 0.1125 0.0011
vn 0.9937 0.1123 0.0014
vn 0.9384 -0.0539 0.3413
vn -0.6426 -0.0783 0.7622
vn -0.3069 -0.2042 0.9296
vn -0.3112 -0.2030 0.9284
vn -0.6431 -0.0780 0.7618
vn -0.3986 0.6206 -0.6753
vn -0.6961 0.5469 -0.4650
vn -0.6905 0.5492 -0.4708
vn -0.3900 0.6217 -0.6793
vn 0.9005 0.2893 -0.3247
vn 0.9007 0.2891 -0.3244
vn -0.8892 0.4225 -0.1755
vn -0.8894 0.4223 -0.1751
vn -0.0296 0.6298 -0.7762
vn -0.0258 0.6295 -0.7766
vn 0.7432 -0.1839 0.6434
vn 0.7431 -0.1839 0.6434
vn -0.2835 -0.1392 0.9488
vn 0.0773 -0.2029 0.9761
vn 0.0759 -0.2028 0.9763
vn -0.2862 -0.1384 0.9481
vn 0.6701 0.5959 -0.4426
vn 0.3597 0.7252 -0.5872
vn 0.3599 0.7251 -0.5871
vn 0.6704 0.5957 -0.4424
vn -0.6062 -0.0044 0.7953
vn -0.6054 -0.0048 0.7959
vn 0.8844 0.4202 -0.2030
vn 0.8846 0.4200 -0.2026
vn -0.8249 0.1804 0.5358
vn -0.8199 0.1739 0.5454
vn 0.9697 0.2251 0.0953
vn 0.9697 0.2249 0.0957
vn -0.8969 0.3753 0.2341
vn -0.8967 0.3667 0.2478
vn 0.9127 0.0404 0.4067
vn 0.9126 0.0402 0.4070
vn -0.8332 0.5497 -0.0599
vn -0.8339 0.5489 -0.0584
vn 0.7224 -0.1057 0.6834
vn 0.7222 -0.1058 0.6835
vn -0.6503 0.6877 -0.3228
vn -0.6452 0.6901 -0.3279
vn 0.4281 -0.1910 0.8833
vn 0.4280 -0.1910 0.8834
vn -0.3644 0.7734 -0.5188
vn -0.3569 0.7746 -0.5222
vn -0.0055 0.7888 -0.6147
vn -0.0023 0.7885 -0.6150
vn -0.6233 0.7489 -0.2250
vn -0.8065 0.5907 0.0250
vn -0.8075 0.5888 0.0363
vn -0.6208 0.7542 -0.2140
vn 0.4195 -0.2044 0.8844
vn 0.7087 -0.1076 0.6973
vn 0.7080 -0.1248 0.6951
vn 0.4181 -0.2248 0.8802
vn -0.3377 0.8470 -0.4106
vn -0.3327 0.8551 -0.3977
vn 0.0738 -0.2208 0.9725
vn 0.0712 -0.2423 0.9676
vn 0.3657 0.7995 -0.4765
vn 0.0125 0.8658 -0.5003
vn 0.0162 0.8740 -0.4857
vn 0.3682 0.8065 -0.4625
vn -0.2786 -0.1536 0.9481
vn -0.2815 -0.1739 0.9437
vn 0.6666 0.6611 -0.3445
vn 0.6690 0.6647 -0.3326
vn -0.5869 -0.0103 0.8096
vn -0.5872 -0.0287 0.8089
vn 0.8733 0.4710 -0.1242
vn 0.8752 0.4697 -0.1154
vn -0.7961 0.1873 0.5754
vn -0.7942 0.1706 0.5832
vn 0.9542 0.2582 0.1511
vn 0.9552 0.2512 0.1562
vn -0.8675 0.3972 0.2995
vn -0.8681 0.3855 0.3127
vn 0.8965 0.0549 0.4397
vn 0.8966 0.0424 0.4408
vn 0.1115 0.7769 0.6197
vn 0.6695 -0.5896 0.4517
vn 0.3773 -0.6415 0.6679
vn 0.3255 -0.7674 0.5524
vn 0.5917 -0.7242 0.3542
vn -0.8761 -0.3679 0.3117
vn -0.9710 -0.2382 -0.0192
vn -0.9065 -0.4146 -0.0804
vn -0.8191 -0.5285 0.2232
vn 0.9091 -0.3689 -0.1935
vn 0.8565 -0.4939 0.1496
vn 0.7621 -0.6429 0.0769
vn 0.8099 -0.5358 -0.2386
vn -0.3396 -0.5878 0.7343
vn -0.6550 -0.4906 0.5747
vn -0.6156 -0.6356 0.4659
vn -0.3268 -0.7195 0.6128
vn -0.7366 -0.0189 -0.6761
vn -0.4428 0.0361 -0.8959
vn -0.4281 -0.1802 -0.8856
vn -0.6956 -0.2257 -0.6821
vn 0.5966 -0.1086 -0.7952
vn 0.8181 -0.2336 -0.5255
vn 0.7267 -0.4190 -0.5444
vn 0.5241 -0.3102 -0.7931
vn 0.0232 -0.6413 0.7670
vn 0.0034 -0.7659 0.6429
vn -0.0870 0.0382 -0.9955
vn 0.2781 -0.0129 -0.9605
vn 0.2327 -0.2262 -0.9459
vn -0.1020 -0.1803 -0.9783
vn -0.9227 -0.1163 -0.3676
vn -0.8635 -0.3086 -0.3990
vn -0.0964 -0.9458 -0.3100
vn 0.0964 0.9458 0.3100
vn -0.1848 -0.9822 -0.0351
vn -0.2815 -0.9557 -0.0857
vn 0.1229 -0.9848 -0.1227
vn 0.0341 -0.9979 -0.0552
vn 0.0969 -0.8559 -0.5081
vn 0.1649 -0.8899 -0.4253
vn -0.3075 -0.8268 -0.4711
vn -0.2187 -0.8137 -0.5386
vn -0.3495 -0.9217 -0.1684
vn -0.0739 -0.9970 -0.0244
vn 0.1937 -0.9264 -0.3230
vn -0.1107 -0.8146 -0.5694
vn 0.0002 -0.8294 -0.5586
vn -0.3783 -0.8852 -0.2707
vn -0.3635 -0.8519 -0.3770
vn 0.1789 -0.9597 -0.2168
vn -0.0994 -0.9296 -0.3550
vn -0.0994 -0.9293 -0.3556
vn 0.1059 0.9341 0.3408
vn 0.1013 0.9338 0.3431
vn -0.0994 -0.9291 -0.3561
vn 0.0877 0.9382 0.3348
vn 0.0936 0.9400 0.3280
vn -0.0994 -0.9290 -0.3565
vn 0.0986 0.9343 0.3427
vn 0.0986 0.9345 0.3421
vn -0.1029 -0.9292 -0.3550
vn 0.0986 0.9337 0.3442
vn -0.1092 -0.9296 -0.3520
vn 0.0998 0.9387 0.3300
vn -0.1091 -0.9314 -0.3472
vn 0.0985 0.9347 0.3416
vn -0.1010 -0.9359 -0.3376
vn 0.0943 0.9355 0.3405
vn 0.0861 0.9364 0.3402
vn 0.0986 0.9338 0.3438
vn -0.0925 -0.9376 -0.3351
vn -0.4308 0.3995 -0.8092
vn -0.4284 0.3997 -0.8104
vn -0.0545 0.3994 -0.9152
vn -0.0555 0.3994 -0.9151
vn -0.7389 0.3457 -0.5784
vn -0.7371 0.3463 -0.5803
vn -0.9341 0.2473 -0.2575
vn -0.9339 0.2475 -0.2581
vn -0.9870 0.1205 0.1063
vn -0.9870 0.1203 0.1070
vn -0.8895 -0.0175 0.4567
vn -0.8887 -0.0181 0.4581
vn -0.6547 -0.1484 0.7411
vn -0.6552 -0.1482 0.7408
vn -0.3188 -0.2490 0.9145
vn -0.3202 -0.2487 0.9141
vn 0.0655 -0.3032 0.9507
vn 0.0649 -0.3031 0.9507
vn 0.4403 -0.3037 0.8449
vn 0.4404 -0.3037 0.8449
vn 0.7492 -0.2508 0.6130
vn 0.7493 -0.2507 0.6129
vn 0.9447 -0.1523 0.2904
vn 0.9970 -0.0232 -0.0737
vn 0.9970 -0.0233 -0.0736
vn 0.8982 0.1167 -0.4237
vn 0.8983 0.1166 -0.4235
vn 0.6636 0.2462 -0.7064
vn 0.6638 0.2461 -0.7063
vn 0.3289 0.3454 -0.8789
vn 0.3290 0.3454 -0.8789
vn 0.0986 0.9340 0.3433
vn -0.0993 -0.9298 -0.3544
vn 0.0831 0.9368 0.3397
vn 0.0985 0.9348 0.3413
vn -0.0993 -0.9300 -0.3539
vn -0.0823 -0.9323 -0.3522
vn -0.0936 -0.9311 -0.3526
vn 0.1058 0.9355 0.3372
vn -0.0992 -0.9301 -0.3536
vn -0.0782 -0.9330 -0.3513
vn -0.0844 -0.9350 -0.3445
vn 0.0680 0.9149 0.3980
vn 0.0863 0.9217 0.3781
vn 0.0866 0.9219 0.3777
vn 0.0682 0.9149 0.3978
vn 0.1033 0.9021 0.4189
vn 0.1032 0.9024 0.4184
vn -0.0853 -0.9182 -0.3869
vn -0.0660 -0.9104 -0.4085
vn -0.0661 -0.9104 -0.4083
vn -0.0857 -0.9183 -0.3864
vn 0.1106 0.9021 0.4170
vn 0.1033 0.9015 0.4202
vn -0.0904 -0.9001 -0.4262
vn -0.1038 -0.8975 -0.4285
vn -0.1039 -0.8967 -0.4303
vn -0.1039 -0.8965 -0.4307
vn 0.1055 0.9184 0.3814
vn 0.1057 0.9183 0.3816
vn 0.1032 0.9026 0.4179
vn -0.1241 -0.9033 -0.4107
vn -0.1057 -0.9148 -0.3899
vn -0.1059 -0.9147 -0.3901
vn -0.1241 -0.9033 -0.4106
vn 0.0904 0.9052 0.4154
vn 0.0655 0.9081 0.4135
vn 0.0905 0.9051 0.4154
vn 0.1033 0.9017 0.4199
vn -0.0638 -0.9033 -0.4243
vn -0.1038 -0.8972 -0.4292
vn -0.1039 -0.8969 -0.4298
vn 0.1228 0.9079 0.4008
vn 0.1031 0.9028 0.4176
vn -0.1038 -0.8974 -0.4288
vn -0.7130 0.4901 -0.5014
vn -0.9062 0.3732 -0.1989
vn -0.9058 0.3736 -0.1998
vn -0.7084 0.4918 -0.5062
vn -0.3091 -0.2071 0.9282
vn 0.0701 -0.2656 0.9615
vn 0.0689 -0.2655 0.9616
vn -0.3120 -0.2064 0.9274
vn 0.9968 0.0775 -0.0208
vn 0.9026 0.2418 -0.3561
vn 0.9027 0.2417 -0.3560
vn 0.9968 0.0775 -0.0207
vn -0.0372 0.5638 -0.8251
vn -0.4103 0.5579 -0.7214
vn -0.4042 0.5586 -0.7243
vn -0.0348 0.5636 -0.8253
vn -0.8742 0.0642 0.4813
vn -0.6439 -0.0906 0.7597
vn -0.6443 -0.0904 0.7594
vn -0.8717 0.0616 0.4862
vn 0.7458 -0.1945 0.6371
vn 0.9416 -0.0757 0.3280
vn 0.3442 0.5050 -0.7915
vn 0.3443 0.5050 -0.7915
vn -0.9634 0.2252 0.1456
vn -0.9632 0.2233 0.1497
vn 0.4393 -0.2611 0.8596
vn 0.4394 -0.2611 0.8595
vn 0.6734 0.3920 -0.6268
vn 0.6736 0.3919 -0.6267
vn -0.1039 -0.8963 -0.4310
vn -0.1115 -0.8970 -0.4277
vn 0.1234 0.9035 0.4104
vn -0.0528 -0.9050 -0.4220
vn -0.0528 -0.9050 -0.4221
vn 0.1033 0.9019 0.4194
vn 0.0554 0.9099 0.4111
vn 0.0554 0.9099 0.4112
vn -0.1248 -0.8985 -0.4208
vn 0.1076 0.8595 0.4997
vn 0.1075 0.8597 0.4993
vn -0.1081 -0.8530 -0.5106
vn -0.1081 -0.8529 -0.5108
vn 0.0917 0.8632 0.4965
vn 0.0591 0.8671 0.4947
vn 0.0593 0.8670 0.4947
vn 0.1075 0.8599 0.4991
vn -0.0449 -0.8624 -0.5042
vn -0.0610 -0.8610 -0.5050
vn -0.0612 -0.8610 -0.5050
vn 0.0433 0.8691 0.4928
vn -0.1152 -0.8538 -0.5076
vn 0.0561 0.8758 0.4795
vn 0.0564 0.8759 0.4792
vn -0.1276 -0.8562 -0.5006
vn -0.1276 -0.8563 -0.5006
vn -0.0928 -0.8572 -0.5066
vn -0.1080 -0.8540 -0.5090
vn 0.0790 0.8876 0.4539
vn 0.0800 0.8882 0.4525
vn -0.1080 -0.8538 -0.5092
vn 0.1048 0.8849 0.4538
vn 0.1053 0.8846 0.4543
vn -0.1255 -0.8632 -0.4891
vn -0.1255 -0.8632 -0.4890
vn -0.0155 0.7208 -0.6930
vn -0.3820 0.7083 -0.5936
vn -0.3747 0.7093 -0.5970
vn -0.0127 0.7206 -0.6933
vn 0.3575 0.6576 -0.6631
vn 0.3576 0.6576 -0.6631
vn 0.0733 -0.2358 0.9690
vn 0.4321 -0.2259 0.8731
vn 0.0722 -0.2357 0.9691
vn -0.6762 0.6263 -0.3880
vn -0.6704 0.6289 -0.3937
vn 0.7319 -0.1454 0.6657
vn 0.7319 -0.1453 0.6657
vn -0.8639 0.4916 -0.1097
vn -0.8636 0.4919 -0.1105
vn 0.9258 -0.0059 0.3780
vn -0.9247 0.3220 0.2031
vn -0.9245 0.3171 0.2117
vn 0.9837 0.1716 0.0533
vn 0.9837 0.1715 0.0534
vn -0.8463 0.1360 0.5151
vn -0.8421 0.1309 0.5232
vn 0.8963 0.3602 -0.2588
vn 0.8964 0.3601 -0.2586
vn -0.6234 -0.0422 0.7808
vn -0.6229 -0.0424 0.7811
vn 0.6764 0.5310 -0.5105
vn 0.6765 0.5309 -0.5104
vn -0.2953 -0.1731 0.9396
vn -0.2979 -0.1724 0.9389
vn -0.0568 -0.8686 -0.4922
vn -0.0570 -0.8687 -0.4920
vn 0.1076 0.8593 0.5001
vn -0.1081 -0.8532 -0.5103
vn 0.1076 0.8590 0.5005
vn -0.0789 -0.8814 -0.4657
vn -0.0798 -0.8821 -0.4642
vn 0.1076 0.8588 0.5008
vn -0.1081 -0.8534 -0.5099
vn 0.1076 0.8587 0.5011
vn -0.1039 -0.8794 -0.4645
vn -0.1043 -0.8791 -0.4650
vn 0.1154 0.8597 0.4976
vn -0.1080 -0.8536 -0.5095
vn 0.1288 0.8621 0.4901
vn 0.1270 0.8690 0.4782
vn 0.1269 0.8690 0.4782
vn 0.0678 0.8263 0.5592
vn 0.0815 0.8375 0.5404
vn 0.0820 0.8380 0.5395
vn 0.0679 0.8263 0.5591
vn -0.0980 -0.8306 -0.5481
vn -0.0832 -0.8287 -0.5535
vn -0.0835 -0.8292 -0.5527
vn -0.0981 -0.8305 -0.5483
vn 0.0987 0.8381 0.5364
vn 0.0989 0.8380 0.5367
vn -0.1109 -0.8106 -0.5750
vn -0.1109 -0.8105 -0.5752
vn 0.1141 0.8255 0.5528
vn -0.0717 -0.8171 -0.5721
vn -0.0682 -0.8154 -0.5749
vn -0.0718 -0.8171 -0.5720
vn 0.1181 0.8195 0.5607
vn -0.1109 -0.8103 -0.5754
vn -0.1109 -0.8102 -0.5755
vn 0.1136 0.8174 0.5648
vn -0.0814 -0.8154 -0.5731
vn -0.0815 -0.8154 -0.5731
vn 0.1105 0.8167 0.5664
vn -0.1132 -0.8108 -0.5743
vn 0.1105 0.8168 0.5662
vn -0.1018 -0.8130 -0.5732
vn -0.1109 -0.8110 -0.5745
vn 0.7220 -0.1635 0.6723
vn 0.9157 -0.0044 0.4018
vn 0.9157 -0.0045 0.4019
vn 0.7220 -0.1636 0.6723
vn -0.8456 0.5324 -0.0390
vn -0.9059 0.3392 0.2536
vn -0.9057 0.3347 0.2600
vn -0.8451 0.5331 -0.0402
vn 0.9758 0.1959 0.0976
vn 0.9758 0.1958 0.0977
vn -0.8292 0.1310 0.5434
vn -0.8257 0.1262 0.5498
vn 0.8926 0.4070 -0.1941
vn 0.8926 0.4069 -0.1940
vn -0.6126 -0.0638 0.7878
vn -0.6110 -0.0647 0.7890
vn 0.6785 0.5966 -0.4286
vn 0.6786 0.5965 -0.4285
vn -0.2944 -0.2053 0.9334
vn -0.2948 -0.2052 0.9333
vn 0.3661 0.7356 -0.5699
vn 0.3662 0.7356 -0.5699
vn 0.0687 -0.2723 0.9597
vn 0.0683 -0.2723 0.9598
vn 0.0003 0.8028 -0.5963
vn -0.3619 0.7856 -0.5019
vn -0.3571 0.7864 -0.5040
vn 0.0020 0.8026 -0.5965
vn 0.4245 -0.2575 0.8680
vn -0.6572 0.6892 -0.3049
vn -0.6531 0.6914 -0.3089
vn -0.1109 -0.8108 -0.5748
vn 0.0631 0.8231 0.5643
vn -0.1119 -0.8184 -0.5637
vn 0.1105 0.8175 0.5652
vn 0.1002 0.8198 0.5638
vn 0.0774 0.8225 0.5634
vn 0.0775 0.8225 0.5634
vn -0.1109 -0.8109 -0.5746
vn 0.1105 0.8174 0.5653
vn -0.1162 -0.8128 -0.5709
vn -0.1162 -0.8128 -0.5708
vn 0.1105 0.8173 0.5655
vn 0.1105 0.8171 0.5658
vn 0.1106 0.8169 0.5660
vn -0.3864 -0.4130 -0.8247
vn -0.6115 -0.4462 -0.6535
vn 0.2544 -0.8805 0.4000
vn 0.4795 -0.8471 0.2291
vn -0.7535 -0.5099 -0.4150
vn 0.6217 -0.7832 -0.0090
vn -0.7909 -0.5944 -0.1456
vn 0.6591 -0.6987 -0.2783
vn -0.7179 -0.6868 0.1136
vn 0.5861 -0.6062 -0.5375
vn -0.5456 -0.7733 0.3229
vn 0.4139 -0.5199 -0.7473
vn -0.3004 -0.8406 0.4508
vn 0.1686 -0.4529 -0.8755
vn -0.0195 -0.8783 0.4778
vn -0.1124 -0.4153 -0.9027
vn 0.2874 -0.8333 0.4723
vn -0.0088 -0.8307 0.5566
vn -0.1095 -0.3308 -0.9373
vn 0.1943 -0.3714 -0.9079
vn -0.4057 -0.3283 -0.8530
vn -0.3127 -0.7901 0.5272
vn 0.4596 -0.4439 -0.7692
vn -0.5779 -0.7177 0.3885
vn 0.6459 -0.5372 -0.5425
vn -0.7642 -0.6243 0.1617
vn 0.7248 -0.6372 -0.2621
vn -0.8432 -0.5244 -0.1186
vn 0.6844 -0.7285 0.0292
vn -0.8028 -0.4330 -0.4100
vn -0.8028 -0.4330 -0.4099
vn 0.5308 -0.7974 0.2871
vn -0.6491 -0.3642 -0.6678
vn 0.4122 -0.8553 -0.3140
vn 0.3867 -0.9130 -0.1298
vn -0.5293 -0.8472 -0.0460
vn -0.5793 -0.7840 -0.2233
vn 0.3623 -0.7921 -0.4913
vn -0.4115 -0.9062 0.0974
vn 0.2445 -0.7331 -0.6347
vn -0.2438 -0.9520 0.1851
vn 0.0768 -0.6872 -0.7224
vn -0.0517 -0.9777 0.2037
vn -0.3026 -0.6600 -0.6877
vn -0.1154 -0.6616 -0.7410
vn 0.1356 -0.9793 0.1504
vn -0.4566 -0.6826 -0.5706
vn 0.2895 -0.9566 0.0333
vn -0.5537 -0.7262 -0.4075
vn -0.0502 0.4429 -0.8952
vn -0.4244 0.4397 -0.7916
vn -0.7327 0.3774 -0.5663
vn -0.9305 0.2671 -0.2507
vn -0.9858 0.1281 0.1090
vn -0.8904 -0.0221 0.4547
vn 0.9436 -0.1599 0.2900
vn 0.9975 -0.0167 -0.0685
vn 0.9003 0.1375 -0.4129
vn 0.6670 0.2789 -0.6908
vn 0.3333 0.3862 -0.8601
vn 0.0831 -0.1076 0.9907
vn 0.0855 -0.1078 0.9905
vn 0.5030 -0.3910 0.7708
vn -0.4098 -0.3257 0.8520
vn 0.0455 -0.4832 0.8743
vn 0.5031 -0.2532 0.8263
vn 0.0443 -0.4832 0.8744
vn 0.7354 -0.2120 0.6436
vn 0.3314 0.3866 -0.8606
vn 0.6643 0.2801 -0.6930
vn 0.8983 0.1393 -0.4168
vn 0.9972 -0.0147 -0.0732
vn 0.9451 -0.1583 0.2858
vn -0.6303 -0.1106 0.7685
vn -0.8919 -0.0206 0.4518
vn -0.9859 0.1293 0.1060
vn -0.9297 0.2679 -0.2529
vn -0.7324 0.3775 -0.5666
vn -0.4249 0.4396 -0.7913
vn -0.0511 0.4429 -0.8951
vn -0.3765 -0.1894 0.9068
vn -0.0986 -0.9396 -0.3278
vn -0.0984 -0.9396 -0.3279
vn -0.4710 -0.8405 -0.2679
vn 0.2890 -0.8957 -0.3380
vn -0.2890 0.8957 0.3380
vn 0.0986 0.9395 0.3280
vn 0.4712 0.8403 0.2680
vt 0.278818 0.129496
vt 0.282934 0.135279
vt 0.260810 0.153371
vt 0.353869 0.138512
vt 0.335188 0.135018
vt 0.336540 0.124849
vt 0.356431 0.130748
vt 0.328195 0.111946
vt 0.327550 0.124076
vt 0.318527 0.124336
vt 0.317449 0.112276
vt 0.293111 0.119137
vt 0.297346 0.128570
vt 0.373291 0.132376
vt 0.369330 0.137530
vt 0.360652 0.122318
vt 0.338750 0.113244
vt 0.306068 0.114396
vt 0.308616 0.125506
vt 0.389346 0.153633
vt 0.352188 0.160867
vt 0.353411 0.168331
vt 0.334732 0.171808
vt 0.334153 0.162241
vt 0.327205 0.134607
vt 0.319069 0.134604
vt 0.299876 0.137100
vt 0.285900 0.141064
vt 0.366384 0.142777
vt 0.310240 0.135373
vt 0.319307 0.144137
vt 0.311050 0.144443
vt 0.287621 0.146889
vt 0.391398 0.213734
vt 0.414218 0.221904
vt 0.375408 0.287252
vt 0.354968 0.248804
vt 0.326889 0.144113
vt 0.301254 0.145154
vt 0.364950 0.148205
vt 0.352426 0.146015
vt 0.334376 0.144323
vt 0.351705 0.153445
vt 0.334123 0.153246
vt 0.319301 0.153195
vt 0.311205 0.153101
vt 0.288270 0.152728
vt 0.326722 0.153232
vt 0.301689 0.152940
vt 0.364543 0.153622
vt 0.310871 0.161752
vt 0.300989 0.160715
vt 0.364816 0.159060
vt 0.348376 0.081480
vt 0.358481 0.059319
vt 0.392193 0.094584
vt 0.376432 0.104175
vt 0.319050 0.162226
vt 0.287467 0.158515
vt 0.326601 0.162434
vt 0.366094 0.164575
vt 0.326623 0.171998
vt 0.309802 0.170796
vt 0.299572 0.168726
vt 0.376560 0.203378
vt 0.345848 0.225098
vt 0.318522 0.171747
vt 0.285993 0.164293
vt 0.326661 0.182612
vt 0.317598 0.182026
vt 0.296999 0.177114
vt 0.283291 0.170055
vt 0.368892 0.170157
vt 0.355019 0.171958
vt 0.336468 0.183351
vt 0.307967 0.180494
vt 0.449981 0.446273
vt 0.449332 0.428289
vt 0.467565 0.428289
vt 0.468892 0.446273
vt 0.279120 0.175696
vt 0.326599 0.194561
vt 0.316121 0.193796
vt 0.292873 0.186115
vt 0.369790 0.178886
vt 0.373206 0.175528
vt 0.333920 0.194181
vt 0.305006 0.191379
vt 0.313918 0.208108
vt 0.300277 0.204191
vt 0.273108 0.180949
vt 0.327263 0.209110
vt 0.286468 0.195936
vt 0.372420 0.197746
vt 0.379277 0.180192
vt 0.340514 0.204885
vt 0.387323 0.183761
vt 0.310144 0.226828
vt 0.292364 0.220141
vt 0.264774 0.185221
vt 0.328154 0.228626
vt 0.276466 0.206606
vt 0.329906 0.255913
vt 0.279431 0.239372
vt 0.260630 0.217281
vt 0.398009 0.185297
vt 0.367063 0.113322
vt 0.342340 0.099343
vt 0.303222 0.253090
vt 0.253326 0.187133
vt 0.234244 0.225872
vt 0.239541 0.184938
vt 0.411542 0.182863
vt 0.333316 0.298399
vt 0.251112 0.268326
vt 0.289943 0.294074
vt 0.340227 0.008001
vt 0.334070 0.050379
vt 0.307512 0.052373
vt 0.295389 0.009011
vt 0.234244 0.073928
vt 0.260706 0.085437
vt 0.251497 0.117769
vt 0.235843 0.119974
vt 0.410362 0.125352
vt 0.397381 0.122740
vt 0.414696 0.087816
vt 0.380922 0.022459
vt 0.258172 0.034949
vt 0.281439 0.062967
vt 0.243908 0.282393
vt 0.217838 0.265808
vt 0.216326 0.242723
vt 0.233072 0.224827
vt 0.263521 0.119959
vt 0.330894 0.077565
vt 0.312722 0.078695
vt 0.276926 0.097761
vt 0.387089 0.124240
vt 0.294335 0.084780
vt 0.315588 0.097254
vt 0.301606 0.101063
vt 0.272404 0.124282
vt 0.329264 0.097202
vt 0.287108 0.109088
vt 0.378985 0.127679
vt 0.479120 0.428289
vt 0.497503 0.428289
vt 0.499224 0.446273
vt 0.480515 0.446273
vt 0.376247 0.428289
vt 0.376679 0.419479
vt 0.388715 0.419479
vt 0.388413 0.428289
vt 0.400758 0.419479
vt 0.400587 0.428289
vt 0.412809 0.419479
vt 0.412768 0.428289
vt 0.424868 0.419479
vt 0.424953 0.428289
vt 0.436932 0.419479
vt 0.437141 0.428289
vt 0.448997 0.419479
vt 0.173544 0.227439
vt 0.192101 0.243383
vt 0.194893 0.266460
vt 0.171708 0.285718
vt 0.496652 0.419479
vt 0.508711 0.419479
vt 0.509677 0.428289
vt 0.316005 0.428289
vt 0.317023 0.419479
vt 0.329223 0.419479
vt 0.328235 0.428289
vt 0.340803 0.419479
vt 0.339986 0.428289
vt 0.352622 0.419479
vt 0.351948 0.428289
vt 0.364628 0.419479
vt 0.364075 0.428289
vt 0.347772 0.459506
vt 0.360535 0.459506
vt 0.368969 0.503933
vt 0.358376 0.503933
vt 0.435874 0.503933
vt 0.424744 0.503933
vt 0.427722 0.459506
vt 0.441285 0.459506
vt 0.503792 0.459506
vt 0.514757 0.459506
vt 0.497750 0.503933
vt 0.488006 0.503933
vt 0.386946 0.459506
vt 0.400460 0.459506
vt 0.402267 0.503933
vt 0.391027 0.503933
vt 0.323612 0.459506
vt 0.335486 0.459506
vt 0.348313 0.503933
vt 0.338742 0.503933
vt 0.467854 0.459506
vt 0.480691 0.459506
vt 0.468576 0.503933
vt 0.457826 0.503933
vt 0.414081 0.459506
vt 0.413527 0.503933
vt 0.492768 0.459506
vt 0.478736 0.503933
vt 0.454664 0.459506
vt 0.446881 0.503933
vt 0.373615 0.459506
vt 0.379893 0.503933
vt 0.311865 0.459506
vt 0.329319 0.503933
vt 0.341647 0.506981
vt 0.351995 0.506981
vt 0.372533 0.548777
vt 0.365614 0.548777
vt 0.431931 0.506981
vt 0.445887 0.506981
vt 0.435901 0.548777
vt 0.426611 0.548777
vt 0.332629 0.506981
vt 0.359757 0.548777
vt 0.417729 0.506981
vt 0.417127 0.548777
vt 0.324554 0.506981
vt 0.354837 0.548777
vt 0.403550 0.506981
vt 0.407587 0.548777
vt 0.502566 0.506981
vt 0.509582 0.506981
vt 0.480382 0.548777
vt 0.475100 0.548777
vt 0.389653 0.506981
vt 0.398159 0.548777
vt 0.494453 0.506981
vt 0.468956 0.548777
vt 0.376278 0.506981
vt 0.389032 0.548777
vt 0.484118 0.506981
vt 0.461643 0.548777
vt 0.363654 0.506981
vt 0.380419 0.548777
vt 0.472169 0.506981
vt 0.453500 0.548777
vt 0.459323 0.506981
vt 0.444873 0.548777
vt 0.510259 0.093384
vt 0.499680 0.094093
vt 0.502506 0.072159
vt 0.505017 0.071864
vt 0.488185 0.043523
vt 0.498144 0.039242
vt 0.502284 0.059674
vt 0.500011 0.060525
vt 0.520004 0.088672
vt 0.507179 0.070699
vt 0.480694 0.051268
vt 0.498206 0.062231
vt 0.530422 0.070638
vt 0.527013 0.080586
vt 0.508730 0.068877
vt 0.509489 0.066657
vt 0.476918 0.061236
vt 0.497414 0.064587
vt 0.529948 0.060282
vt 0.509366 0.064350
vt 0.476963 0.071923
vt 0.497344 0.067076
vt 0.525984 0.050828
vt 0.508393 0.062281
vt 0.481533 0.082740
vt 0.498214 0.069485
vt 0.518534 0.043623
vt 0.506720 0.060758
vt 0.489956 0.090746
vt 0.498224 0.069499
vt 0.500104 0.071298
vt 0.508837 0.039409
vt 0.504646 0.059774
vt 0.503598 0.065643
vt 0.353452 0.414008
vt 0.340746 0.414008
vt 0.351306 0.399988
vt 0.362346 0.399988
vt 0.511884 0.414008
vt 0.507377 0.414008
vt 0.490656 0.399988
vt 0.494402 0.399988
vt 0.385365 0.414008
vt 0.368472 0.414008
vt 0.375245 0.399988
vt 0.389559 0.399988
vt 0.322979 0.414008
vt 0.318505 0.414008
vt 0.333064 0.399988
vt 0.336519 0.399988
vt 0.488637 0.414008
vt 0.474910 0.414008
vt 0.463227 0.399988
vt 0.474644 0.399988
vt 0.422309 0.414008
vt 0.403556 0.414008
vt 0.404753 0.399988
vt 0.420205 0.399988
vt 0.330461 0.414008
vt 0.342745 0.399988
vt 0.458747 0.414008
vt 0.440898 0.414008
vt 0.435410 0.399988
vt 0.449969 0.399988
vt 0.499666 0.414008
vt 0.483844 0.399988
vt 0.317069 0.414008
vt 0.332646 0.399988
vt 0.567526 0.053240
vt 0.567553 0.078681
vt 0.556730 0.076540
vt 0.556708 0.055404
vt 0.449335 0.029861
vt 0.467305 0.011852
vt 0.473445 0.021019
vt 0.458515 0.035981
vt 0.812718 0.023619
vt 0.823826 0.034703
vt 0.818172 0.038490
vt 0.808943 0.029281
vt 0.439651 0.078818
vt 0.439624 0.053376
vt 0.450447 0.055518
vt 0.450470 0.076654
vt 0.829846 0.049194
vt 0.823173 0.050529
vt 0.557843 0.102196
vt 0.539872 0.120206
vt 0.533733 0.111038
vt 0.548662 0.096077
vt 0.829863 0.064886
vt 0.823187 0.063565
vt 0.490800 0.002091
vt 0.492963 0.012910
vt 0.823873 0.079390
vt 0.818211 0.075615
vt 0.516378 0.129967
vt 0.514214 0.119148
vt 0.812789 0.090497
vt 0.809003 0.084843
vt 0.782607 0.096535
vt 0.768103 0.090545
vt 0.771877 0.084883
vt 0.783927 0.089859
vt 0.516241 0.002064
vt 0.514100 0.012887
vt 0.798298 0.096518
vt 0.796964 0.089845
vt 0.756995 0.079461
vt 0.762649 0.075675
vt 0.818118 0.061754
vt 0.814077 0.071538
vt 0.806599 0.079032
vt 0.807594 0.067777
vt 0.818106 0.051168
vt 0.805900 0.053609
vt 0.814045 0.041392
vt 0.802014 0.039880
vt 0.806551 0.033914
vt 0.796767 0.029874
vt 0.796823 0.083093
vt 0.794557 0.071760
vt 0.791502 0.056489
vt 0.788447 0.041218
vt 0.786181 0.029885
vt 0.786237 0.083104
vt 0.780990 0.073098
vt 0.777104 0.059369
vt 0.775410 0.045201
vt 0.776405 0.033946
vt 0.776453 0.079064
vt 0.768959 0.071586
vt 0.764898 0.061811
vt 0.764886 0.051225
vt 0.765734 0.073747
vt 0.761091 0.062572
vt 0.797585 0.086900
vt 0.785484 0.086913
vt 0.821913 0.050406
vt 0.821926 0.062507
vt 0.785419 0.026078
vt 0.797520 0.026066
vt 0.761078 0.050471
vt 0.774300 0.082294
vt 0.817307 0.073692
vt 0.808704 0.030684
vt 0.817270 0.039232
vt 0.765697 0.039287
vt 0.768927 0.041440
vt 0.774244 0.030721
vt 0.808760 0.082257
vt 0.248517 0.762059
vt 0.244415 0.771994
vt 0.241313 0.769927
vt 0.244861 0.761336
vt 0.903349 0.055975
vt 0.915531 0.050913
vt 0.916428 0.055398
vt 0.905895 0.059775
vt 0.236822 0.779603
vt 0.234748 0.776506
vt 0.894078 0.102920
vt 0.889027 0.090780
vt 0.893509 0.089867
vt 0.897877 0.100365
vt 0.226896 0.783727
vt 0.226165 0.780072
vt 0.955310 0.077432
vt 0.955324 0.090622
vt 0.950837 0.089735
vt 0.950825 0.078329
vt 0.216147 0.783740
vt 0.216870 0.780083
vt 0.928721 0.050899
vt 0.927833 0.055386
vt 0.206211 0.779635
vt 0.208279 0.776534
vt 0.889005 0.077546
vt 0.893491 0.078424
vt 0.198605 0.772024
vt 0.201701 0.769955
vt 0.950289 0.102814
vt 0.946484 0.100276
vt 0.194490 0.762051
vt 0.198142 0.761334
vt 0.928793 0.117211
vt 0.915602 0.117229
vt 0.916490 0.112741
vt 0.927895 0.112726
vt 0.940912 0.055934
vt 0.938375 0.059740
vt 0.194489 0.751235
vt 0.198141 0.751983
vt 0.646456 0.601278
vt 0.647298 0.592253
vt 0.670918 0.592440
vt 0.670249 0.601467
vt 0.622700 0.601089
vt 0.623709 0.592066
vt 0.599038 0.600901
vt 0.600231 0.591879
vt 0.575508 0.600715
vt 0.576914 0.591694
vt 0.551934 0.600527
vt 0.553430 0.591508
vt 0.908075 0.603355
vt 0.906928 0.594314
vt 0.930385 0.594500
vt 0.931709 0.603542
vt 0.884439 0.603167
vt 0.883493 0.594128
vt 0.860751 0.602979
vt 0.859995 0.593942
vt 0.837005 0.602791
vt 0.836425 0.593754
vt 0.813221 0.602602
vt 0.812811 0.593567
vt 0.789410 0.602413
vt 0.789169 0.593379
vt 0.765579 0.602224
vt 0.765512 0.593191
vt 0.741738 0.602034
vt 0.741850 0.593004
vt 0.717896 0.601845
vt 0.718193 0.592816
vt 0.694062 0.601656
vt 0.694547 0.592628
vt 0.950249 0.065251
vt 0.946449 0.067796
vt 0.248506 0.751310
vt 0.244851 0.752041
vt 0.903411 0.112208
vt 0.905948 0.108398
vt 0.940973 0.112150
vt 0.938428 0.108350
vt 0.244382 0.741384
vt 0.241285 0.743458
vt 0.216090 0.729695
vt 0.226839 0.729688
vt 0.226116 0.733345
vt 0.216821 0.733352
vt 0.894034 0.065324
vt 0.897840 0.067857
vt 0.236774 0.733791
vt 0.234706 0.736893
vt 0.206165 0.733799
vt 0.208238 0.736902
vt 0.198578 0.741362
vt 0.201677 0.743445
vt 0.897153 0.270426
vt 0.889008 0.251122
vt 0.899996 0.248508
vt 0.906489 0.263912
vt 0.997290 0.228100
vt 0.997313 0.249687
vt 0.986245 0.247498
vt 0.986226 0.230313
vt 0.732024 0.045026
vt 0.740538 0.024796
vt 0.750388 0.031676
vt 0.743598 0.047831
vt 0.932185 0.184691
vt 0.953775 0.184672
vt 0.951584 0.195741
vt 0.934397 0.195756
vt 0.800291 0.000768
vt 0.821315 0.009457
vt 0.814717 0.019349
vt 0.797979 0.012432
vt 0.837484 0.090324
vt 0.821413 0.106433
vt 0.814793 0.096551
vt 0.827588 0.083728
vt 0.888875 0.228873
vt 0.899900 0.230834
vt 0.989075 0.269639
vt 0.979687 0.263382
vt 0.740538 0.090187
vt 0.731911 0.068617
vt 0.743521 0.066559
vt 0.750402 0.083672
vt 0.953902 0.293205
vt 0.932316 0.293267
vt 0.934499 0.282181
vt 0.951685 0.282143
vt 0.973728 0.192915
vt 0.967469 0.202303
vt 0.777538 0.000745
vt 0.779864 0.012429
vt 0.846144 0.046539
vt 0.846168 0.069293
vt 0.834501 0.066985
vt 0.834482 0.048871
vt 0.897029 0.208463
vt 0.906403 0.214636
vt 0.973831 0.284919
vt 0.967552 0.275547
vt 0.837416 0.025528
vt 0.827534 0.032144
vt 0.980673 0.767986
vt 0.980552 0.787456
vt 0.972705 0.784202
vt 0.972823 0.765200
vt 0.982074 0.542658
vt 0.981952 0.562202
vt 0.974070 0.564594
vt 0.974189 0.545571
vt 0.981443 0.644142
vt 0.981313 0.665038
vt 0.973447 0.664880
vt 0.973574 0.644516
vt 0.980926 0.727349
vt 0.980799 0.747806
vt 0.972946 0.745502
vt 0.973070 0.725557
vt 0.982310 0.504743
vt 0.982192 0.523616
vt 0.974304 0.527071
vt 0.974418 0.508726
vt 0.981701 0.602662
vt 0.981573 0.623321
vt 0.973700 0.624211
vt 0.973825 0.604055
vt 0.981054 0.706723
vt 0.973195 0.705470
vt 0.980438 0.805891
vt 0.972594 0.802156
vt 0.981828 0.582258
vt 0.973949 0.584147
vt 0.981183 0.685926
vt 0.973321 0.685221
vt 0.980322 0.824479
vt 0.972480 0.820446
vt 0.800400 0.115166
vt 0.777644 0.115195
vt 0.779949 0.103526
vt 0.798065 0.103503
vt 0.912248 0.192995
vt 0.918526 0.202359
vt 0.756533 0.009237
vt 0.763136 0.019231
vt 0.989008 0.208165
vt 0.979633 0.214443
vt 0.912369 0.285227
vt 0.918615 0.275745
vt 0.756610 0.106485
vt 0.763205 0.096603
vt 0.985279 0.089383
vt 0.977755 0.112736
vt 0.966308 0.106365
vt 0.972264 0.087875
vt 0.947298 0.122963
vt 0.930163 0.129761
vt 0.928388 0.120078
vt 0.941954 0.114697
vt 0.940047 0.142628
vt 0.915597 0.144685
vt 0.917093 0.131636
vt 0.936453 0.130031
vt 0.961872 0.131431
vt 0.953734 0.121166
vt 0.896031 0.043250
vt 0.913154 0.036747
vt 0.914919 0.046457
vt 0.901356 0.051663
vt 0.892293 0.137564
vt 0.898626 0.125919
vt 0.911729 0.129487
vt 0.913793 0.119860
vt 0.873817 0.122635
vt 0.883953 0.113955
vt 0.894805 0.122150
vt 0.900392 0.114062
vt 0.931593 0.037088
vt 0.948508 0.044412
vt 0.942911 0.052508
vt 0.929517 0.046712
vt 0.863057 0.102275
vt 0.875384 0.097685
vt 0.961334 0.057647
vt 0.953067 0.062987
vt 0.860692 0.076278
vt 0.873561 0.077262
vt 0.882009 0.108646
vt 0.890248 0.103433
vt 0.991814 0.683909
vt 0.991717 0.699537
vt 0.985027 0.695836
vt 0.985119 0.681039
vt 0.991914 0.667841
vt 0.985213 0.665842
vt 0.992615 0.554976
vt 0.992523 0.569754
vt 0.985791 0.572942
vt 0.985878 0.558941
vt 0.991623 0.714549
vt 0.984938 0.710080
vt 0.992427 0.585321
vt 0.985699 0.587709
vt 0.991538 0.728270
vt 0.984857 0.723152
vt 0.992326 0.601471
vt 0.985604 0.603029
vt 0.991464 0.740136
vt 0.984787 0.734478
vt 0.992223 0.617997
vt 0.985506 0.618693
vt 0.991394 0.751447
vt 0.984719 0.745349
vt 0.992120 0.634697
vt 0.985408 0.634504
vt 0.992852 0.516878
vt 0.992778 0.528703
vt 0.986032 0.534142
vt 0.986101 0.523049
vt 0.992016 0.651375
vt 0.985310 0.650277
vt 0.992700 0.541270
vt 0.985958 0.545982
vt 0.882921 0.055351
vt 0.890952 0.061343
vt 0.983295 0.064926
vt 0.970692 0.068513
vt 0.960527 0.110129
vt 0.952428 0.104537
vt 0.972103 0.043088
vt 0.961832 0.051225
vt 0.875878 0.071072
vt 0.885344 0.073918
vt 0.953407 0.027194
vt 0.947030 0.038642
vt 0.967840 0.093210
vt 0.958217 0.091142
vt 0.930050 0.019662
vt 0.928538 0.032680
vt 0.875363 0.090752
vt 0.884966 0.089368
vt 0.905588 0.021641
vt 0.909172 0.034246
vt 0.968123 0.074781
vt 0.958442 0.076552
vt 0.883753 0.032875
vt 0.891884 0.043124
vt 0.867956 0.051952
vt 0.879355 0.058146
vt 0.899605 0.100124
vt 0.895510 0.090479
vt 0.901541 0.088934
vt 0.904742 0.096501
vt 0.485270 0.098299
vt 0.473707 0.087796
vt 0.895425 0.079138
vt 0.901489 0.080183
vt 0.510536 0.030994
vt 0.523045 0.036840
vt 0.899538 0.068793
vt 0.904697 0.072191
vt 0.512893 0.103104
vt 0.498470 0.103130
vt 0.907224 0.060985
vt 0.910679 0.066143
vt 0.482485 0.035260
vt 0.496310 0.030374
vt 0.917292 0.056795
vt 0.918509 0.062889
vt 0.525448 0.095845
vt 0.928194 0.056786
vt 0.926987 0.062881
vt 0.473199 0.046462
vt 0.938269 0.060949
vt 0.934822 0.066118
vt 0.538607 0.071946
vt 0.534375 0.084977
vt 0.494075 0.016649
vt 0.513821 0.017841
vt 0.496176 0.117184
vt 0.478708 0.110590
vt 0.530850 0.026013
vt 0.464208 0.098141
vt 0.542826 0.039226
vt 0.531900 0.046807
vt 0.461223 0.092317
vt 0.456787 0.075500
vt 0.469467 0.073399
vt 0.550503 0.055209
vt 0.537727 0.058579
vt 0.456169 0.057783
vt 0.468748 0.059691
vt 0.552189 0.073462
vt 0.461851 0.039896
vt 0.546840 0.091719
vt 0.534575 0.107356
vt 0.474682 0.024226
vt 0.516226 0.117162
vt 0.907280 0.107561
vt 0.910721 0.102338
vt 0.938320 0.107409
vt 0.928254 0.111594
vt 0.927033 0.105501
vt 0.934862 0.102247
vt 0.917351 0.111624
vt 0.918554 0.105520
vt 0.946018 0.099692
vt 0.940849 0.096246
vt 0.950178 0.089617
vt 0.944083 0.088411
vt 0.950167 0.078716
vt 0.944074 0.079935
vt 0.945985 0.068649
vt 0.940822 0.072106
vt 0.454721 0.389241
vt 0.464404 0.389241
vt 0.360070 0.389241
vt 0.369329 0.389241
vt 0.471958 0.389241
vt 0.380206 0.389241
vt 0.477397 0.389241
vt 0.392302 0.389241
vt 0.480268 0.389241
vt 0.405213 0.389241
vt 0.344971 0.389241
vt 0.345045 0.389241
vt 0.418279 0.389241
vt 0.347746 0.389241
vt 0.431057 0.389241
vt 0.352780 0.389241
vt 0.443348 0.389241
vt 0.247903 0.794455
vt 0.237891 0.799810
vt 0.235448 0.793531
vt 0.244037 0.788937
vt 0.256288 0.724337
vt 0.262713 0.733698
vt 0.256742 0.736818
vt 0.251230 0.728787
vt 0.247820 0.716772
vt 0.243966 0.722297
vt 0.226892 0.802629
vt 0.226012 0.795950
vt 0.266727 0.744320
vt 0.260185 0.745929
vt 0.215538 0.802752
vt 0.216273 0.796055
vt 0.268099 0.755591
vt 0.261362 0.755599
vt 0.204481 0.800170
vt 0.206787 0.793841
vt 0.266751 0.766866
vt 0.260206 0.765270
vt 0.204385 0.711149
vt 0.215437 0.708543
vt 0.216186 0.715238
vt 0.206705 0.717473
vt 0.262760 0.777496
vt 0.256782 0.774389
vt 0.226791 0.708642
vt 0.225926 0.715323
vt 0.256355 0.786871
vt 0.251287 0.782432
vt 0.237796 0.711438
vt 0.235367 0.717722
vt 0.798214 0.017630
vt 0.796894 0.024305
vt 0.449412 0.102312
vt 0.458579 0.096173
vt 0.782522 0.017646
vt 0.783857 0.024319
vt 0.557765 0.029746
vt 0.548598 0.035885
vt 0.768031 0.023667
vt 0.771818 0.029321
vt 0.467421 0.120283
vt 0.473541 0.111103
vt 0.756947 0.034775
vt 0.762610 0.038549
vt 0.539756 0.011775
vt 0.533636 0.020955
vt 0.750958 0.049278
vt 0.757634 0.050599
vt 0.490936 0.129994
vt 0.493077 0.119170
vt 0.750975 0.064970
vt 0.757648 0.063635
vt 0.256877 0.769015
vt 0.250773 0.779964
vt 0.245009 0.775318
vt 0.249894 0.766556
vt 0.188096 0.741494
vt 0.195096 0.731095
vt 0.200450 0.736208
vt 0.194849 0.744530
vt 0.258983 0.756658
vt 0.251579 0.756666
vt 0.195151 0.782358
vt 0.188129 0.771974
vt 0.194875 0.768924
vt 0.200494 0.777234
vt 0.256850 0.744306
vt 0.249873 0.746780
vt 0.205231 0.789809
vt 0.208562 0.783197
vt 0.250724 0.733370
vt 0.244970 0.738029
vt 0.217219 0.793474
vt 0.218155 0.786130
vt 0.229665 0.720444
vt 0.241303 0.725101
vt 0.237430 0.731411
vt 0.228116 0.727684
vt 0.229742 0.792935
vt 0.228178 0.785699
vt 0.217140 0.719932
vt 0.218092 0.727274
vt 0.241370 0.788253
vt 0.237484 0.781952
vt 0.205161 0.723623
vt 0.208505 0.730228
vt 0.375383 0.446273
vt 0.362970 0.446273
vt 0.350600 0.446273
vt 0.338351 0.446273
vt 0.326261 0.446273
vt 0.313971 0.446273
vt 0.511623 0.446273
vt 0.437553 0.446273
vt 0.425124 0.446273
vt 0.412687 0.446273
vt 0.400246 0.446273
vt 0.387808 0.446273
vt 0.472944 0.419479
vt 0.473053 0.425063
vt 0.461035 0.419479
vt 0.484736 0.419479
vt 0.475227 0.455447
vt 0.462795 0.455447
vt 0.474989 0.452274
vt 0.450289 0.455447
vt 0.387505 0.455447
vt 0.400075 0.455447
vt 0.412646 0.455447
vt 0.425208 0.455447
vt 0.437757 0.455447
vt 0.500104 0.455447
vt 0.512603 0.455447
vt 0.312954 0.455447
vt 0.325274 0.455447
vt 0.337534 0.455447
vt 0.349926 0.455447
vt 0.362418 0.455447
vt 0.374952 0.455447
vt 0.487663 0.455447
vt 0.203883 0.236825
vt 0.202918 0.215700
vt 0.208007 0.297143
vt 0.206745 0.272250
s 1
usemtl Material.002
f 2524/3513/3071 2406/3514/3072 2475/3515/3073
f 2420/3516/3074 2419/3517/3075 2411/3518/3076 2412/3519/3077
f 2403/3520/3078 2410/3521/3079 2409/3522/3080 2526/3523/3081
f 2525/3524/3082 2407/3525/3083 2406/3514/3072 2524/3513/3071
f 2405/3526/3084 2413/3527/3085 2412/3519/3077 2527/3528/3086
f 2404/3529/3087 2411/3518/3076 2410/3521/3079 2403/3520/3078
f 2402/3530/3088 2408/3531/3089 2407/3525/3083 2525/3524/3082
f 2467/3532/3090 2413/3527/3085 2405/3526/3084
f 2526/3523/3081 2409/3522/3080 2408/3531/3089 2402/3530/3088
f 2444/3533/3091 2452/3534/3092 2451/3535/3093 2443/3536/3094
f 2410/3521/3079 2418/3537/3095 2417/3538/3096 2409/3522/3080
f 2407/3525/3083 2415/3539/3097 2414/3540/3098 2406/3514/3072
f 2413/3527/3085 2421/3541/3099 2420/3516/3074 2412/3519/3077
f 2411/3518/3076 2419/3517/3075 2418/3537/3095 2410/3521/3079
f 2408/3531/3089 2416/3542/3100 2415/3539/3097 2407/3525/3083
f 2467/3532/3090 2421/3541/3099 2413/3527/3085
f 2409/3522/3080 2417/3538/3096 2416/3542/3100 2408/3531/3089
f 2406/3514/3072 2414/3540/3098 2475/3515/3073
f 2417/3538/3096 2425/3543/3101 2424/3544/3102 2416/3542/3100
f 2414/3540/3098 2422/3545/3103 2475/3515/3073
f 2490/3546/3104 2498/3547/3105 2497/3548/3106 2489/3549/3107
f 2418/3537/3095 2426/3550/3108 2425/3543/3101 2417/3538/3096
f 2415/3539/3097 2423/3551/3109 2422/3545/3103 2414/3540/3098
f 2421/3541/3099 2429/3552/3110 2428/3553/3111 2420/3516/3074
f 2419/3517/3075 2427/3554/3112 2426/3550/3108 2418/3537/3095
f 2416/3542/3100 2424/3544/3102 2423/3551/3109 2415/3539/3097
f 2467/3532/3090 2429/3552/3110 2421/3541/3099
f 2436/3555/3113 2444/3533/3091 2443/3536/3094 2435/3556/3114
f 2425/3543/3101 2433/3557/3115 2432/3558/3116 2424/3544/3102
f 2422/3545/3103 2430/3559/3117 2475/3515/3073
f 2426/3550/3108 2434/3560/3118 2433/3557/3115 2425/3543/3101
f 2423/3551/3109 2431/3561/3119 2430/3559/3117 2422/3545/3103
f 2429/3552/3110 2437/3562/3120 2436/3555/3113 2428/3553/3111
f 2427/3554/3112 2435/3556/3114 2434/3560/3118 2426/3550/3108
f 2424/3544/3102 2432/3558/3116 2431/3561/3119 2423/3551/3109
f 2467/3532/3090 2437/3562/3120 2429/3552/3110
f 2432/3558/3116 2440/3563/3121 2439/3564/3122 2431/3561/3119
f 2467/3532/3090 2445/3565/3123 2437/3562/3120
f 2513/3566/3124 2505/3567/3125 2506/3568/3126 2514/3569/3127
f 2433/3557/3115 2441/3570/3128 2440/3563/3121 2432/3558/3116
f 2430/3559/3117 2438/3571/3129 2475/3515/3073
f 2434/3560/3118 2442/3572/3130 2441/3570/3128 2433/3557/3115
f 2431/3561/3119 2439/3564/3122 2438/3571/3129 2430/3559/3117
f 2437/3562/3120 2445/3565/3123 2444/3533/3091 2436/3555/3113
f 2435/3556/3114 2443/3536/3094 2442/3572/3130 2434/3560/3118
f 2445/3565/3123 2453/3573/3131 2452/3534/3092 2444/3533/3091
f 2443/3536/3094 2451/3535/3093 2450/3574/3132 2442/3572/3130
f 2440/3563/3121 2448/3575/3133 2447/3576/3134 2439/3564/3122
f 2467/3532/3090 2453/3573/3131 2445/3565/3123
f 2482/3577/3135 2490/3546/3104 2489/3549/3107 2481/3578/3136
f 2441/3570/3128 2449/3579/3137 2448/3575/3133 2440/3563/3121
f 2438/3571/3129 2446/3580/3138 2475/3515/3073
f 2442/3572/3130 2450/3574/3132 2449/3579/3137 2441/3570/3128
f 2439/3564/3122 2447/3576/3134 2446/3580/3138 2438/3571/3129
f 2450/3574/3132 2458/3581/3139 2457/3582/3140 2449/3579/3137
f 2447/3576/3134 2455/3583/3141 2454/3584/3142 2446/3580/3138
f 2460/3585/3143 2528/3586/3144 2452/3534/3092 2453/3573/3131
f 2451/3535/3093 2459/3587/3145 2458/3581/3139 2450/3574/3132
f 2448/3575/3133 2456/3588/3146 2455/3583/3141 2447/3576/3134
f 2467/3532/3090 2460/3585/3143 2453/3573/3131
f 2949/3589/3147 2932/3590/3148 2941/3591/3149 2943/3592/3150
f 2449/3579/3137 2457/3582/3140 2456/3588/3146 2448/3575/3133
f 2446/3580/3138 2454/3584/3142 2475/3515/3073
f 2454/3584/3142 2461/3593/3151 2475/3515/3073
f 2458/3581/3139 2465/3594/3152 2464/3595/3153 2457/3582/3140
f 2455/3583/3141 2462/3596/3154 2461/3593/3151 2454/3584/3142
f 2529/3597/3155 2528/3586/3144 2460/3585/3143 2466/3598/3156
f 2459/3587/3145 2530/3599/3157 2465/3594/3152 2458/3581/3139
f 2456/3588/3146 2463/3600/3158 2462/3596/3154 2455/3583/3141
f 2467/3532/3090 2466/3598/3156 2460/3585/3143
f 2457/3582/3140 2464/3595/3153 2463/3600/3158 2456/3588/3146
f 2464/3595/3153 2471/3601/3159 2470/3602/3160 2463/3600/3158
f 2461/3593/3151 2468/3603/3161 2475/3515/3073
f 2465/3594/3152 2472/3604/3162 2471/3601/3159 2464/3595/3153
f 2462/3596/3154 2469/3605/3163 2468/3603/3161 2461/3593/3151
f 2531/3606/3164 2529/3597/3155 2466/3598/3156 2474/3607/3165
f 2530/3599/3157 2473/3608/3166 2472/3604/3162 2465/3594/3152
f 2463/3600/3158 2470/3602/3160 2469/3605/3163 2462/3596/3154
f 2474/3607/3165 2466/3598/3156 2467/3532/3090
f 2483/3609/3167 2474/3607/3165 2467/3532/3090
f 2528/3586/3144 2459/3587/3145 2451/3535/3093 2452/3534/3092
f 2471/3601/3159 2479/3610/3168 2478/3611/3169 2470/3602/3160
f 2468/3603/3161 2476/3612/3170 2475/3515/3073
f 2472/3604/3162 2480/3613/3171 2479/3610/3168 2471/3601/3159
f 2469/3605/3163 2477/3614/3172 2476/3612/3170 2468/3603/3161
f 2482/3577/3135 2531/3606/3164 2474/3607/3165 2483/3609/3167
f 2473/3608/3166 2481/3578/3136 2480/3613/3171 2472/3604/3162
f 2470/3602/3160 2478/3611/3169 2477/3614/3172 2469/3605/3163
f 2481/3578/3136 2489/3549/3107 2488/3615/3173 2480/3613/3171
f 2478/3611/3169 2486/3616/3174 2485/3617/3175 2477/3614/3172
f 2491/3618/3176 2483/3609/3167 2467/3532/3090
f 2514/3569/3127 2522/3619/3177 2521/3620/3178 2513/3566/3124
f 2479/3610/3168 2487/3621/3179 2486/3616/3174 2478/3611/3169
f 2476/3612/3170 2484/3622/3180 2475/3515/3073
f 2480/3613/3171 2488/3615/3173 2487/3621/3179 2479/3610/3168
f 2477/3614/3172 2485/3617/3175 2484/3622/3180 2476/3612/3170
f 2483/3609/3167 2491/3618/3176 2490/3546/3104 2482/3577/3135
f 2485/3617/3175 2493/3623/3181 2492/3624/3182 2484/3622/3180
f 2491/3618/3176 2499/3625/3183 2498/3547/3105 2490/3546/3104
f 2489/3549/3107 2497/3548/3106 2496/3626/3184 2488/3615/3173
f 2486/3616/3174 2494/3627/3185 2493/3623/3181 2485/3617/3175
f 2499/3625/3183 2491/3618/3176 2467/3532/3090
f 2522/3619/3177 2527/3528/3086 2404/3529/3087 2521/3620/3178
f 2487/3621/3179 2495/3628/3186 2494/3627/3185 2486/3616/3174
f 2484/3622/3180 2492/3624/3182 2475/3515/3073
f 2488/3615/3173 2496/3626/3184 2495/3628/3186 2487/3621/3179
f 2496/3629/3184 2504/3630/3187 2503/3631/3188 2495/3632/3186
f 2493/3633/3181 2501/3634/3189 2500/3635/3190 2492/3636/3182
f 2499/3637/3183 2507/3638/3191 2506/3568/3126 2498/3639/3105
f 2497/3640/3106 2505/3567/3125 2504/3630/3187 2496/3629/3184
f 2494/3641/3185 2502/3642/3192 2501/3634/3189 2493/3633/3181
f 2467/3532/3090 2507/3638/3191 2499/3637/3183
f 2528/3643/3193 2940/3644/3193 2942/3645/3193 2459/3646/3193
f 2495/3632/3186 2503/3631/3188 2502/3642/3192 2494/3641/3185
f 2492/3636/3182 2500/3635/3190 2475/3515/3073
f 2500/3635/3190 2508/3647/3194 2475/3515/3073
f 2498/3639/3105 2506/3568/3126 2505/3567/3125 2497/3640/3106
f 2504/3630/3187 2512/3648/3195 2511/3649/3196 2503/3631/3188
f 2501/3634/3189 2509/3650/3197 2508/3647/3194 2500/3635/3190
f 2507/3638/3191 2515/3651/3198 2514/3569/3127 2506/3568/3126
f 2505/3567/3125 2513/3566/3124 2512/3648/3195 2504/3630/3187
f 2502/3642/3192 2510/3652/3199 2509/3650/3197 2501/3634/3189
f 2467/3532/3090 2515/3651/3198 2507/3638/3191
f 2503/3631/3188 2511/3649/3196 2510/3652/3199 2502/3642/3192
f 2473/3608/3166 2531/3606/3164 2482/3577/3135 2481/3578/3136
f 2511/3649/3196 2519/3653/3200 2518/3654/3201 2510/3652/3199
f 2508/3647/3194 2516/3655/3202 2475/3515/3073
f 2512/3648/3195 2520/3656/3203 2519/3653/3200 2511/3649/3196
f 2509/3650/3197 2517/3657/3204 2516/3655/3202 2508/3647/3194
f 2515/3651/3198 2523/3658/3205 2522/3619/3177 2514/3569/3127
f 2513/3566/3124 2521/3620/3178 2520/3656/3203 2512/3648/3195
f 2510/3652/3199 2518/3654/3201 2517/3657/3204 2509/3650/3197
f 2467/3532/3090 2523/3658/3205 2515/3651/3198
f 2518/3654/3201 2402/3530/3088 2525/3524/3082 2517/3657/3204
f 2467/3532/3090 2405/3526/3084 2523/3658/3205
f 2428/3553/3111 2436/3555/3113 2435/3556/3114 2427/3554/3112
f 2519/3653/3200 2526/3523/3081 2402/3530/3088 2518/3654/3201
f 2516/3655/3202 2524/3513/3071 2475/3515/3073
f 2520/3656/3203 2403/3520/3078 2526/3523/3081 2519/3653/3200
f 2517/3657/3204 2525/3524/3082 2524/3513/3071 2516/3655/3202
f 2523/3658/3205 2405/3526/3084 2527/3528/3086 2522/3619/3177
f 2521/3620/3178 2404/3529/3087 2403/3520/3078 2520/3656/3203
f 2940/3659/3206 2934/3660/3207 2950/3661/3208 2942/3662/3209
f 2926/3663/3210 2533/3664/3211 2535/3665/3212 2927/3666/3213
f 2927/3666/3213 2535/3665/3212 2537/3667/3214 2928/3668/3215
f 2928/3668/3215 2537/3667/3214 2539/3669/3216 2929/3670/3217
f 2929/3670/3217 2539/3669/3216 2541/3671/3218 2930/3672/3219
f 2930/3672/3219 2541/3671/3218 2543/3673/3220 2931/3674/3221
f 2931/3674/3221 2543/3673/3220 2545/3675/3222 2932/3590/3148
f 2473/3676/3223 2943/3677/3223 2941/3678/3223 2531/3679/3223
f 2934/3660/3207 2553/3680/3224 2555/3681/3225 2935/3682/3226
f 2935/3683/3226 2555/3684/3225 2557/3685/3227 2936/3686/3228
f 2936/3686/3228 2557/3685/3227 2559/3687/3229 2937/3688/3230
f 2937/3688/3230 2559/3687/3229 2561/3689/3231 2938/3690/3232
f 2938/3690/3232 2561/3689/3231 2563/3691/3233 2939/3692/3234
f 2724/3693/3235 2713/3694/3236 2571/3695/3236 2572/3696/3237
f 2565/3697/3238 2566/3698/3239 2711/3699/3240 2712/3700/3241
f 2715/3701/3242 2716/3702/3243 2575/3703/3244 2576/3704/3245
f 2717/3705/3246 2718/3706/3247 2568/3707/3248 2569/3708/3249
f 2719/3709/3250 2720/3710/3251 2573/3711/3252 2574/3712/3253
f 2572/3696/3237 2573/3711/3252 2720/3710/3251 2724/3693/3235
f 2721/3713/3254 2722/3714/3255 2578/3715/3256 2579/3716/3257
f 2723/3717/3258 2711/3699/3240 2566/3698/3239 2567/3718/3259
f 2725/3719/3260 2715/3701/3242 2576/3704/3245 2577/3720/3261
f 2712/3700/3241 2726/3721/3262 2564/3722/3263 2565/3697/3238
f 2714/3723/3264 2717/3705/3246 2569/3708/3249 2570/3724/3265
f 2716/3725/3243 2719/3709/3250 2574/3712/3253 2575/3726/3244
f 2726/3721/3262 2721/3713/3254 2579/3716/3257 2564/3722/3263
f 2759/3727/3266 2760/3728/3267 2588/3729/3268 2589/3730/3269
f 2761/3731/3270 2762/3732/3271 2581/3733/3272 2582/3734/3273
f 2763/3735/3274 2759/3727/3266 2589/3730/3269 2590/3736/3275
f 2764/3737/3276 2761/3731/3270 2582/3734/3273 2583/3738/3277
f 2765/3739/3278 2763/3735/3274 2590/3736/3275 2591/3740/3279
f 2766/3741/3280 2764/3737/3276 2583/3738/3277 2584/3742/3281
f 2767/3743/3282 2765/3744/3278 2591/3745/3279 2592/3746/3283
f 2768/3747/3284 2766/3741/3280 2584/3742/3281 2585/3748/3285
f 2769/3749/3286 2767/3743/3282 2592/3746/3283 2593/3750/3287
f 2770/3751/3288 2768/3747/3284 2585/3748/3285 2586/3752/3289
f 2771/3753/3290 2769/3749/3286 2593/3750/3287 2594/3754/3291
f 2772/3755/3292 2770/3751/3288 2586/3752/3289 2587/3756/3293
f 2773/3757/3294 2771/3753/3290 2594/3754/3291 2595/3758/3295
f 2760/3728/3267 2772/3755/3292 2587/3756/3293 2588/3729/3268
f 2762/3732/3271 2774/3759/3296 2580/3760/3297 2581/3733/3272
f 2774/3759/3296 2773/3757/3294 2595/3758/3295 2580/3760/3297
f 2807/3761/3298 2808/3762/3299 2609/3763/3300 2610/3764/3301
f 2809/3765/3302 2810/3766/3303 2602/3767/3304 2603/3768/3305
f 2811/3769/3306 2807/3761/3298 2610/3764/3301 2611/3770/3307
f 2812/3771/3308 2809/3765/3302 2603/3768/3305 2604/3772/3309
f 2813/3773/3310 2814/3774/3311 2596/3775/3312 2597/3776/3313
f 2814/3774/3311 2811/3769/3306 2611/3770/3307 2596/3775/3312
f 2815/3777/3314 2812/3771/3308 2604/3772/3309 2605/3778/3315
f 2816/3779/3316 2813/3773/3310 2597/3776/3313 2598/3780/3317
f 2817/3781/3318 2815/3777/3314 2605/3778/3315 2606/3782/3319
f 2818/3783/3320 2816/3779/3316 2598/3780/3317 2599/3784/3321
f 2819/3785/3322 2817/3781/3318 2606/3782/3319 2607/3786/3323
f 2820/3787/3324 2818/3783/3320 2599/3784/3321 2600/3788/3325
f 2821/3789/3326 2819/3785/3322 2607/3790/3323 2608/3791/3327
f 2822/3792/3328 2820/3787/3324 2600/3788/3325 2601/3793/3329
f 2808/3762/3299 2821/3789/3326 2608/3791/3327 2609/3763/3300
f 2810/3766/3303 2822/3792/3328 2601/3793/3329 2602/3767/3304
f 2608/3791/3327 2607/3790/3323 2612/3794/3330
f 2601/3793/3329 2600/3788/3325 2612/3794/3330
f 2609/3763/3300 2608/3791/3327 2612/3794/3330
f 2602/3767/3304 2601/3793/3329 2612/3794/3330
f 2610/3764/3301 2609/3763/3300 2612/3794/3330
f 2603/3768/3305 2602/3767/3304 2612/3794/3330
f 2611/3770/3307 2610/3764/3301 2612/3794/3330
f 2604/3772/3309 2603/3768/3305 2612/3794/3330
f 2597/3776/3313 2596/3775/3312 2612/3794/3330
f 2596/3775/3312 2611/3770/3307 2612/3794/3330
f 2605/3778/3315 2604/3772/3309 2612/3794/3330
f 2598/3780/3317 2597/3776/3313 2612/3794/3330
f 2606/3782/3319 2605/3778/3315 2612/3794/3330
f 2599/3784/3321 2598/3780/3317 2612/3794/3330
f 2607/3786/3323 2606/3782/3319 2612/3794/3330
f 2600/3788/3325 2599/3784/3321 2612/3794/3330
f 2544/3795/3331 2546/3796/3332 2620/3797/3333 2619/3798/3334
f 2554/3799/3335 2556/3800/3336 2625/3801/3337 2624/3802/3338
f 2540/3803/3339 2542/3804/3340 2618/3805/3341 2617/3806/3342
f 2550/3807/3343 2552/3808/3344 2623/3809/3345 2622/3810/3346
f 2560/3811/3347 2562/3812/3348 2628/3813/3349 2627/3814/3350
f 2536/3815/3351 2538/3816/3352 2616/3817/3353 2615/3818/3354
f 2546/3796/3332 2548/3819/3355 2621/3820/3356 2620/3797/3333
f 2532/3821/3357 2534/3822/3358 2614/3823/3359 2613/3824/3360
f 2556/3800/3336 2558/3825/3361 2626/3826/3362 2625/3801/3337
f 2542/3804/3340 2544/3795/3331 2619/3798/3334 2618/3805/3341
f 2552/3808/3344 2554/3827/3335 2624/3828/3338 2623/3809/3345
f 2562/3812/3348 2532/3821/3357 2613/3824/3360 2628/3813/3349
f 2538/3816/3352 2540/3803/3339 2617/3806/3342 2616/3817/3353
f 2548/3819/3355 2550/3807/3343 2622/3810/3346 2621/3820/3356
f 2558/3825/3361 2560/3811/3347 2627/3814/3350 2626/3826/3362
f 2534/3822/3358 2536/3815/3351 2615/3818/3354 2614/3823/3359
f 2869/3829/3363 2855/3830/3363 2900/3831/3363 2898/3832/3363
f 2857/3833/3363 2858/3834/3363 2888/3835/3363 2901/3836/3363
f 2636/3837/3364 2635/3838/3364 2877/3839/3364 2878/3840/3364
f 2870/3841/3363 2859/3842/3363 2902/3843/3363 2899/3844/3363
f 2859/3842/3363 2857/3833/3363 2901/3836/3363 2902/3843/3363
f 2635/3838/3364 2634/3845/3364 2876/3846/3364 2877/3839/3364
f 2856/3847/3363 2860/3848/3363 2889/3849/3363 2887/3850/3363
f 2634/3845/3364 2633/3851/3364 2875/3852/3364 2876/3846/3364
f 2858/3834/3363 2861/3853/3363 2890/3854/3363 2888/3835/3363
f 2633/3851/3364 2632/3855/3364 2874/3856/3364 2875/3852/3364
f 2860/3848/3363 2862/3857/3363 2891/3858/3363 2889/3849/3363
f 2632/3855/3364 2631/3859/3364 2873/3860/3364 2874/3856/3364
f 2629/3861/3364 2644/3862/3364 2886/3863/3364 2872/3864/3364
f 2861/3853/3363 2863/3865/3363 2892/3866/3363 2890/3854/3363
f 2631/3859/3364 2630/3867/3364 2871/3868/3364 2873/3860/3364
f 2644/3862/3364 2643/3869/3364 2885/3870/3364 2886/3863/3364
f 2649/3871/3363 2647/3872/3363 2660/3873/3363 2645/3874/3363
f 2651/3875/3363 2649/3871/3363 2645/3874/3363 2920/3876/3363
f 2653/3877/3363 2651/3875/3363 2920/3876/3363 2923/3878/3363
f 2654/3879/3363 2653/3877/3363 2923/3878/3363 2656/3880/3363
f 2645/3874/3363 2660/3873/3363 2659/3881/3363 2646/3882/3363
f 2920/3876/3363 2645/3874/3363 2646/3882/3363 2921/3883/3363
f 2923/3878/3363 2920/3876/3363 2921/3883/3363 2924/3884/3363
f 2656/3880/3363 2923/3878/3363 2924/3884/3363 2658/3885/3363
f 2646/3882/3363 2659/3881/3363 2657/3886/3363 2919/3887/3363
f 2921/3883/3363 2646/3882/3363 2919/3887/3363 2922/3888/3363
f 2924/3884/3363 2921/3883/3363 2922/3888/3363 2925/3889/3363
f 2658/3885/3363 2924/3884/3363 2925/3889/3363 2661/3890/3363
f 2919/3887/3363 2657/3886/3363 2655/3891/3363 2652/3892/3363
f 2922/3888/3363 2919/3887/3363 2652/3892/3363 2650/3893/3363
f 2925/3889/3363 2922/3888/3363 2650/3893/3363 2648/3894/3363
f 2913/3895/3365 2915/3896/3366 2650/3893/3363 2652/3892/3363
f 2906/3897/3367 2908/3898/3368 2657/3886/3363 2659/3881/3363
f 2914/3899/3369 2916/3900/3370 2649/3871/3363 2651/3875/3363
f 2907/3901/3371 2909/3902/3372 2656/3880/3363 2658/3885/3363
f 2915/3896/3366 2917/3903/3373 2648/3894/3363 2650/3893/3363
f 2908/3898/3368 2910/3904/3374 2655/3891/3363 2657/3886/3363
f 2916/3900/3370 2918/3905/3375 2647/3872/3363 2649/3871/3363
f 2911/3906/3376 2912/3907/3377 2653/3877/3363 2654/3879/3363
f 2917/3903/3373 2903/3908/3378 2662/3909/3363 2648/3894/3363
f 2909/3902/3372 2911/3906/3376 2654/3879/3363 2656/3880/3363
f 2903/3908/3378 2904/3910/3379 2661/3890/3363 2662/3909/3363
f 2918/3905/3375 2905/3911/3380 2660/3873/3363 2647/3872/3363
f 2910/3904/3374 2913/3895/3365 2652/3892/3363 2655/3891/3363
f 2905/3911/3380 2906/3897/3367 2659/3881/3363 2660/3873/3363
f 2912/3907/3377 2914/3899/3369 2651/3875/3363 2653/3877/3363
f 2904/3910/3379 2907/3901/3371 2658/3885/3363 2661/3890/3363
f 2667/3912/3381 2668/3913/3382 2689/3914/3382 2687/3915/3381
f 2550/3916/3383 2548/3917/3384 2694/3918/3384 2696/3919/3383
f 2668/3913/3382 2669/3920/3385 2691/3921/3385 2689/3914/3382
f 2558/3922/3386 2556/3923/3387 2702/3924/3387 2704/3925/3386
f 2669/3920/3385 2670/3926/3388 2693/3927/3388 2691/3921/3385
f 2540/3928/3389 2538/3929/3390 2684/3930/3390 2686/3931/3389
f 2670/3926/3388 2671/3932/3391 2695/3933/3391 2693/3927/3388
f 2548/3917/3384 2546/3934/3392 2692/3935/3392 2694/3918/3384
f 2671/3932/3391 2672/3936/3393 2697/3937/3393 2695/3933/3391
f 2556/3923/3387 2554/3938/3394 2700/3939/3394 2702/3924/3387
f 2672/3936/3393 2673/3940/3395 2699/3941/3395 2697/3937/3393
f 2538/3929/3390 2536/3942/3396 2682/3943/3396 2684/3930/3390
f 2673/3940/3395 2674/3944/3397 2701/3945/3397 2699/3941/3395
f 2532/3946/3398 2562/3947/3399 2708/3948/3399 2680/3949/3398
f 2546/3934/3392 2544/3950/3400 2690/3951/3400 2692/3935/3392
f 2674/3944/3397 2675/3952/3401 2703/3953/3401 2701/3945/3397
f 2708/3954/3402 2709/3955/3403 2710/3956/3404 2680/3957/3405
f 2706/3958/3406 2707/3959/3407 2709/3955/3403 2708/3954/3402
f 2704/3960/3408 2705/3961/3409 2707/3959/3407 2706/3958/3406
f 2702/3962/3410 2703/3963/3411 2705/3961/3409 2704/3960/3408
f 2700/3964/3412 2701/3965/3413 2703/3963/3411 2702/3962/3410
f 2698/3966/3414 2699/3967/3415 2701/3968/3413 2700/3969/3412
f 2696/3970/3416 2697/3971/3417 2699/3967/3415 2698/3966/3414
f 2694/3972/3418 2695/3973/3419 2697/3971/3417 2696/3970/3416
f 2692/3974/3420 2693/3975/3421 2695/3973/3419 2694/3972/3418
f 2690/3976/3422 2691/3977/3423 2693/3975/3421 2692/3974/3420
f 2688/3978/3424 2689/3979/3424 2691/3977/3423 2690/3976/3422
f 2686/3980/3425 2687/3981/3426 2689/3979/3424 2688/3978/3424
f 2684/3982/3427 2685/3983/3428 2687/3981/3426 2686/3980/3425
f 2682/3984/3429 2683/3985/3430 2685/3983/3428 2684/3982/3427
f 2679/3986/3431 2681/3987/3432 2683/3985/3430 2682/3984/3429
f 2680/3957/3405 2710/3956/3404 2681/3987/3432 2679/3986/3431
f 2542/3988/3433 2540/3928/3389 2686/3931/3389 2688/3989/3433
f 2666/3990/3434 2667/3912/3381 2687/3915/3381 2685/3991/3434
f 2560/3992/3435 2558/3922/3386 2704/3925/3386 2706/3993/3435
f 2534/3994/3436 2532/3946/3398 2680/3949/3398 2679/3995/3436
f 2665/3996/3437 2666/3990/3434 2685/3991/3434 2683/3997/3437
f 2678/3998/3438 2663/3999/3439 2710/4000/3439 2709/4001/3438
f 2552/4002/3440 2550/3916/3383 2696/3919/3383 2698/4003/3440
f 2664/4004/3441 2665/3996/3437 2683/3997/3437 2681/4005/3441
f 2677/4006/3442 2678/3998/3438 2709/4001/3438 2707/4007/3442
f 2544/3950/3400 2542/3988/3433 2688/3989/3433 2690/3951/3400
f 2663/3999/3439 2664/4004/3441 2681/4005/3441 2710/4000/3439
f 2562/3947/3399 2560/3992/3435 2706/3993/3435 2708/3948/3399
f 2676/4008/3443 2677/4006/3442 2707/4007/3442 2705/4009/3443
f 2536/3942/3396 2534/3994/3436 2679/3995/3436 2682/3943/3396
f 2675/3952/3401 2676/4008/3443 2705/4009/3443 2703/3953/3401
f 2554/3938/3394 2552/4002/3440 2698/4003/3440 2700/3939/3394
f 2559/4010/3444 2557/4011/3445 2739/4012/3446 2740/4013/3447
f 2541/4014/3448 2539/4015/3449 2730/4016/3449 2731/4017/3448
f 2715/4018/3450 2725/4019/3451 2751/4020/3452 2745/4021/3453
f 2549/4022/3454 2547/4023/3455 2734/4024/3455 2735/4025/3454
f 2726/4026/3456 2712/4027/3457 2752/4028/3457 2758/4029/3456
f 2717/4030/3458 2714/4031/3459 2753/4032/3459 2746/4033/3458
f 2557/4011/3445 2555/4034/3460 2738/4035/3461 2739/4012/3446
f 2539/4015/3449 2537/4036/3462 2729/4037/3462 2730/4016/3449
f 2719/4038/3463 2716/4039/3464 2754/4040/3465 2747/4041/3466
f 2533/4042/3467 2563/4043/3468 2742/4044/3468 2727/4045/3469
f 2547/4023/3455 2545/4046/3470 2733/4047/3470 2734/4024/3455
f 2721/4048/3471 2726/4026/3456 2758/4029/3456 2748/4049/3471
f 2723/4050/3472 2718/4051/3473 2755/4052/3473 2749/4053/3472
f 2555/4034/3460 2553/4054/3474 2737/4055/3474 2738/4035/3461
f 2537/4036/3462 2535/4056/3475 2728/4057/3475 2729/4037/3462
f 2712/4027/3457 2711/4058/3476 2743/4059/3476 2752/4028/3457
f 2741/4060/3477 2740/4061/3478 2751/4062/3479 2757/4063/3480
f 2736/4064/3481 2735/4065/3482 2750/4066/3483 2756/4067/3484
f 2731/4068/3485 2730/4069/3486 2749/4070/3487 2755/4071/3488
f 2727/4072/3489 2742/4073/3490 2748/4074/3491 2758/4075/3492
f 2738/4076/3493 2737/4077/3494 2747/4078/3495 2754/4079/3496
f 2733/4080/3497 2732/4081/3498 2746/4082/3498 2753/4083/3497
f 2728/4084/3499 2727/4072/3489 2758/4075/3492 2752/4085/3500
f 2740/4061/3478 2739/4086/3501 2745/4087/3502 2751/4062/3479
f 2735/4065/3482 2734/4088/3503 2744/4089/3504 2750/4066/3483
f 2730/4069/3486 2729/4090/3505 2743/4091/3506 2749/4070/3487
f 2742/4073/3490 2741/4060/3477 2757/4063/3480 2748/4074/3491
f 2737/4077/3494 2736/4064/3481 2756/4067/3484 2747/4078/3495
f 2732/4081/3498 2731/4068/3485 2755/4071/3488 2746/4082/3498
f 2739/4086/3501 2738/4092/3493 2754/4093/3496 2745/4087/3502
f 2734/4088/3503 2733/4080/3497 2753/4083/3497 2744/4089/3504
f 2729/4090/3505 2728/4084/3499 2752/4085/3500 2743/4091/3506
f 2713/4094/3507 2724/4095/3508 2750/4096/3508 2744/4097/3507
f 2711/4058/3476 2723/4050/3472 2749/4053/3472 2743/4059/3476
f 2551/4098/3509 2549/4022/3454 2735/4025/3454 2736/4099/3509
f 2722/4100/3510 2721/4048/3471 2748/4049/3471 2757/4101/3511
f 2543/4102/3512 2541/4014/3448 2731/4017/3448 2732/4103/3512
f 2561/4104/3513 2559/4010/3444 2740/4013/3447 2741/4105/3514
f 2720/4106/3515 2719/4038/3463 2747/4041/3466 2756/4107/3515
f 2718/4051/3473 2717/4030/3458 2746/4033/3458 2755/4052/3473
f 2535/4056/3475 2533/4042/3467 2727/4045/3469 2728/4057/3475
f 2553/4054/3474 2551/4098/3509 2736/4099/3509 2737/4055/3474
f 2716/4039/3464 2715/4018/3450 2745/4021/3453 2754/4040/3465
f 2725/4019/3451 2722/4100/3510 2757/4101/3511 2751/4020/3452
f 2545/4046/3470 2543/4102/3512 2732/4103/3512 2733/4047/3470
f 2563/4043/3468 2561/4104/3513 2741/4105/3514 2742/4044/3468
f 2714/4031/3459 2713/4094/3507 2744/4097/3507 2753/4032/3459
f 2724/4095/3508 2720/4106/3515 2756/4107/3515 2750/4096/3508
f 2567/4108/3516 2566/4109/3517 2777/4110/3517 2778/4111/3516
f 2770/4112/3518 2772/4113/3519 2802/4114/3519 2800/4115/3518
f 2564/4116/3520 2579/4117/3521 2790/4118/3522 2775/4119/3520
f 2566/4109/3517 2565/4120/3523 2776/4121/3523 2777/4110/3517
f 2771/4122/3524 2773/4123/3525 2803/4124/3526 2801/4125/3524
f 2579/4117/3521 2578/4126/3527 2789/4127/3527 2790/4118/3522
f 2565/4120/3523 2564/4116/3520 2775/4119/3520 2776/4121/3523
f 2772/4113/3519 2760/4128/3528 2804/4129/3528 2802/4114/3519
f 2578/4126/3527 2577/4130/3529 2788/4131/3530 2789/4127/3527
f 2760/4128/3528 2759/4132/3531 2791/4133/3532 2804/4129/3528
f 2774/4134/3533 2762/4135/3534 2805/4136/3534 2806/4137/3533
f 2577/4130/3529 2576/4138/3535 2787/4139/3536 2788/4131/3530
f 2762/4135/3534 2761/4140/3537 2792/4141/3537 2805/4136/3534
f 2773/4123/3525 2774/4134/3533 2806/4137/3533 2803/4124/3526
f 2576/4138/3535 2575/4142/3538 2786/4143/3539 2787/4139/3536
f 2759/4132/3531 2763/4144/3540 2793/4145/3541 2791/4133/3532
f 2775/4146/3542 2790/4147/3543 2803/4148/3544 2806/4149/3545
f 2776/4150/3546 2775/4146/3542 2806/4149/3545 2805/4151/3547
f 2783/4152/3548 2782/4153/3549 2802/4154/3549 2804/4155/3550
f 2790/4147/3543 2789/4156/3551 2801/4157/3552 2803/4148/3544
f 2782/4153/3549 2781/4158/3553 2800/4159/3554 2802/4154/3549
f 2789/4156/3551 2788/4160/3555 2799/4161/3556 2801/4157/3552
f 2781/4158/3553 2780/4162/3557 2798/4163/3557 2800/4159/3554
f 2788/4160/3555 2787/4164/3558 2797/4165/3559 2799/4161/3556
f 2780/4162/3557 2779/4166/3560 2796/4167/3561 2798/4163/3557
f 2787/4164/3558 2786/4168/3562 2795/4169/3563 2797/4165/3559
f 2779/4166/3560 2778/4170/3564 2794/4171/3565 2796/4167/3561
f 2786/4172/3562 2785/4173/3566 2793/4174/3567 2795/4175/3563
f 2778/4170/3564 2777/4176/3568 2792/4177/3569 2794/4171/3565
f 2785/4173/3566 2784/4178/3570 2791/4179/3571 2793/4174/3567
f 2777/4176/3568 2776/4150/3546 2805/4151/3547 2792/4177/3569
f 2784/4178/3570 2783/4152/3548 2804/4155/3550 2791/4179/3571
f 2769/4180/3572 2771/4122/3524 2801/4125/3524 2799/4181/3573
f 2568/4182/3574 2567/4108/3516 2778/4111/3516 2779/4183/3574
f 2768/4184/3575 2770/4112/3518 2800/4115/3518 2798/4185/3575
f 2569/4186/3576 2568/4182/3574 2779/4183/3574 2780/4187/3576
f 2767/4188/3577 2769/4180/3572 2799/4181/3573 2797/4189/3578
f 2570/4190/3579 2569/4186/3576 2780/4187/3576 2781/4191/3579
f 2766/4192/3580 2768/4184/3575 2798/4185/3575 2796/4193/3580
f 2571/4194/3581 2570/4190/3579 2781/4191/3579 2782/4195/3581
f 2765/4196/3582 2767/4188/3577 2797/4189/3578 2795/4197/3583
f 2572/4198/3584 2571/4194/3581 2782/4195/3581 2783/4199/3584
f 2764/4200/3585 2766/4192/3580 2796/4193/3580 2794/4201/3585
f 2573/4202/3586 2572/4198/3584 2783/4199/3584 2784/4203/3586
f 2763/4144/3540 2765/4196/3582 2795/4197/3583 2793/4145/3541
f 2574/4204/3587 2573/4202/3586 2784/4203/3586 2785/4205/3588
f 2761/4140/3537 2764/4200/3585 2794/4201/3585 2792/4141/3537
f 2575/4142/3538 2574/4204/3587 2785/4205/3588 2786/4143/3539
f 2593/4206/3589 2592/4207/3590 2835/4208/3591 2836/4209/3592
f 2819/3785/3593 2821/3789/3594 2850/4210/3595 2848/4211/3596
f 2592/4207/3590 2591/4212/3597 2834/4213/3598 2835/4208/3591
f 2820/3787/3599 2822/3792/3600 2851/4214/3600 2849/4215/3599
f 2591/4212/3597 2590/4216/3601 2833/4217/3601 2834/4213/3598
f 2808/3762/3602 2807/3761/3603 2839/4218/3603 2852/4219/3604
f 2821/3789/3594 2808/3762/3602 2852/4219/3604 2850/4210/3595
f 2590/4216/3601 2589/4220/3605 2832/4221/3605 2833/4217/3601
f 2810/3766/3606 2809/3765/3607 2840/4222/3607 2853/4223/3606
f 2822/3792/3600 2810/3766/3606 2853/4223/3606 2851/4214/3600
f 2589/4220/3605 2588/4224/3608 2831/4225/3608 2832/4221/3605
f 2807/3761/3603 2811/3769/3609 2841/4226/3610 2839/4218/3603
f 2588/4224/3608 2587/4227/3611 2830/4228/3611 2831/4225/3608
f 2809/3765/3607 2812/3771/3612 2842/4229/3612 2840/4222/3607
f 2587/4227/3611 2586/4230/3613 2829/4231/3613 2830/4228/3611
f 2814/3774/3614 2813/3773/3615 2843/4232/3615 2854/4233/3614
f 2829/4234/3616 2828/4235/3617 2851/4214/3618 2853/4223/3619
f 2836/4236/3620 2835/4237/3621 2850/4210/3622 2852/4219/3623
f 2828/4235/3617 2827/4238/3624 2849/4215/3625 2851/4214/3618
f 2835/4237/3621 2834/4239/3626 2848/4211/3627 2850/4210/3622
f 2827/4238/3624 2826/4240/3628 2847/4241/3629 2849/4215/3625
f 2834/4242/3626 2833/4243/3630 2846/4244/3631 2848/4211/3627
f 2826/4240/3628 2825/4245/3632 2845/4246/3633 2847/4241/3629
f 2833/4243/3630 2832/4247/3634 2844/4248/3635 2846/4244/3631
f 2825/4245/3632 2824/4249/3636 2843/4232/3637 2845/4246/3633
f 2832/4247/3634 2831/4250/3638 2842/4229/3639 2844/4248/3635
f 2823/4251/3640 2838/4252/3641 2841/4226/3642 2854/4233/3643
f 2824/4249/3636 2823/4251/3640 2854/4233/3643 2843/4232/3637
f 2831/4250/3638 2830/4253/3644 2840/4222/3644 2842/4229/3639
f 2838/4252/3641 2837/4254/3645 2839/4218/3646 2841/4226/3642
f 2830/4253/3644 2829/4234/3616 2853/4223/3619 2840/4222/3644
f 2837/4254/3645 2836/4236/3620 2852/4219/3623 2839/4218/3646
f 2818/3783/3647 2820/3787/3599 2849/4215/3599 2847/4241/3647
f 2594/4255/3648 2593/4206/3589 2836/4209/3592 2837/4256/3648
f 2817/3781/3649 2819/3785/3593 2848/4211/3596 2846/4244/3649
f 2581/4257/3650 2580/4258/3651 2823/4259/3651 2824/4260/3650
f 2595/4261/3652 2594/4255/3648 2837/4256/3648 2838/4262/3653
f 2816/3779/3654 2818/3783/3647 2847/4241/3647 2845/4246/3654
f 2582/4263/3655 2581/4257/3650 2824/4260/3650 2825/4264/3655
f 2580/4258/3651 2595/4261/3652 2838/4262/3653 2823/4259/3651
f 2815/3777/3656 2817/3781/3649 2846/4244/3649 2844/4248/3657
f 2583/4265/3658 2582/4263/3655 2825/4264/3655 2826/4266/3658
f 2813/3773/3615 2816/3779/3654 2845/4246/3654 2843/4232/3615
f 2584/4267/3659 2583/4265/3658 2826/4266/3658 2827/4268/3659
f 2812/3771/3612 2815/3777/3656 2844/4248/3657 2842/4229/3612
f 2585/4269/3660 2584/4267/3659 2827/4268/3659 2828/4270/3660
f 2811/3769/3609 2814/3774/3614 2854/4233/3614 2841/4226/3610
f 2586/4230/3613 2585/4269/3660 2828/4270/3660 2829/4231/3613
f 2627/3814/3350 2628/3813/3349 2859/4271/3661 2870/4272/3662
f 2619/3798/3334 2620/3797/3333 2855/4273/3663 2869/4274/3664
f 2626/3826/3362 2627/3814/3350 2870/4272/3662 2868/4275/3665
f 2618/3805/3341 2619/3798/3334 2869/4274/3664 2867/4276/3666
f 2625/3801/3337 2626/3826/3362 2868/4275/3665 2866/4277/3667
f 2617/3806/3342 2618/3805/3341 2867/4276/3666 2865/4278/3668
f 2624/3802/3338 2625/3801/3337 2866/4277/3667 2864/4279/3669
f 2616/3817/3353 2617/3806/3342 2865/4278/3668 2863/4280/3670
f 2623/3809/3345 2624/3828/3338 2864/4281/3669 2862/4282/3671
f 2615/3818/3354 2616/3817/3353 2863/4280/3670 2861/4283/3672
f 2622/3810/3346 2623/3809/3345 2862/4282/3671 2860/4284/3673
f 2614/3823/3359 2615/3818/3354 2861/4283/3672 2858/4285/3674
f 2621/3820/3356 2622/3810/3346 2860/4284/3673 2856/4286/3675
f 2628/3813/3349 2613/3824/3360 2857/4287/3676 2859/4271/3661
f 2613/3824/3360 2614/3823/3359 2858/4285/3674 2857/4287/3676
f 2620/3797/3333 2621/3820/3356 2856/4286/3675 2855/4273/3663
f 2900/4288/3677 2887/4289/3678 2879/4290/3678 2878/4291/3677
f 2901/4292/3679 2888/4293/3680 2871/4294/3680 2872/4295/3679
f 2902/4296/3681 2901/4292/3679 2872/4295/3679 2886/4297/3681
f 2887/4289/3678 2889/4298/3682 2880/4299/3682 2879/4290/3678
f 2888/4293/3680 2890/4300/3683 2873/4301/3683 2871/4294/3680
f 2889/4298/3682 2891/4302/3684 2881/4303/3684 2880/4299/3682
f 2890/4300/3683 2892/4304/3685 2874/4305/3685 2873/4301/3683
f 2891/4302/3684 2893/4306/3686 2882/4307/3686 2881/4303/3684
f 2892/4304/3685 2894/4308/3687 2875/4309/3687 2874/4305/3685
f 2893/4310/3686 2895/4311/3688 2883/4312/3688 2882/4313/3686
f 2894/4308/3687 2896/4314/3689 2876/4315/3689 2875/4309/3687
f 2895/4311/3688 2897/4316/3690 2884/4317/3691 2883/4312/3688
f 2896/4314/3689 2898/4318/3692 2877/4319/3692 2876/4315/3689
f 2897/4316/3690 2899/4320/3693 2885/4321/3693 2884/4317/3691
f 2898/4318/3692 2900/4288/3677 2878/4291/3677 2877/4319/3692
f 2899/4320/3693 2902/4296/3681 2886/4297/3681 2885/4321/3693
f 2637/4322/3364 2636/3837/3364 2878/3840/3364 2879/4323/3364
f 2855/3830/3363 2856/3847/3363 2887/3850/3363 2900/3831/3363
f 2868/4324/3363 2870/3841/3363 2899/3844/3363 2897/4325/3363
f 2638/4326/3364 2637/4322/3364 2879/4323/3364 2880/4327/3364
f 2867/4328/3363 2869/3829/3363 2898/3832/3363 2896/4329/3363
f 2639/4330/3364 2638/4326/3364 2880/4327/3364 2881/4331/3364
f 2866/4332/3363 2868/4324/3363 2897/4325/3363 2895/4333/3363
f 2640/4334/3364 2639/4330/3364 2881/4331/3364 2882/4335/3364
f 2865/4336/3363 2867/4328/3363 2896/4329/3363 2894/4337/3363
f 2641/4338/3364 2640/4334/3364 2882/4335/3364 2883/4339/3364
f 2864/4340/3363 2866/4332/3363 2895/4333/3363 2893/4341/3363
f 2642/4342/3364 2641/4338/3364 2883/4339/3364 2884/4343/3364
f 2863/3865/3363 2865/4336/3363 2894/4337/3363 2892/3866/3363
f 2643/3869/3364 2642/4342/3364 2884/4343/3364 2885/3870/3364
f 2630/3867/3364 2629/3861/3364 2872/3864/3364 2871/3868/3364
f 2862/3857/3363 2864/4340/3363 2893/4341/3363 2891/3858/3363
f 2633/4344/3694 2634/4345/3695 2905/4346/3380 2918/4347/3375
f 2640/4348/3696 2641/4349/3697 2903/4350/3378 2917/4351/3373
f 2632/4352/3698 2633/4344/3694 2918/4347/3375 2916/4353/3370
f 2639/4354/3699 2640/4355/3696 2917/4356/3373 2915/4357/3366
f 2631/4358/3700 2632/4352/3698 2916/4353/3370 2914/4359/3369
f 2638/4360/3701 2639/4354/3699 2915/4357/3366 2913/4361/3365
f 2630/4362/3702 2631/4358/3700 2914/4359/3369 2912/4363/3377
f 2637/4364/3703 2638/4360/3701 2913/4361/3365 2910/4365/3374
f 2644/4366/3704 2629/4367/3705 2911/4368/3376 2909/4369/3372
f 2629/4367/3705 2630/4362/3702 2912/4363/3377 2911/4368/3376
f 2636/4370/3706 2637/4364/3703 2910/4365/3374 2908/4371/3368
f 2643/4372/3707 2644/4366/3704 2909/4369/3372 2907/4373/3371
f 2635/4374/3708 2636/4370/3706 2908/4371/3368 2906/4375/3367
f 2642/4376/3709 2643/4372/3707 2907/4373/3371 2904/4377/3379
f 2634/4345/3695 2635/4374/3708 2906/4375/3367 2905/4346/3380
f 2641/4349/3697 2642/4376/3709 2904/4377/3379 2903/4350/3378
f 2661/3890/3363 2925/3889/3363 2648/3894/3363 2662/3909/3363
f 2718/3706/3247 2723/3717/3258 2567/3718/3259 2568/3707/3248
f 2939/3692/3234 2926/3663/3210 2956/4378/3710 2955/4379/3711
f 2938/3690/3232 2939/3692/3234 2955/4379/3711 2954/4380/3712
f 2937/3688/3230 2938/3690/3232 2954/4380/3712 2953/4381/3713
f 2936/3686/3228 2937/3688/3230 2953/4381/3713 2952/4382/3714
f 2935/3683/3226 2936/3686/3228 2952/4382/3714 2951/4383/3715
f 2934/3660/3207 2935/3682/3226 2951/4384/3715 2950/3661/3208
f 2931/3674/3221 2932/3590/3148 2949/3589/3147 2948/4385/3716
f 2930/3672/3219 2931/3674/3221 2948/4385/3716 2947/4386/3717
f 2929/3670/3217 2930/3672/3219 2947/4386/3717 2946/4387/3718
f 2928/3668/3215 2929/3670/3217 2946/4387/3718 2945/4388/3719
f 2927/3666/3213 2928/3668/3215 2945/4388/3719 2944/4389/3720
f 2956/4378/3710 2926/3663/3210 2927/3666/3213 2944/4389/3720
f 2939/3692/3234 2563/3691/3233 2533/3664/3211 2926/3663/3210
f 2577/3720/3261 2578/3715/3256 2722/3714/3255 2725/3719/3260
f 2549/4390/3721 2933/4391/3722 2941/3591/3149 2547/4392/3723
f 2551/4393/3724 2940/3659/3206 2933/4391/3722 2549/4390/3721
f 2551/4393/3724 2553/3680/3224 2934/3660/3207 2940/3659/3206
f 2545/3675/3222 2547/4392/3723 2941/3591/3149 2932/3590/3148
f 2671/4394/3725 2670/4395/3726 2943/3592/3150 2957/4396/3727
f 2669/4397/3728 2949/3589/3147 2943/3592/3150 2670/4395/3726
f 2664/4398/3729 2944/4389/3720 2945/4388/3719 2665/4399/3730
f 2665/4399/3730 2945/4388/3719 2946/4387/3718 2666/4400/3731
f 2666/4400/3731 2946/4387/3718 2947/4386/3717 2667/4401/3732
f 2667/4401/3732 2947/4386/3717 2948/4385/3716 2668/4402/3733
f 2668/4402/3733 2948/4385/3716 2949/3589/3147 2669/4397/3728
f 2673/4403/3734 2950/3661/3208 2951/4384/3715 2674/4404/3735
f 2674/4405/3735 2951/4383/3715 2952/4382/3714 2675/4406/3736
f 2675/4406/3736 2952/4382/3714 2953/4381/3713 2676/4407/3737
f 2676/4407/3737 2953/4381/3713 2954/4380/3712 2677/4408/3738
f 2677/4408/3738 2954/4380/3712 2955/4379/3711 2678/4409/3739
f 2678/4409/3739 2955/4379/3711 2956/4378/3710 2663/4410/3740
f 2672/4411/3741 2942/3662/3209 2950/3661/3208 2673/4403/3734
f 2672/4411/3741 2671/4394/3725 2957/4396/3727 2942/3662/3209
f 2663/4410/3740 2956/4378/3710 2944/4389/3720 2664/4398/3729
f 2411/3518/3076 2404/3529/3087 2527/3528/3086 2412/3519/3077
f 2957/4412/3742 2530/4413/3743 2459/3646/3744 2942/3645/3744
f 2943/3677/3745 2473/3676/3745 2530/4413/3743 2957/4412/3742
f 2940/3644/3746 2528/3643/3746 2529/4414/3747 2933/4415/3747
f 2933/4415/3747 2529/4414/3747 2531/3679/3748 2941/3678/3748
f 2427/3554/3112 2419/3517/3075 2420/3516/3074 2428/3553/3111
f 2713/3694/3236 2714/3723/3264 2570/3724/3265 2571/3695/3236
o Cube.004
v -0.042434 0.474462 -0.037516
v -0.135643 0.474462 -0.190819
v -0.042434 0.616174 -0.037516
v -0.135643 0.616174 -0.190819
v 0.106531 0.616174 -0.338062
v 0.199740 0.616174 -0.184759
v -0.014556 0.474462 -0.264440
v 0.078653 0.474462 -0.111137
v 0.078653 0.757886 -0.111137
v -0.014556 0.616174 -0.264440
v 0.077280 0.726571 -0.113396
v 0.077280 0.505777 -0.113396
v 0.176047 0.616174 -0.173447
v 0.147118 0.538112 -0.155859
v -0.021487 0.616174 -0.053345
v 0.007441 0.538111 -0.070934
v 0.117645 0.616174 -0.269501
v 0.017505 0.616174 -0.211710
v 0.018878 0.726571 -0.209451
v 0.088717 0.694237 -0.251913
v 0.018878 0.505777 -0.209451
v 0.088717 0.538112 -0.251913
v -0.079889 0.616174 -0.149400
v -0.050961 0.694237 -0.166988
v -0.050961 0.538111 -0.166988
v 0.037326 0.757886 -0.086010
v -0.042434 0.664541 -0.037516
v 0.007437 0.694242 -0.070931
v -0.019073 0.730545 -0.051719
v 0.199740 0.664541 -0.184759
v 0.119981 0.757886 -0.136265
v 0.147123 0.694242 -0.155861
v 0.176379 0.730545 -0.170555
v 0.106531 0.664541 -0.338062
v 0.135541 0.474462 -0.145725
v 0.199740 0.549597 -0.184759
v 0.106531 0.549597 -0.338062
v 0.042331 0.474462 -0.299028
v 0.017560 0.757886 -0.211618
v -0.014556 0.696066 -0.264440
v 0.005270 0.753180 -0.231832
v -0.005149 0.739779 -0.248969
v -0.012111 0.719723 -0.260420
v -0.023767 0.757886 -0.186491
v -0.046953 0.719723 -0.239236
v -0.043400 0.739779 -0.225713
v -0.035258 0.753180 -0.207191
v -0.080166 0.730545 -0.152200
v -0.135643 0.664541 -0.190819
v -0.094234 0.725521 -0.171333
v -0.109718 0.711213 -0.185391
v -0.124258 0.689800 -0.192234
v 0.058888 0.757886 -0.236746
v 0.022730 0.719723 -0.281603
v 0.033101 0.739779 -0.272225
v 0.045797 0.753180 -0.256473
v 0.115286 0.730545 -0.271036
v 0.100036 0.689800 -0.328606
v 0.099419 0.711213 -0.312547
v 0.104774 0.725521 -0.292331
v -0.103527 0.474462 -0.137997
v -0.103527 0.616174 -0.137997
v -0.103527 0.664541 -0.137997
v 0.074448 0.474462 -0.246206
v 0.017560 0.474462 -0.211618
v 0.138647 0.549597 -0.285240
v 0.138647 0.616174 -0.285240
v 0.138647 0.664541 -0.285240
vn -0.8545 -0.0000 0.5195
vn 0.8545 -0.0000 -0.5195
vn 0.8399 0.1839 -0.5107
vn 0.8380 0.1951 -0.5095
vn 0.5709 -0.0048 0.8210
vn 0.5523 -0.0388 0.8327
vn 0.5696 -0.0234 0.8216
vn -0.0000 -1.0000 -0.0000
vn 0.5186 -0.0609 0.8529
vn 0.5366 -0.0552 0.8421
vn 0.5459 0.0296 0.8374
vn 0.5449 0.0305 0.8379
vn 0.4458 -0.0090 0.8951
vn 0.4673 -0.0234 0.8838
vn 0.4851 -0.0388 0.8736
vn 0.4546 -0.0019 0.8907
vn 0.3143 0.9299 -0.1911
vn -0.7839 -0.3979 0.4767
vn -0.1667 0.9808 0.1014
vn -0.2139 0.9767 0.0196
vn -0.3719 0.9210 0.1162
vn -0.3270 0.9239 0.1988
vn 0.5003 0.0526 0.8643
vn 0.4681 0.0305 0.8832
vn 0.4831 0.0415 0.8746
vn 0.5007 -0.0552 0.8639
vn 0.5515 -0.0383 0.8333
vn -0.5195 -0.0000 -0.8545
vn -0.5316 0.0574 -0.8451
vn -0.5167 0.1038 -0.8498
vn 0.1158 0.9767 -0.1809
vn -0.0509 0.9952 -0.0838
vn -0.0000 1.0000 -0.0000
vn 0.1667 0.9808 -0.1014
vn 0.7839 0.3979 -0.4766
vn 0.7839 -0.3979 -0.4766
vn 0.5165 0.0543 0.8545
vn 0.5056 0.0169 0.8626
vn 0.5056 -0.0000 0.8627
vn 0.5195 -0.0000 0.8545
vn 0.5194 0.0169 0.8543
vn 0.5056 -0.0169 0.8626
vn 0.5194 -0.0169 0.8543
vn 0.5332 -0.0169 0.8458
vn 0.5333 -0.0000 0.8459
vn 0.5332 0.0169 0.8458
vn 0.3143 -0.9299 -0.1911
vn -0.3143 -0.9299 0.1911
vn -0.3143 0.9299 0.1911
vn -0.7839 0.3979 0.4766
vn -0.8380 0.1951 0.5095
vn 0.4860 -0.0383 0.8731
vn -0.7894 0.3827 0.4800
vn 0.3270 0.9239 -0.1988
vn 0.2744 0.9210 -0.2767
vn 0.7894 0.3827 -0.4800
vn -0.5056 0.0574 -0.8608
vn 0.6042 -0.7071 -0.3674
vn -0.5722 0.2844 -0.7693
vn -0.5363 0.3881 -0.7496
vn -0.5782 0.6444 -0.5004
vn -0.4689 0.7128 -0.5215
vn -0.4904 0.8574 -0.1561
vn -0.3410 0.9133 -0.2226
vn -0.4187 0.3881 -0.8210
vn -0.4197 0.2844 -0.8620
vn -0.2472 0.7128 -0.6563
vn -0.1782 0.6444 -0.7436
vn -0.0407 0.9133 -0.4052
vn 0.0871 0.8574 -0.5072
vn -0.4800 0.3827 -0.7894
vn -0.3674 0.7071 -0.6042
vn -0.1988 0.9239 -0.3270
vn -0.8399 0.1839 0.5107
vt 0.606833 0.675878
vt 0.606833 0.651996
vt 0.661580 0.651996
vt 0.661580 0.675878
vt 0.529570 0.702823
vt 0.529570 0.718982
vt 0.508917 0.718982
vt 0.508917 0.702823
vt 0.442934 0.866203
vt 0.428733 0.888182
vt 0.426075 0.867741
vt 0.438461 0.859480
vt 0.529570 0.575494
vt 0.529570 0.622838
vt 0.508917 0.622838
vt 0.508917 0.575494
vt 0.426365 0.919982
vt 0.418111 0.907594
vt 0.434409 0.914618
vt 0.468685 0.861542
vt 0.474747 0.835319
vt 0.486860 0.932076
vt 0.474472 0.940328
vt 0.456629 0.930020
vt 0.482379 0.925358
vt 0.470668 0.239552
vt 0.462924 0.208609
vt 0.491848 0.213269
vt 0.492834 0.223215
vt 0.529570 0.680580
vt 0.508917 0.680580
vt 0.515441 0.172057
vt 0.539058 0.196402
vt 0.515192 0.210135
vt 0.507279 0.204907
vt 0.969910 0.633720
vt 0.934518 0.635654
vt 0.930378 0.614621
vt 0.968038 0.610699
vt 0.510299 0.888634
vt 0.503895 0.920696
vt 0.496569 0.903377
vt 0.434628 0.932364
vt 0.413845 0.886020
vt 0.884202 0.606912
vt 0.899325 0.607225
vt 0.906984 0.650171
vt 0.883436 0.650613
vt 0.935009 0.663609
vt 0.935040 0.649649
vt 0.970520 0.649117
vt 0.970502 0.664454
vt 0.839687 0.651427
vt 0.840181 0.672362
vt 0.839687 0.606912
vt 0.495529 0.254798
vt 0.500229 0.229344
vt 0.522258 0.249659
vt 0.510107 0.228540
vt 0.490896 0.876949
vt 0.498936 0.871583
vt 0.498145 0.205588
vt 0.503904 0.216891
vt 0.515612 0.220146
vt 0.544601 0.228158
vt 0.480634 0.179692
vt 0.661580 0.606566
vt 0.680265 0.606566
vt 0.680265 0.651996
vt 0.452902 0.944591
vt 0.707865 0.606566
vt 0.707865 0.651996
vt 0.969160 0.687145
vt 0.931810 0.684937
vt 0.527998 0.728116
vt 0.900886 0.693499
vt 0.885751 0.694339
vt 0.469629 0.645081
vt 0.508917 0.645081
vt 0.469629 0.680580
vt 0.529570 0.645081
vt 0.907075 0.610855
vt 0.914235 0.638342
vt 0.914900 0.613693
vt 0.921039 0.637319
vt 0.922717 0.615101
vt 0.927735 0.636438
vt 0.914665 0.661727
vt 0.908518 0.689577
vt 0.921505 0.662490
vt 0.916265 0.686446
vt 0.928223 0.663107
vt 0.924068 0.684745
vt 0.914191 0.650037
vt 0.921128 0.649908
vt 0.928032 0.649778
vt 0.680265 0.675878
vt 0.606833 0.606566
vt 0.699781 0.668883
vt 0.690827 0.674060
vt 0.469629 0.622838
vt 0.469629 0.575494
vt 0.469629 0.702823
vt 0.508917 0.742850
vt 0.469629 0.742850
vt 0.469629 0.718982
vt 0.523521 0.735859
vt 0.516820 0.741033
vt 0.705764 0.661135
vt 0.864828 0.695328
s 1
usemtl Material.002
f 2959/4416/3749 3018/4417/3749 3019/4418/3749 2961/4419/3749
f 2962/4420/3750 2991/4421/3751 3025/4422/3752 3024/4423/3750
f 2972/4424/3753 2985/4425/3754 2984/4426/3755 2960/4427/3753
f 2959/4428/3756 2964/4429/3756 3022/4430/3756 3018/4431/3756
f 2966/4432/3757 2983/4433/3758 2985/4425/3754 2968/4434/3757
f 2973/4435/3759 2972/4424/3753 2960/4427/3753 2958/4436/3760
f 2963/4437/3761 2987/4438/3762 2989/4439/3763 2970/4440/3764
f 2973/4441/3765 2969/4442/3765 2978/4443/3765 2982/4444/3765
f 2994/4445/3750 2962/4420/3750 3024/4423/3750 3023/4446/3750
f 2970/4447/3766 2989/4448/3766 2977/4449/3766 2974/4450/3766
f 2983/4451/3767 3001/4452/3768 3005/4453/3769 2986/4454/3770
f 2992/4455/3771 2993/4456/3772 2970/4440/3764 2971/4457/3773
f 2966/4432/3757 2968/4434/3757 2989/4439/3763 2988/4458/3774
f 2986/4459/3775 2984/4426/3755 2985/4425/3754 2983/4433/3758
f 2961/4460/3776 3006/4461/3777 2997/4462/3778 2967/4463/3776
f 3010/4464/3779 2996/4465/3780 2966/4466/3781 2988/4467/3782
f 2964/4468/3776 2967/4463/3776 2995/4469/3776
f 2959/4470/3776 2961/4460/3776 2967/4463/3776 2964/4468/3776
f 2972/4471/3783 2973/4441/3783 2982/4444/3783 2980/4472/3783
f 2985/4473/3784 2972/4471/3784 2980/4472/3784 2981/4474/3784
f 2992/4455/3771 2971/4457/3773 2969/4475/3785 2965/4476/3785
f 2979/4477/3786 2974/4450/3787 2975/4478/3788 2978/4443/3789
f 2974/4450/3787 2977/4449/3790 2976/4479/3791 2975/4478/3788
f 2975/4478/3788 2976/4479/3791 2981/4474/3792 2980/4472/3793
f 2978/4443/3789 2975/4478/3788 2980/4472/3793 2982/4444/3794
f 2968/4480/3795 2985/4473/3795 2981/4474/3795 2976/4479/3795
f 2989/4448/3796 2968/4480/3796 2976/4479/3796 2977/4449/3796
f 2969/4442/3797 2971/4481/3797 2979/4477/3797 2978/4443/3797
f 2971/4481/3798 2970/4447/3798 2974/4450/3798 2979/4477/3798
f 2960/4482/3749 2984/4483/3799 3020/4484/3799 3019/4418/3749
f 2990/4485/3800 2988/4458/3774 2989/4439/3763 2987/4438/3762
f 2986/4486/3801 3005/4487/3801 3020/4484/3799 2984/4483/3799
f 3010/4464/3779 2988/4467/3782 2990/4488/3802 3014/4489/3803
f 2991/4421/3751 3015/4490/3804 3025/4422/3752
f 2967/4463/3776 2997/4462/3778 2991/4491/3805 2962/4492/3776
f 2992/4493/3806 3021/4494/3806 3023/4446/3806 2993/4495/3806
f 2964/4429/3756 2995/4496/3756 3021/4494/3756 3022/4430/3756
f 2997/4462/3778 3006/4461/3777 3009/4497/3807 3002/4498/3808
f 3002/4498/3808 3009/4497/3807 3008/4499/3809 3003/4500/3810
f 3003/4500/3810 3008/4499/3809 3007/4501/3811 3004/4502/3812
f 3004/4502/3812 3007/4501/3811 3005/4453/3769 3001/4452/3768
f 2991/4491/3805 2997/4462/3778 3011/4503/3813 3015/4504/3814
f 3015/4504/3814 3011/4503/3813 3012/4505/3815 3016/4506/3816
f 3016/4506/3816 3012/4505/3815 3013/4507/3817 3017/4508/3818
f 3017/4508/3818 3013/4507/3817 3010/4464/3779 3014/4489/3803
f 2997/4462/3778 3002/4498/3808 3000/4509/3819
f 3000/4509/3819 3002/4498/3808 3003/4500/3810 2999/4510/3820
f 2999/4510/3820 3003/4500/3810 3004/4502/3812 2998/4511/3821
f 2998/4511/3821 3004/4502/3812 3001/4452/3768 2996/4465/3780
f 2997/4462/3778 3000/4509/3819 3011/4503/3813
f 3011/4503/3813 3000/4509/3819 2999/4510/3820 3012/4505/3815
f 3012/4505/3815 2999/4510/3820 2998/4511/3821 3013/4507/3817
f 3013/4507/3817 2998/4511/3821 2996/4465/3780 3010/4464/3779
f 2996/4465/3780 3001/4452/3768 2983/4451/3767 2966/4466/3781
f 3019/4418/3749 3020/4484/3799 3006/4512/3822 2961/4419/3749
f 3019/4418/3749 3018/4417/3749 2958/4513/3749 2960/4482/3749
f 3020/4484/3799 3008/4514/3801 3009/4515/3801
f 3023/4446/3806 3021/4494/3806 2995/4496/3806 2994/4445/3806
f 3018/4431/3756 3022/4430/3756 2965/4516/3756 2958/4517/3756
f 3022/4430/3756 3021/4494/3756 2992/4493/3756 2965/4516/3756
f 3023/4446/3750 3024/4423/3750 2963/4518/3750 2993/4495/3750
f 3025/4422/3752 3014/4519/3804 2990/4520/3804 2987/4521/3752
f 3024/4423/3750 3025/4422/3752 2987/4521/3752 2963/4518/3750
f 3025/4422/3752 3016/4522/3804 3017/4523/3804 3014/4519/3804
f 3008/4514/3801 3020/4484/3799 3005/4487/3801 3007/4524/3801
f 2965/4476/3785 2969/4475/3785 2973/4435/3759 2958/4436/3760
f 2970/4440/3764 2993/4456/3772 2963/4437/3761
f 3009/4515/3801 3006/4512/3822 3020/4484/3799
f 2995/4469/3776 2967/4463/3776 2962/4492/3776 2994/4525/3776
f 3025/4422/3752 3015/4490/3804 3016/4522/3804
